fixture_id,league,date,kickoff,home,away,site,market,pick,pick_norm,p1,p2,p3,note,scraped_at
2026-09-04|ipswich|vs|liverpool,Premier League,2026-09-04,04/09/2026 21:00,Ipswich Town,Liverpool,forebet,1x2,X,X,22,52,26,avg=3.38,2026-09-04T08:47:22Z
2026-09-04|ipswich|vs|liverpool,Premier League,2026-09-04,04/09/2026 21:00,Ipswich Town,Liverpool,forebet,correct_score,2 - 2,2 - 2,,,,avg=3.38,2026-09-04T08:47:22Z
2026-09-04|ipswich|vs|liverpool,Premier League,2026-09-04,04/09/2026 21:00,Ipswich Town,Liverpool,forebet,over_under,Over,Over,32,68,,,2026-09-04T08:47:22Z
2026-09-04|ipswich|vs|liverpool,Premier League,2026-09-04,04/09/2026 21:00,Ipswich Town,Liverpool,forebet,btts,Yes,Yes,24,76,,,2026-09-04T08:47:22Z
2026-09-05|newcastle|vs|bournemouth,Premier League,2026-09-05,05/09/2026 13:30,Newcastle United,Bournemouth,forebet,1x2,1,1,40,39,20,avg=3.09,2026-09-04T08:47:22Z
2026-09-05|newcastle|vs|bournemouth,Premier League,2026-09-05,05/09/2026 13:30,Newcastle United,Bournemouth,forebet,correct_score,2 - 1,2 - 1,,,,avg=3.09,2026-09-04T08:47:22Z
2026-09-05|newcastle|vs|bournemouth,Premier League,2026-09-05,05/09/2026 13:30,Newcastle United,Bournemouth,forebet,over_under,Over,Over,38,62,,,2026-09-04T08:47:22Z
2026-09-05|newcastle|vs|bournemouth,Premier League,2026-09-05,05/09/2026 13:30,Newcastle United,Bournemouth,forebet,btts,Yes,Yes,33,67,,,2026-09-04T08:47:22Z
2026-09-05|nottingham-forest|vs|tottenham,Premier League,2026-09-05,05/09/2026 16:00,Nottingham Forest,Tottenham,forebet,1x2,1,1,40,29,31,avg=2.64,2026-09-04T08:47:22Z
2026-09-05|nottingham-forest|vs|tottenham,Premier League,2026-09-05,05/09/2026 16:00,Nottingham Forest,Tottenham,forebet,correct_score,2 - 1,2 - 1,,,,avg=2.64,2026-09-04T08:47:22Z
2026-09-05|nottingham-forest|vs|tottenham,Premier League,2026-09-05,05/09/2026 16:00,Nottingham Forest,Tottenham,forebet,over_under,Over,Over,47,53,,,2026-09-04T08:47:22Z
2026-09-05|nottingham-forest|vs|tottenham,Premier League,2026-09-05,05/09/2026 16:00,Nottingham Forest,Tottenham,forebet,btts,Yes,Yes,40,60,,,2026-09-04T08:47:22Z
2026-09-05|manchester-city|vs|coventry,Premier League,2026-09-05,05/09/2026 16:00,Manchester City,Coventry City,forebet,1x2,1,1,60,20,21,avg=2.80,2026-09-04T08:47:22Z
2026-09-05|manchester-city|vs|coventry,Premier League,2026-09-05,05/09/2026 16:00,Manchester City,Coventry City,forebet,correct_score,2 - 1,2 - 1,,,,avg=2.80,2026-09-04T08:47:22Z
2026-09-05|manchester-city|vs|coventry,Premier League,2026-09-05,05/09/2026 16:00,Manchester City,Coventry City,forebet,over_under,Over,Over,44,56,,,2026-09-04T08:47:22Z
2026-09-05|manchester-city|vs|coventry,Premier League,2026-09-05,05/09/2026 16:00,Manchester City,Coventry City,forebet,btts,Yes,Yes,25,75,,,2026-09-04T08:47:22Z
2026-09-05|fulham|vs|crystal-palace,Premier League,2026-09-05,05/09/2026 16:00,Fulham,Crystal Palace,forebet,1x2,1,1,50,29,21,avg=2.58,2026-09-04T08:47:22Z
2026-09-05|fulham|vs|crystal-palace,Premier League,2026-09-05,05/09/2026 16:00,Fulham,Crystal Palace,forebet,correct_score,2 - 1,2 - 1,,,,avg=2.58,2026-09-04T08:47:22Z
2026-09-05|fulham|vs|crystal-palace,Premier League,2026-09-05,05/09/2026 16:00,Fulham,Crystal Palace,forebet,over_under,Over,Over,48,52,,,2026-09-04T08:47:22Z
2026-09-05|fulham|vs|crystal-palace,Premier League,2026-09-05,05/09/2026 16:00,Fulham,Crystal Palace,forebet,btts,Yes,Yes,44,56,,,2026-09-04T08:47:22Z
2026-09-05|brighton|vs|leeds-united,Premier League,2026-09-05,05/09/2026 16:00,Brighton,Leeds United,forebet,1x2,X,X,29,42,28,avg=2.60,2026-09-04T08:47:22Z
2026-09-05|brighton|vs|leeds-united,Premier League,2026-09-05,05/09/2026 16:00,Brighton,Leeds United,forebet,correct_score,3 - 3,3 - 3,,,,avg=2.60,2026-09-04T08:47:22Z
2026-09-05|brighton|vs|leeds-united,Premier League,2026-09-05,05/09/2026 16:00,Brighton,Leeds United,forebet,over_under,Over,Over,48,52,,,2026-09-04T08:47:22Z
2026-09-05|brighton|vs|leeds-united,Premier League,2026-09-05,05/09/2026 16:00,Brighton,Leeds United,forebet,btts,Yes,Yes,28,72,,,2026-09-04T08:47:22Z
2026-09-05|brentford|vs|sunderland,Premier League,2026-09-05,05/09/2026 16:00,Brentford,Sunderland,forebet,1x2,1,1,48,28,24,avg=3.00,2026-09-04T08:47:22Z
2026-09-05|brentford|vs|sunderland,Premier League,2026-09-05,05/09/2026 16:00,Brentford,Sunderland,forebet,correct_score,2 - 1,2 - 1,,,,avg=3.00,2026-09-04T08:47:22Z
2026-09-05|brentford|vs|sunderland,Premier League,2026-09-05,05/09/2026 16:00,Brentford,Sunderland,forebet,over_under,Over,Over,40,60,,,2026-09-04T08:47:22Z
2026-09-05|brentford|vs|sunderland,Premier League,2026-09-05,05/09/2026 16:00,Brentford,Sunderland,forebet,btts,Yes,Yes,41,59,,,2026-09-04T08:47:22Z
2026-09-05|hull|vs|aston-villa,Premier League,2026-09-05,05/09/2026 18:30,Hull City,Aston Villa,forebet,1x2,1,1,63,17,21,avg=2.38,2026-09-04T08:47:22Z
2026-09-05|hull|vs|aston-villa,Premier League,2026-09-05,05/09/2026 18:30,Hull City,Aston Villa,forebet,correct_score,2 - 0,2 - 0,,,,avg=2.38,2026-09-04T08:47:22Z
2026-09-05|hull|vs|aston-villa,Premier League,2026-09-05,05/09/2026 18:30,Hull City,Aston Villa,forebet,over_under,Under,Under,52,48,,,2026-09-04T08:47:22Z
2026-09-05|hull|vs|aston-villa,Premier League,2026-09-05,05/09/2026 18:30,Hull City,Aston Villa,forebet,btts,No,No,51,49,,,2026-09-04T08:47:22Z
2026-09-06|everton|vs|manchester-united,Premier League,2026-09-06,06/09/2026 15:00,Everton,Manchester United,forebet,1x2,2,2,34,30,36,avg=2.83,2026-09-04T08:47:22Z
2026-09-06|everton|vs|manchester-united,Premier League,2026-09-06,06/09/2026 15:00,Everton,Manchester United,forebet,correct_score,1 - 2,1 - 2,,,,avg=2.83,2026-09-04T08:47:22Z
2026-09-06|everton|vs|manchester-united,Premier League,2026-09-06,06/09/2026 15:00,Everton,Manchester United,forebet,over_under,Over,Over,43,57,,,2026-09-04T08:47:22Z
2026-09-06|everton|vs|manchester-united,Premier League,2026-09-06,06/09/2026 15:00,Everton,Manchester United,forebet,btts,Yes,Yes,37,63,,,2026-09-04T08:47:22Z
2026-09-06|arsenal|vs|chelsea,Premier League,2026-09-06,06/09/2026 17:30,Arsenal,Chelsea,forebet,1x2,2,2,32,30,38,avg=2.82,2026-09-04T08:47:22Z
2026-09-06|arsenal|vs|chelsea,Premier League,2026-09-06,06/09/2026 17:30,Arsenal,Chelsea,forebet,correct_score,2 - 3,2 - 3,,,,avg=2.82,2026-09-04T08:47:22Z
2026-09-06|arsenal|vs|chelsea,Premier League,2026-09-06,06/09/2026 17:30,Arsenal,Chelsea,forebet,over_under,Over,Over,44,56,,,2026-09-04T08:47:22Z
2026-09-06|arsenal|vs|chelsea,Premier League,2026-09-06,06/09/2026 17:30,Arsenal,Chelsea,forebet,btts,Yes,Yes,19,81,,,2026-09-04T08:47:22Z
2026-08-28|crystal-palace|vs|manchester-city,Premier League,2026-08-28,28/08/2026 21:00,Crystal Palace,Manchester City,forebet,1x2,2,2,14,27,60,avg=2.85,2026-09-04T08:47:22Z
2026-08-28|crystal-palace|vs|manchester-city,Premier League,2026-08-28,28/08/2026 21:00,Crystal Palace,Manchester City,forebet,correct_score,0 - 3,0 - 3,,,,avg=2.85,2026-09-04T08:47:22Z
2026-08-28|crystal-palace|vs|manchester-city,Premier League,2026-08-28,28/08/2026 21:00,Crystal Palace,Manchester City,forebet,over_under,Over,Over,43,57,,,2026-09-04T08:47:22Z
2026-08-28|crystal-palace|vs|manchester-city,Premier League,2026-08-28,28/08/2026 21:00,Crystal Palace,Manchester City,forebet,btts,No,No,51,49,,,2026-09-04T08:47:22Z
2026-08-29|liverpool|vs|nottingham-forest,Premier League,2026-08-29,29/08/2026 13:30,Liverpool,Nottingham Forest,forebet,1x2,1,1,56,25,19,avg=2.45,2026-09-04T08:47:22Z
2026-08-29|liverpool|vs|nottingham-forest,Premier League,2026-08-29,29/08/2026 13:30,Liverpool,Nottingham Forest,forebet,correct_score,1 - 0,1 - 0,,,,avg=2.45,2026-09-04T08:47:22Z
2026-08-29|liverpool|vs|nottingham-forest,Premier League,2026-08-29,29/08/2026 13:30,Liverpool,Nottingham Forest,forebet,over_under,Under,Under,51,49,,,2026-09-04T08:47:22Z
2026-08-29|liverpool|vs|nottingham-forest,Premier League,2026-08-29,29/08/2026 13:30,Liverpool,Nottingham Forest,forebet,btts,No,No,51,49,,,2026-09-04T08:47:22Z
2026-08-29|coventry|vs|hull,Premier League,2026-08-29,29/08/2026 16:00,Coventry City,Hull City,forebet,1x2,2,2,14,24,62,avg=0.93,2026-09-04T08:47:22Z
2026-08-29|coventry|vs|hull,Premier League,2026-08-29,29/08/2026 16:00,Coventry City,Hull City,forebet,correct_score,0 - 2,0 - 2,,,,avg=0.93,2026-09-04T08:47:22Z
2026-08-29|coventry|vs|hull,Premier League,2026-08-29,29/08/2026 16:00,Coventry City,Hull City,forebet,over_under,Under,Under,81,19,,,2026-09-04T08:47:22Z
2026-08-29|coventry|vs|hull,Premier League,2026-08-29,29/08/2026 16:00,Coventry City,Hull City,forebet,btts,No,No,51,49,,,2026-09-04T08:47:22Z
2026-08-29|bournemouth|vs|everton,Premier League,2026-08-29,29/08/2026 16:00,Bournemouth,Everton,forebet,1x2,2,2,27,26,46,avg=2.86,2026-09-04T08:47:22Z
2026-08-29|bournemouth|vs|everton,Premier League,2026-08-29,29/08/2026 16:00,Bournemouth,Everton,forebet,correct_score,1 - 2,1 - 2,,,,avg=2.86,2026-09-04T08:47:22Z
2026-08-29|bournemouth|vs|everton,Premier League,2026-08-29,29/08/2026 16:00,Bournemouth,Everton,forebet,over_under,Over,Over,43,57,,,2026-09-04T08:47:22Z
2026-08-29|bournemouth|vs|everton,Premier League,2026-08-29,29/08/2026 16:00,Bournemouth,Everton,forebet,btts,Yes,Yes,40,60,,,2026-09-04T08:47:22Z
2026-08-29|tottenham|vs|newcastle,Premier League,2026-08-29,29/08/2026 18:30,Tottenham,Newcastle United,forebet,1x2,X,X,23,45,32,avg=2.00,2026-09-04T08:47:22Z
2026-08-29|tottenham|vs|newcastle,Premier League,2026-08-29,29/08/2026 18:30,Tottenham,Newcastle United,forebet,correct_score,1 - 1,1 - 1,,,,avg=2.00,2026-09-04T08:47:22Z
2026-08-29|tottenham|vs|newcastle,Premier League,2026-08-29,29/08/2026 18:30,Tottenham,Newcastle United,forebet,over_under,Under,Under,60,40,,,2026-09-04T08:47:22Z
2026-08-29|tottenham|vs|newcastle,Premier League,2026-08-29,29/08/2026 18:30,Tottenham,Newcastle United,forebet,btts,Yes,Yes,41,59,,,2026-09-04T08:47:22Z
2026-08-30|sunderland|vs|fulham,Premier League,2026-08-30,30/08/2026 15:00,Sunderland,Fulham,forebet,1x2,1,1,46,34,20,avg=2.31,2026-09-04T08:47:22Z
2026-08-30|sunderland|vs|fulham,Premier League,2026-08-30,30/08/2026 15:00,Sunderland,Fulham,forebet,correct_score,1 - 0,1 - 0,,,,avg=2.31,2026-09-04T08:47:22Z
2026-08-30|sunderland|vs|fulham,Premier League,2026-08-30,30/08/2026 15:00,Sunderland,Fulham,forebet,over_under,Under,Under,54,46,,,2026-09-04T08:47:22Z
2026-08-30|sunderland|vs|fulham,Premier League,2026-08-30,30/08/2026 15:00,Sunderland,Fulham,forebet,btts,No,No,59,41,,,2026-09-04T08:47:22Z
2026-08-30|leeds-united|vs|brentford,Premier League,2026-08-30,30/08/2026 15:00,Leeds United,Brentford,forebet,1x2,2,2,24,32,44,avg=2.39,2026-09-04T08:47:22Z
2026-08-30|leeds-united|vs|brentford,Premier League,2026-08-30,30/08/2026 15:00,Leeds United,Brentford,forebet,correct_score,0 - 2,0 - 2,,,,avg=2.39,2026-09-04T08:47:22Z
2026-08-30|leeds-united|vs|brentford,Premier League,2026-08-30,30/08/2026 15:00,Leeds United,Brentford,forebet,over_under,Under,Under,52,48,,,2026-09-04T08:47:22Z
2026-08-30|leeds-united|vs|brentford,Premier League,2026-08-30,30/08/2026 15:00,Leeds United,Brentford,forebet,btts,No,No,50,50,,,2026-09-04T08:47:22Z
2026-08-30|chelsea|vs|brighton,Premier League,2026-08-30,30/08/2026 15:00,Chelsea,Brighton,forebet,1x2,X,X,28,38,33,avg=2.00,2026-09-04T08:47:22Z
2026-08-30|chelsea|vs|brighton,Premier League,2026-08-30,30/08/2026 15:00,Chelsea,Brighton,forebet,correct_score,1 - 1,1 - 1,,,,avg=2.00,2026-09-04T08:47:22Z
2026-08-30|chelsea|vs|brighton,Premier League,2026-08-30,30/08/2026 15:00,Chelsea,Brighton,forebet,over_under,Under,Under,60,40,,,2026-09-04T08:47:22Z
2026-08-30|chelsea|vs|brighton,Premier League,2026-08-30,30/08/2026 15:00,Chelsea,Brighton,forebet,btts,Yes,Yes,38,62,,,2026-09-04T08:47:22Z
2026-08-30|manchester-united|vs|ipswich,Premier League,2026-08-30,30/08/2026 17:30,Manchester United,Ipswich Town,forebet,1x2,1,1,41,22,37,avg=3.02,2026-09-04T08:47:22Z
2026-08-30|manchester-united|vs|ipswich,Premier League,2026-08-30,30/08/2026 17:30,Manchester United,Ipswich Town,forebet,correct_score,2 - 1,2 - 1,,,,avg=3.02,2026-09-04T08:47:22Z
2026-08-30|manchester-united|vs|ipswich,Premier League,2026-08-30,30/08/2026 17:30,Manchester United,Ipswich Town,forebet,over_under,Over,Over,40,60,,,2026-09-04T08:47:22Z
2026-08-30|manchester-united|vs|ipswich,Premier League,2026-08-30,30/08/2026 17:30,Manchester United,Ipswich Town,forebet,btts,Yes,Yes,30,70,,,2026-09-04T08:47:22Z
2026-08-31|aston-villa|vs|arsenal,Premier League,2026-08-31,31/08/2026 21:00,Aston Villa,Arsenal,forebet,1x2,2,2,20,15,66,avg=2.75,2026-09-04T08:47:22Z
2026-08-31|aston-villa|vs|arsenal,Premier League,2026-08-31,31/08/2026 21:00,Aston Villa,Arsenal,forebet,correct_score,0 - 3,0 - 3,,,,avg=2.75,2026-09-04T08:47:22Z
2026-08-31|aston-villa|vs|arsenal,Premier League,2026-08-31,31/08/2026 21:00,Aston Villa,Arsenal,forebet,over_under,Over,Over,45,55,,,2026-09-04T08:47:22Z
2026-08-31|aston-villa|vs|arsenal,Premier League,2026-08-31,31/08/2026 21:00,Aston Villa,Arsenal,forebet,btts,No,No,51,49,,,2026-09-04T08:47:22Z
2026-09-04|sparta-rotterdam|vs|pec-zwolle,Eredivisie,2026-09-04,04/09/2026 20:00,Sparta Rotterdam,PEC Zwolle,forebet,1x2,1,1,,,,,2026-09-04T08:47:22Z
2026-09-04|sparta-rotterdam|vs|pec-zwolle,Eredivisie,2026-09-04,04/09/2026 20:00,Sparta Rotterdam,PEC Zwolle,forebet,correct_score,2 - 1,2 - 1,,,,avg=2.91,2026-09-01T12:33:21Z
2026-09-04|sparta-rotterdam|vs|pec-zwolle,Eredivisie,2026-09-04,04/09/2026 20:00,Sparta Rotterdam,PEC Zwolle,forebet,over_under,Over,Over,42,58,,,2026-09-01T12:33:21Z
2026-09-04|sparta-rotterdam|vs|pec-zwolle,Eredivisie,2026-09-04,04/09/2026 20:00,Sparta Rotterdam,PEC Zwolle,forebet,btts,Yes,Yes,39,61,,,2026-09-01T12:33:21Z
2026-09-04|real-betis|vs|real-madrid,La Liga,2026-09-04,04/09/2026 21:00,Real Betis,Real Madrid,forebet,1x2,2,2,19,30,51,avg=2.32,2026-09-04T08:47:22Z
2026-09-04|real-betis|vs|real-madrid,La Liga,2026-09-04,04/09/2026 21:00,Real Betis,Real Madrid,forebet,correct_score,0 - 2,0 - 2,,,,avg=2.32,2026-09-04T08:47:22Z
2026-09-04|real-betis|vs|real-madrid,La Liga,2026-09-04,04/09/2026 21:00,Real Betis,Real Madrid,forebet,over_under,Under,Under,54,46,,,2026-09-04T08:47:22Z
2026-09-04|real-betis|vs|real-madrid,La Liga,2026-09-04,04/09/2026 21:00,Real Betis,Real Madrid,forebet,btts,No,No,51,49,,,2026-09-04T08:47:22Z
2026-09-05|athletic-bilbao|vs|atl-tico-madrid,La Liga,2026-09-05,05/09/2026 16:15,Athletic Bilbao,Atlético Madrid,forebet,1x2,2,2,22,26,52,avg=3.30,2026-09-04T08:47:22Z
2026-09-05|athletic-bilbao|vs|atl-tico-madrid,La Liga,2026-09-05,05/09/2026 16:15,Athletic Bilbao,Atlético Madrid,forebet,correct_score,1 - 3,1 - 3,,,,avg=3.30,2026-09-04T08:47:22Z
2026-09-05|athletic-bilbao|vs|atl-tico-madrid,La Liga,2026-09-05,05/09/2026 16:15,Athletic Bilbao,Atlético Madrid,forebet,over_under,Over,Over,34,66,,,2026-09-04T08:47:22Z
2026-09-05|athletic-bilbao|vs|atl-tico-madrid,La Liga,2026-09-05,05/09/2026 16:15,Athletic Bilbao,Atlético Madrid,forebet,btts,Yes,Yes,27,73,,,2026-09-04T08:47:22Z
2026-09-05|rayo-vallecano|vs|racing-santander,La Liga,2026-09-05,05/09/2026 18:30,Rayo Vallecano,Racing Santander,forebet,1x2,X,X,36,38,26,avg=2.65,2026-09-04T08:47:22Z
2026-09-05|rayo-vallecano|vs|racing-santander,La Liga,2026-09-05,05/09/2026 18:30,Rayo Vallecano,Racing Santander,forebet,correct_score,2 - 2,2 - 2,,,,avg=2.65,2026-09-04T08:47:22Z
2026-09-05|rayo-vallecano|vs|racing-santander,La Liga,2026-09-05,05/09/2026 18:30,Rayo Vallecano,Racing Santander,forebet,over_under,Over,Over,47,53,,,2026-09-04T08:47:22Z
2026-09-05|rayo-vallecano|vs|racing-santander,La Liga,2026-09-05,05/09/2026 18:30,Rayo Vallecano,Racing Santander,forebet,btts,Yes,Yes,34,66,,,2026-09-04T08:47:22Z
2026-09-05|villarreal|vs|deportivo-la-coru-a,La Liga,2026-09-05,05/09/2026 21:00,Villarreal,Deportivo La Coruña,forebet,1x2,X,X,32,38,30,avg=2.17,2026-09-04T08:47:22Z
2026-09-05|villarreal|vs|deportivo-la-coru-a,La Liga,2026-09-05,05/09/2026 21:00,Villarreal,Deportivo La Coruña,forebet,correct_score,0 - 0,0 - 0,,,,avg=2.17,2026-09-04T08:47:22Z
2026-09-05|villarreal|vs|deportivo-la-coru-a,La Liga,2026-09-05,05/09/2026 21:00,Villarreal,Deportivo La Coruña,forebet,over_under,Under,Under,57,43,,,2026-09-04T08:47:22Z
2026-09-05|villarreal|vs|deportivo-la-coru-a,La Liga,2026-09-05,05/09/2026 21:00,Villarreal,Deportivo La Coruña,forebet,btts,No,No,54,46,,,2026-09-04T08:47:22Z
2026-09-06|valencia|vs|barcelona,La Liga,2026-09-06,06/09/2026 16:15,Valencia,Barcelona,forebet,1x2,2,2,16,17,67,avg=2.65,2026-09-04T08:47:22Z
2026-09-06|valencia|vs|barcelona,La Liga,2026-09-06,06/09/2026 16:15,Valencia,Barcelona,forebet,correct_score,1 - 2,1 - 2,,,,avg=2.65,2026-09-04T08:47:22Z
2026-09-06|valencia|vs|barcelona,La Liga,2026-09-06,06/09/2026 16:15,Valencia,Barcelona,forebet,over_under,Over,Over,47,53,,,2026-09-04T08:47:22Z
2026-09-06|valencia|vs|barcelona,La Liga,2026-09-06,06/09/2026 16:15,Valencia,Barcelona,forebet,btts,Yes,Yes,43,57,,,2026-09-04T08:47:22Z
2026-09-06|m-laga-cf|vs|levante,La Liga,2026-09-06,06/09/2026 18:30,Málaga CF,Levante,forebet,1x2,1,1,36,31,33,avg=1.90,2026-09-04T08:47:22Z
2026-09-06|m-laga-cf|vs|levante,La Liga,2026-09-06,06/09/2026 18:30,Málaga CF,Levante,forebet,correct_score,2 - 0,2 - 0,,,,avg=1.90,2026-09-04T08:47:22Z
2026-09-06|m-laga-cf|vs|levante,La Liga,2026-09-06,06/09/2026 18:30,Málaga CF,Levante,forebet,over_under,Under,Under,62,38,,,2026-09-04T08:47:22Z
2026-09-06|m-laga-cf|vs|levante,La Liga,2026-09-06,06/09/2026 18:30,Málaga CF,Levante,forebet,btts,No,No,63,37,,,2026-09-04T08:47:22Z
2026-09-06|deportivo-alav-s|vs|osasuna,La Liga,2026-09-06,06/09/2026 18:30,Deportivo Alavés,Osasuna,forebet,1x2,X,X,27,37,35,avg=2.41,2026-09-04T08:47:22Z
2026-09-06|deportivo-alav-s|vs|osasuna,La Liga,2026-09-06,06/09/2026 18:30,Deportivo Alavés,Osasuna,forebet,correct_score,1 - 1,1 - 1,,,,avg=2.41,2026-09-04T08:47:22Z
2026-09-06|deportivo-alav-s|vs|osasuna,La Liga,2026-09-06,06/09/2026 18:30,Deportivo Alavés,Osasuna,forebet,over_under,Under,Under,52,48,,,2026-09-04T08:47:22Z
2026-09-06|deportivo-alav-s|vs|osasuna,La Liga,2026-09-06,06/09/2026 18:30,Deportivo Alavés,Osasuna,forebet,btts,Yes,Yes,43,57,,,2026-09-04T08:47:22Z
2026-09-06|espanyol|vs|sevilla,La Liga,2026-09-06,06/09/2026 21:00,Espanyol,Sevilla,forebet,1x2,2,2,27,23,50,avg=3.17,2026-09-04T08:47:22Z
2026-09-06|espanyol|vs|sevilla,La Liga,2026-09-06,06/09/2026 21:00,Espanyol,Sevilla,forebet,correct_score,1 - 2,1 - 2,,,,avg=3.17,2026-09-04T08:47:22Z
2026-09-06|espanyol|vs|sevilla,La Liga,2026-09-06,06/09/2026 21:00,Espanyol,Sevilla,forebet,over_under,Over,Over,37,63,,,2026-09-04T08:47:22Z
2026-09-06|espanyol|vs|sevilla,La Liga,2026-09-06,06/09/2026 21:00,Espanyol,Sevilla,forebet,btts,Yes,Yes,28,72,,,2026-09-04T08:47:22Z
2026-09-07|getafe|vs|celta-vigo,La Liga,2026-09-07,07/09/2026 19:00,Getafe,Celta Vigo,forebet,1x2,X,X,34,43,24,avg=2.12,2026-09-04T08:47:22Z
2026-09-07|getafe|vs|celta-vigo,La Liga,2026-09-07,07/09/2026 19:00,Getafe,Celta Vigo,forebet,correct_score,1 - 1,1 - 1,,,,avg=2.12,2026-09-04T08:47:22Z
2026-09-07|getafe|vs|celta-vigo,La Liga,2026-09-07,07/09/2026 19:00,Getafe,Celta Vigo,forebet,over_under,Under,Under,58,42,,,2026-09-04T08:47:22Z
2026-09-07|getafe|vs|celta-vigo,La Liga,2026-09-07,07/09/2026 19:00,Getafe,Celta Vigo,forebet,btts,Yes,Yes,47,53,,,2026-09-04T08:47:22Z
2026-09-07|elche|vs|real-sociedad,La Liga,2026-09-07,07/09/2026 21:30,Elche,Real Sociedad,forebet,1x2,X,X,32,35,33,avg=2.45,2026-09-04T08:47:22Z
2026-09-07|elche|vs|real-sociedad,La Liga,2026-09-07,07/09/2026 21:30,Elche,Real Sociedad,forebet,correct_score,0 - 0,0 - 0,,,,avg=2.45,2026-09-04T08:47:22Z
2026-09-07|elche|vs|real-sociedad,La Liga,2026-09-07,07/09/2026 21:30,Elche,Real Sociedad,forebet,over_under,Under,Under,51,49,,,2026-09-04T08:47:22Z
2026-09-07|elche|vs|real-sociedad,La Liga,2026-09-07,07/09/2026 21:30,Elche,Real Sociedad,forebet,btts,No,No,53,47,,,2026-09-04T08:47:22Z
2026-08-28|racing-santander|vs|elche,La Liga,2026-08-28,28/08/2026 19:00,Racing Santander,Elche,forebet,1x2,X,X,39,45,16,avg=2.45,2026-09-04T08:47:22Z
2026-08-28|racing-santander|vs|elche,La Liga,2026-08-28,28/08/2026 19:00,Racing Santander,Elche,forebet,correct_score,1 - 1,1 - 1,,,,avg=2.45,2026-09-04T08:47:22Z
2026-08-28|racing-santander|vs|elche,La Liga,2026-08-28,28/08/2026 19:00,Racing Santander,Elche,forebet,over_under,Under,Under,51,49,,,2026-09-04T08:47:22Z
2026-08-28|racing-santander|vs|elche,La Liga,2026-08-28,28/08/2026 19:00,Racing Santander,Elche,forebet,btts,Yes,Yes,35,65,,,2026-09-04T08:47:22Z
2026-08-28|deportivo-alav-s|vs|villarreal,La Liga,2026-08-28,28/08/2026 21:30,Deportivo Alavés,Villarreal,forebet,1x2,X,X,33,46,22,avg=2.72,2026-09-04T08:47:22Z
2026-08-28|deportivo-alav-s|vs|villarreal,La Liga,2026-08-28,28/08/2026 21:30,Deportivo Alavés,Villarreal,forebet,correct_score,2 - 2,2 - 2,,,,avg=2.72,2026-09-04T08:47:22Z
2026-08-28|deportivo-alav-s|vs|villarreal,La Liga,2026-08-28,28/08/2026 21:30,Deportivo Alavés,Villarreal,forebet,over_under,Over,Over,46,54,,,2026-09-04T08:47:22Z
2026-08-28|deportivo-alav-s|vs|villarreal,La Liga,2026-08-28,28/08/2026 21:30,Deportivo Alavés,Villarreal,forebet,btts,Yes,Yes,32,68,,,2026-09-04T08:47:22Z
2026-08-29|levante|vs|real-betis,La Liga,2026-08-29,29/08/2026 17:00,Levante,Real Betis,forebet,1x2,2,2,21,20,60,avg=2.99,2026-09-04T08:47:22Z
2026-08-29|levante|vs|real-betis,La Liga,2026-08-29,29/08/2026 17:00,Levante,Real Betis,forebet,correct_score,1 - 2,1 - 2,,,,avg=2.99,2026-09-04T08:47:22Z
2026-08-29|levante|vs|real-betis,La Liga,2026-08-29,29/08/2026 17:00,Levante,Real Betis,forebet,over_under,Over,Over,40,60,,,2026-09-04T08:47:22Z
2026-08-29|levante|vs|real-betis,La Liga,2026-08-29,29/08/2026 17:00,Levante,Real Betis,forebet,btts,Yes,Yes,37,63,,,2026-09-04T08:47:22Z
2026-08-29|real-sociedad|vs|espanyol,La Liga,2026-08-29,29/08/2026 19:00,Real Sociedad,Espanyol,forebet,1x2,2,2,37,22,41,avg=2.87,2026-09-04T08:47:22Z
2026-08-29|real-sociedad|vs|espanyol,La Liga,2026-08-29,29/08/2026 19:00,Real Sociedad,Espanyol,forebet,correct_score,1 - 2,1 - 2,,,,avg=2.87,2026-09-04T08:47:22Z
2026-08-29|real-sociedad|vs|espanyol,La Liga,2026-08-29,29/08/2026 19:00,Real Sociedad,Espanyol,forebet,over_under,Over,Over,43,57,,,2026-09-04T08:47:22Z
2026-08-29|real-sociedad|vs|espanyol,La Liga,2026-08-29,29/08/2026 19:00,Real Sociedad,Espanyol,forebet,btts,Yes,Yes,39,61,,,2026-09-04T08:47:22Z
2026-08-29|sevilla|vs|atl-tico-madrid,La Liga,2026-08-29,29/08/2026 21:30,Sevilla,Atlético Madrid,forebet,1x2,X,X,28,40,33,avg=2.65,2026-09-04T08:47:22Z
2026-08-29|sevilla|vs|atl-tico-madrid,La Liga,2026-08-29,29/08/2026 21:30,Sevilla,Atlético Madrid,forebet,correct_score,2 - 2,2 - 2,,,,avg=2.65,2026-09-04T08:47:22Z
2026-08-29|sevilla|vs|atl-tico-madrid,La Liga,2026-08-29,29/08/2026 21:30,Sevilla,Atlético Madrid,forebet,over_under,Over,Over,47,53,,,2026-09-04T08:47:22Z
2026-08-29|sevilla|vs|atl-tico-madrid,La Liga,2026-08-29,29/08/2026 21:30,Sevilla,Atlético Madrid,forebet,btts,Yes,Yes,32,68,,,2026-09-04T08:47:22Z
2026-08-30|real-madrid|vs|m-laga-cf,La Liga,2026-08-30,30/08/2026 17:00,Real Madrid,Málaga CF,forebet,1x2,1,1,72,22,5,avg=3.33,2026-09-04T08:47:22Z
2026-08-30|real-madrid|vs|m-laga-cf,La Liga,2026-08-30,30/08/2026 17:00,Real Madrid,Málaga CF,forebet,correct_score,2 - 1,2 - 1,,,,avg=3.33,2026-09-04T08:47:22Z
2026-08-30|real-madrid|vs|m-laga-cf,La Liga,2026-08-30,30/08/2026 17:00,Real Madrid,Málaga CF,forebet,over_under,Over,Over,33,67,,,2026-09-04T08:47:22Z
2026-08-30|real-madrid|vs|m-laga-cf,La Liga,2026-08-30,30/08/2026 17:00,Real Madrid,Málaga CF,forebet,btts,Yes,Yes,25,75,,,2026-09-04T08:47:22Z
2026-08-30|deportivo-la-coru-a|vs|valencia,La Liga,2026-08-30,30/08/2026 19:30,Deportivo La Coruña,Valencia,forebet,1x2,X,X,35,42,22,avg=2.00,2026-09-04T08:47:22Z
2026-08-30|deportivo-la-coru-a|vs|valencia,La Liga,2026-08-30,30/08/2026 19:30,Deportivo La Coruña,Valencia,forebet,correct_score,1 - 1,1 - 1,,,,avg=2.00,2026-09-04T08:47:22Z
2026-08-30|deportivo-la-coru-a|vs|valencia,La Liga,2026-08-30,30/08/2026 19:30,Deportivo La Coruña,Valencia,forebet,over_under,Under,Under,60,40,,,2026-09-04T08:47:22Z
2026-08-30|deportivo-la-coru-a|vs|valencia,La Liga,2026-08-30,30/08/2026 19:30,Deportivo La Coruña,Valencia,forebet,btts,Yes,Yes,43,57,,,2026-09-04T08:47:22Z
2026-08-30|celta-vigo|vs|athletic-bilbao,La Liga,2026-08-30,30/08/2026 21:30,Celta Vigo,Athletic Bilbao,forebet,1x2,1,1,50,27,24,avg=2.82,2026-09-04T08:47:22Z
2026-08-30|celta-vigo|vs|athletic-bilbao,La Liga,2026-08-30,30/08/2026 21:30,Celta Vigo,Athletic Bilbao,forebet,correct_score,2 - 1,2 - 1,,,,avg=2.82,2026-09-04T08:47:22Z
2026-08-30|celta-vigo|vs|athletic-bilbao,La Liga,2026-08-30,30/08/2026 21:30,Celta Vigo,Athletic Bilbao,forebet,over_under,Over,Over,44,56,,,2026-09-04T08:47:22Z
2026-08-30|celta-vigo|vs|athletic-bilbao,La Liga,2026-08-30,30/08/2026 21:30,Celta Vigo,Athletic Bilbao,forebet,btts,Yes,Yes,42,58,,,2026-09-04T08:47:22Z
2026-08-31|osasuna|vs|getafe,La Liga,2026-08-31,31/08/2026 19:30,Osasuna,Getafe,forebet,1x2,1,1,35,32,33,avg=2.18,2026-09-04T08:47:22Z
2026-08-31|osasuna|vs|getafe,La Liga,2026-08-31,31/08/2026 19:30,Osasuna,Getafe,forebet,correct_score,1 - 0,1 - 0,,,,avg=2.18,2026-09-04T08:47:22Z
2026-08-31|osasuna|vs|getafe,La Liga,2026-08-31,31/08/2026 19:30,Osasuna,Getafe,forebet,over_under,Under,Under,56,44,,,2026-09-04T08:47:22Z
2026-08-31|osasuna|vs|getafe,La Liga,2026-08-31,31/08/2026 19:30,Osasuna,Getafe,forebet,btts,No,No,58,42,,,2026-09-04T08:47:22Z
2026-08-31|barcelona|vs|rayo-vallecano,La Liga,2026-08-31,31/08/2026 21:30,Barcelona,Rayo Vallecano,forebet,1x2,1,1,67,24,9,avg=3.24,2026-09-04T08:47:22Z
2026-08-31|barcelona|vs|rayo-vallecano,La Liga,2026-08-31,31/08/2026 21:30,Barcelona,Rayo Vallecano,forebet,correct_score,4 - 0,4 - 0,,,,avg=3.24,2026-09-04T08:47:22Z
2026-08-31|barcelona|vs|rayo-vallecano,La Liga,2026-08-31,31/08/2026 21:30,Barcelona,Rayo Vallecano,forebet,over_under,Over,Over,35,65,,,2026-09-04T08:47:22Z
2026-08-31|barcelona|vs|rayo-vallecano,La Liga,2026-08-31,31/08/2026 21:30,Barcelona,Rayo Vallecano,forebet,btts,No,No,51,49,,,2026-09-04T08:47:22Z
2026-09-03|real-sociedad|vs|celta-vigo,La Liga,2026-09-03,03/09/2026 21:00,Real Sociedad,Celta Vigo,forebet,1x2,1,1,44,38,18,avg=2.10,2026-09-04T08:47:22Z
2026-09-03|real-sociedad|vs|celta-vigo,La Liga,2026-09-03,03/09/2026 21:00,Real Sociedad,Celta Vigo,forebet,correct_score,2 - 0,2 - 0,,,,avg=2.10,2026-09-04T08:47:22Z
2026-09-03|real-sociedad|vs|celta-vigo,La Liga,2026-09-03,03/09/2026 21:00,Real Sociedad,Celta Vigo,forebet,over_under,Under,Under,58,42,,,2026-09-04T08:47:22Z
2026-09-03|real-sociedad|vs|celta-vigo,La Liga,2026-09-03,03/09/2026 21:00,Real Sociedad,Celta Vigo,forebet,btts,No,No,69,31,,,2026-09-04T08:47:22Z
2026-09-04|stuttgart|vs|fc-koln,Bundesliga,2026-09-04,04/09/2026 20:30,Stuttgart,Köln,forebet,1x2,2,2,31,23,47,avg=2.70,2026-09-04T08:47:22Z
2026-09-04|stuttgart|vs|fc-koln,Bundesliga,2026-09-04,04/09/2026 20:30,Stuttgart,Köln,forebet,correct_score,1 - 2,1 - 2,,,,avg=2.70,2026-09-04T08:47:22Z
2026-09-04|stuttgart|vs|fc-koln,Bundesliga,2026-09-04,04/09/2026 20:30,Stuttgart,Köln,forebet,over_under,Over,Over,46,54,,,2026-09-04T08:47:22Z
2026-09-04|stuttgart|vs|fc-koln,Bundesliga,2026-09-04,04/09/2026 20:30,Stuttgart,Köln,forebet,btts,Yes,Yes,33,67,,,2026-09-04T08:47:22Z
2026-09-05|paderborn|vs|freiburg,Bundesliga,2026-09-05,05/09/2026 15:30,Paderborn,Freiburg,forebet,1x2,2,2,25,27,48,avg=2.87,2026-09-04T08:47:22Z
2026-09-05|paderborn|vs|freiburg,Bundesliga,2026-09-05,05/09/2026 15:30,Paderborn,Freiburg,forebet,correct_score,1 - 2,1 - 2,,,,avg=2.87,2026-09-04T08:47:22Z
2026-09-05|paderborn|vs|freiburg,Bundesliga,2026-09-05,05/09/2026 15:30,Paderborn,Freiburg,forebet,over_under,Over,Over,43,57,,,2026-09-04T08:47:22Z
2026-09-05|paderborn|vs|freiburg,Bundesliga,2026-09-05,05/09/2026 15:30,Paderborn,Freiburg,forebet,btts,Yes,Yes,34,66,,,2026-09-04T08:47:22Z
2026-09-05|werder-bremen|vs|rb-leipzig,Bundesliga,2026-09-05,05/09/2026 15:30,Werder Bremen,RB Leipzig,forebet,1x2,2,2,15,21,64,avg=2.91,2026-09-04T08:47:22Z
2026-09-05|werder-bremen|vs|rb-leipzig,Bundesliga,2026-09-05,05/09/2026 15:30,Werder Bremen,RB Leipzig,forebet,correct_score,1 - 2,1 - 2,,,,avg=2.91,2026-09-04T08:47:22Z
2026-09-05|werder-bremen|vs|rb-leipzig,Bundesliga,2026-09-05,05/09/2026 15:30,Werder Bremen,RB Leipzig,forebet,over_under,Over,Over,42,58,,,2026-09-04T08:47:22Z
2026-09-05|werder-bremen|vs|rb-leipzig,Bundesliga,2026-09-05,05/09/2026 15:30,Werder Bremen,RB Leipzig,forebet,btts,Yes,Yes,36,64,,,2026-09-04T08:47:22Z
2026-09-05|borussia-m-gladbach|vs|elversberg,Bundesliga,2026-09-05,05/09/2026 15:30,Borussia M'gladbach,SV Elversberg,forebet,1x2,2,2,36,22,42,avg=3.91,2026-09-04T08:47:22Z
2026-09-05|borussia-m-gladbach|vs|elversberg,Bundesliga,2026-09-05,05/09/2026 15:30,Borussia M'gladbach,SV Elversberg,forebet,correct_score,1 - 3,1 - 3,,,,avg=3.91,2026-09-04T08:47:22Z
2026-09-05|borussia-m-gladbach|vs|elversberg,Bundesliga,2026-09-05,05/09/2026 15:30,Borussia M'gladbach,SV Elversberg,forebet,over_under,Over,Over,22,78,,,2026-09-04T08:47:22Z
2026-09-05|borussia-m-gladbach|vs|elversberg,Bundesliga,2026-09-05,05/09/2026 15:30,Borussia M'gladbach,SV Elversberg,forebet,btts,Yes,Yes,25,75,,,2026-09-04T08:47:22Z
2026-09-05|bayer-leverkusen|vs|union-berlin,Bundesliga,2026-09-05,05/09/2026 15:30,Bayer Leverkusen,Union Berlin,forebet,1x2,X,X,36,39,25,avg=2.87,2026-09-04T08:47:22Z
2026-09-05|bayer-leverkusen|vs|union-berlin,Bundesliga,2026-09-05,05/09/2026 15:30,Bayer Leverkusen,Union Berlin,forebet,correct_score,2 - 2,2 - 2,,,,avg=2.87,2026-09-04T08:47:22Z
2026-09-05|bayer-leverkusen|vs|union-berlin,Bundesliga,2026-09-05,05/09/2026 15:30,Bayer Leverkusen,Union Berlin,forebet,over_under,Over,Over,43,57,,,2026-09-04T08:47:22Z
2026-09-05|bayer-leverkusen|vs|union-berlin,Bundesliga,2026-09-05,05/09/2026 15:30,Bayer Leverkusen,Union Berlin,forebet,btts,Yes,Yes,29,71,,,2026-09-04T08:47:22Z
2026-09-05|hoffenheim|vs|borussia-dortmund,Bundesliga,2026-09-05,05/09/2026 15:30,Hoffenheim,Borussia Dortmund,forebet,1x2,2,2,22,24,55,avg=3.07,2026-09-04T08:47:22Z
2026-09-05|hoffenheim|vs|borussia-dortmund,Bundesliga,2026-09-05,05/09/2026 15:30,Hoffenheim,Borussia Dortmund,forebet,correct_score,1 - 3,1 - 3,,,,avg=3.07,2026-09-04T08:47:22Z
2026-09-05|hoffenheim|vs|borussia-dortmund,Bundesliga,2026-09-05,05/09/2026 15:30,Hoffenheim,Borussia Dortmund,forebet,over_under,Over,Over,39,61,,,2026-09-04T08:47:22Z
2026-09-05|hoffenheim|vs|borussia-dortmund,Bundesliga,2026-09-05,05/09/2026 15:30,Hoffenheim,Borussia Dortmund,forebet,btts,Yes,Yes,21,79,,,2026-09-04T08:47:22Z
2026-09-05|schalke-04|vs|bayern-munich,Bundesliga,2026-09-05,05/09/2026 18:30,Schalke 04,Bayern Munich,forebet,1x2,2,2,8,11,81,avg=3.51,2026-09-04T08:47:22Z
2026-09-05|schalke-04|vs|bayern-munich,Bundesliga,2026-09-05,05/09/2026 18:30,Schalke 04,Bayern Munich,forebet,correct_score,1 - 3,1 - 3,,,,avg=3.51,2026-09-04T08:47:22Z
2026-09-05|schalke-04|vs|bayern-munich,Bundesliga,2026-09-05,05/09/2026 18:30,Schalke 04,Bayern Munich,forebet,over_under,Over,Over,30,70,,,2026-09-04T08:47:22Z
2026-09-05|schalke-04|vs|bayern-munich,Bundesliga,2026-09-05,05/09/2026 18:30,Schalke 04,Bayern Munich,forebet,btts,Yes,Yes,22,78,,,2026-09-04T08:47:22Z
2026-09-06|hamburger-sv|vs|mainz-05,Bundesliga,2026-09-06,06/09/2026 15:30,Hamburger SV,Mainz,forebet,1x2,X,X,23,43,35,avg=2.00,2026-09-04T08:47:22Z
2026-09-06|hamburger-sv|vs|mainz-05,Bundesliga,2026-09-06,06/09/2026 15:30,Hamburger SV,Mainz,forebet,correct_score,1 - 1,1 - 1,,,,avg=2.00,2026-09-04T08:47:22Z
2026-09-06|hamburger-sv|vs|mainz-05,Bundesliga,2026-09-06,06/09/2026 15:30,Hamburger SV,Mainz,forebet,over_under,Under,Under,60,40,,,2026-09-04T08:47:22Z
2026-09-06|hamburger-sv|vs|mainz-05,Bundesliga,2026-09-06,06/09/2026 15:30,Hamburger SV,Mainz,forebet,btts,Yes,Yes,49,51,,,2026-09-04T08:47:22Z
2026-09-06|eintracht-frankfurt|vs|augsburg,Bundesliga,2026-09-06,06/09/2026 17:30,Eintracht Frankfurt,Augsburg,forebet,1x2,2,2,27,30,44,avg=2.94,2026-09-04T08:47:22Z
2026-09-06|eintracht-frankfurt|vs|augsburg,Bundesliga,2026-09-06,06/09/2026 17:30,Eintracht Frankfurt,Augsburg,forebet,correct_score,1 - 2,1 - 2,,,,avg=2.94,2026-09-04T08:47:22Z
2026-09-06|eintracht-frankfurt|vs|augsburg,Bundesliga,2026-09-06,06/09/2026 17:30,Eintracht Frankfurt,Augsburg,forebet,over_under,Over,Over,41,59,,,2026-09-04T08:47:22Z
2026-09-06|eintracht-frankfurt|vs|augsburg,Bundesliga,2026-09-06,06/09/2026 17:30,Eintracht Frankfurt,Augsburg,forebet,btts,Yes,Yes,35,65,,,2026-09-04T08:47:22Z
2026-08-28|bayern-munich|vs|stuttgart,Bundesliga,2026-08-28,28/08/2026 20:30,Bayern Munich,Stuttgart,forebet,1x2,1,1,66,15,19,avg=4.11,2026-09-04T08:47:22Z
2026-08-28|bayern-munich|vs|stuttgart,Bundesliga,2026-08-28,28/08/2026 20:30,Bayern Munich,Stuttgart,forebet,correct_score,3 - 0,3 - 0,,,,avg=4.11,2026-09-04T08:47:22Z
2026-08-28|bayern-munich|vs|stuttgart,Bundesliga,2026-08-28,28/08/2026 20:30,Bayern Munich,Stuttgart,forebet,over_under,Over,Over,18,82,,,2026-09-04T08:47:22Z
2026-08-28|bayern-munich|vs|stuttgart,Bundesliga,2026-08-28,28/08/2026 20:30,Bayern Munich,Stuttgart,forebet,btts,No,No,51,49,,,2026-09-04T08:47:22Z
2026-08-29|elversberg|vs|bayer-leverkusen,Bundesliga,2026-08-29,29/08/2026 15:30,SV Elversberg,Bayer Leverkusen,forebet,1x2,2,2,35,17,48,avg=4.21,2026-09-04T08:47:22Z
2026-08-29|elversberg|vs|bayer-leverkusen,Bundesliga,2026-08-29,29/08/2026 15:30,SV Elversberg,Bayer Leverkusen,forebet,correct_score,2 - 4,2 - 4,,,,avg=4.21,2026-09-04T08:47:22Z
2026-08-29|elversberg|vs|bayer-leverkusen,Bundesliga,2026-08-29,29/08/2026 15:30,SV Elversberg,Bayer Leverkusen,forebet,over_under,Over,Over,16,84,,,2026-09-04T08:47:22Z
2026-08-29|elversberg|vs|bayer-leverkusen,Bundesliga,2026-08-29,29/08/2026 15:30,SV Elversberg,Bayer Leverkusen,forebet,btts,Yes,Yes,11,89,,,2026-09-04T08:47:22Z
2026-08-29|fc-koln|vs|hoffenheim,Bundesliga,2026-08-29,29/08/2026 15:30,Köln,Hoffenheim,forebet,1x2,2,2,29,26,46,avg=3.32,2026-09-04T08:47:22Z
2026-08-29|fc-koln|vs|hoffenheim,Bundesliga,2026-08-29,29/08/2026 15:30,Köln,Hoffenheim,forebet,correct_score,1 - 3,1 - 3,,,,avg=3.32,2026-09-04T08:47:22Z
2026-08-29|fc-koln|vs|hoffenheim,Bundesliga,2026-08-29,29/08/2026 15:30,Köln,Hoffenheim,forebet,over_under,Over,Over,34,66,,,2026-09-04T08:47:22Z
2026-08-29|fc-koln|vs|hoffenheim,Bundesliga,2026-08-29,29/08/2026 15:30,Köln,Hoffenheim,forebet,btts,Yes,Yes,26,74,,,2026-09-04T08:47:22Z
2026-08-29|union-berlin|vs|eintracht-frankfurt,Bundesliga,2026-08-29,29/08/2026 15:30,Union Berlin,Eintracht Frankfurt,forebet,1x2,2,2,31,33,37,avg=3.41,2026-09-04T08:47:22Z
2026-08-29|union-berlin|vs|eintracht-frankfurt,Bundesliga,2026-08-29,29/08/2026 15:30,Union Berlin,Eintracht Frankfurt,forebet,correct_score,2 - 3,2 - 3,,,,avg=3.41,2026-09-04T08:47:22Z
2026-08-29|union-berlin|vs|eintracht-frankfurt,Bundesliga,2026-08-29,29/08/2026 15:30,Union Berlin,Eintracht Frankfurt,forebet,over_under,Over,Over,32,68,,,2026-09-04T08:47:22Z
2026-08-29|union-berlin|vs|eintracht-frankfurt,Bundesliga,2026-08-29,29/08/2026 15:30,Union Berlin,Eintracht Frankfurt,forebet,btts,Yes,Yes,23,77,,,2026-09-04T08:47:22Z
2026-08-29|mainz-05|vs|paderborn,Bundesliga,2026-08-29,29/08/2026 15:30,Mainz,Paderborn,forebet,1x2,1,1,44,32,25,avg=3.19,2026-09-04T08:47:22Z
2026-08-29|mainz-05|vs|paderborn,Bundesliga,2026-08-29,29/08/2026 15:30,Mainz,Paderborn,forebet,correct_score,3 - 1,3 - 1,,,,avg=3.19,2026-09-04T08:47:22Z
2026-08-29|mainz-05|vs|paderborn,Bundesliga,2026-08-29,29/08/2026 15:30,Mainz,Paderborn,forebet,over_under,Over,Over,36,64,,,2026-09-04T08:47:22Z
2026-08-29|mainz-05|vs|paderborn,Bundesliga,2026-08-29,29/08/2026 15:30,Mainz,Paderborn,forebet,btts,Yes,Yes,31,69,,,2026-09-04T08:47:22Z
2026-08-29|rb-leipzig|vs|borussia-m-gladbach,Bundesliga,2026-08-29,29/08/2026 15:30,RB Leipzig,Borussia M'gladbach,forebet,1x2,1,1,58,22,21,avg=2.83,2026-09-04T08:47:22Z
2026-08-29|rb-leipzig|vs|borussia-m-gladbach,Bundesliga,2026-08-29,29/08/2026 15:30,RB Leipzig,Borussia M'gladbach,forebet,correct_score,3 - 0,3 - 0,,,,avg=2.83,2026-09-04T08:47:22Z
2026-08-29|rb-leipzig|vs|borussia-m-gladbach,Bundesliga,2026-08-29,29/08/2026 15:30,RB Leipzig,Borussia M'gladbach,forebet,over_under,Over,Over,43,57,,,2026-09-04T08:47:22Z
2026-08-29|rb-leipzig|vs|borussia-m-gladbach,Bundesliga,2026-08-29,29/08/2026 15:30,RB Leipzig,Borussia M'gladbach,forebet,btts,No,No,51,49,,,2026-09-04T08:47:22Z
2026-08-29|borussia-dortmund|vs|hamburger-sv,Bundesliga,2026-08-29,29/08/2026 18:30,Borussia Dortmund,Hamburger SV,forebet,1x2,1,1,61,19,20,avg=3.17,2026-09-04T08:47:22Z
2026-08-29|borussia-dortmund|vs|hamburger-sv,Bundesliga,2026-08-29,29/08/2026 18:30,Borussia Dortmund,Hamburger SV,forebet,correct_score,3 - 0,3 - 0,,,,avg=3.17,2026-09-04T08:47:22Z
2026-08-29|borussia-dortmund|vs|hamburger-sv,Bundesliga,2026-08-29,29/08/2026 18:30,Borussia Dortmund,Hamburger SV,forebet,over_under,Over,Over,37,63,,,2026-09-04T08:47:22Z
2026-08-29|borussia-dortmund|vs|hamburger-sv,Bundesliga,2026-08-29,29/08/2026 18:30,Borussia Dortmund,Hamburger SV,forebet,btts,No,No,51,49,,,2026-09-04T08:47:22Z
2026-08-30|freiburg|vs|werder-bremen,Bundesliga,2026-08-30,30/08/2026 15:30,Freiburg,Werder Bremen,forebet,1x2,1,1,47,23,30,avg=3.13,2026-09-04T08:47:22Z
2026-08-30|freiburg|vs|werder-bremen,Bundesliga,2026-08-30,30/08/2026 15:30,Freiburg,Werder Bremen,forebet,correct_score,2 - 1,2 - 1,,,,avg=3.13,2026-09-04T08:47:22Z
2026-08-30|freiburg|vs|werder-bremen,Bundesliga,2026-08-30,30/08/2026 15:30,Freiburg,Werder Bremen,forebet,over_under,Over,Over,37,63,,,2026-09-04T08:47:22Z
2026-08-30|freiburg|vs|werder-bremen,Bundesliga,2026-08-30,30/08/2026 15:30,Freiburg,Werder Bremen,forebet,btts,Yes,Yes,39,61,,,2026-09-04T08:47:22Z
2026-08-30|augsburg|vs|schalke-04,Bundesliga,2026-08-30,30/08/2026 17:30,Augsburg,Schalke 04,forebet,1x2,1,1,35,31,33,avg=2.87,2026-09-04T08:47:22Z
2026-08-30|augsburg|vs|schalke-04,Bundesliga,2026-08-30,30/08/2026 17:30,Augsburg,Schalke 04,forebet,correct_score,2 - 1,2 - 1,,,,avg=2.87,2026-09-04T08:47:22Z
2026-08-30|augsburg|vs|schalke-04,Bundesliga,2026-08-30,30/08/2026 17:30,Augsburg,Schalke 04,forebet,over_under,Over,Over,43,57,,,2026-09-04T08:47:22Z
2026-08-30|augsburg|vs|schalke-04,Bundesliga,2026-08-30,30/08/2026 17:30,Augsburg,Schalke 04,forebet,btts,Yes,Yes,40,60,,,2026-09-04T08:47:22Z
2026-09-04|genoa|vs|como,Serie A,2026-09-04,04/09/2026 20:45,Genoa,Calcio Como,forebet,1x2,2,2,15,37,48,avg=2.42,2026-09-04T08:47:22Z
2026-09-04|genoa|vs|como,Serie A,2026-09-04,04/09/2026 20:45,Genoa,Calcio Como,forebet,correct_score,0 - 2,0 - 2,,,,avg=2.42,2026-09-04T08:47:22Z
2026-09-04|genoa|vs|como,Serie A,2026-09-04,04/09/2026 20:45,Genoa,Calcio Como,forebet,over_under,Under,Under,52,48,,,2026-09-04T08:47:22Z
2026-09-04|genoa|vs|como,Serie A,2026-09-04,04/09/2026 20:45,Genoa,Calcio Como,forebet,btts,No,No,50,50,,,2026-09-04T08:47:22Z
2026-09-05|fiorentina|vs|torino,Serie A,2026-09-05,05/09/2026 15:00,Fiorentina,Torino,forebet,1x2,1,1,36,32,33,avg=2.36,2026-09-04T08:47:22Z
2026-09-05|fiorentina|vs|torino,Serie A,2026-09-05,05/09/2026 15:00,Fiorentina,Torino,forebet,correct_score,2 - 0,2 - 0,,,,avg=2.36,2026-09-04T08:47:22Z
2026-09-05|fiorentina|vs|torino,Serie A,2026-09-05,05/09/2026 15:00,Fiorentina,Torino,forebet,over_under,Under,Under,53,47,,,2026-09-04T08:47:22Z
2026-09-05|fiorentina|vs|torino,Serie A,2026-09-05,05/09/2026 15:00,Fiorentina,Torino,forebet,btts,No,No,55,45,,,2026-09-04T08:47:22Z
2026-09-05|inter|vs|napoli,Serie A,2026-09-05,05/09/2026 18:00,Inter,Napoli,forebet,1x2,1,1,49,24,28,avg=2.61,2026-09-04T08:47:22Z
2026-09-05|inter|vs|napoli,Serie A,2026-09-05,05/09/2026 18:00,Inter,Napoli,forebet,correct_score,2 - 1,2 - 1,,,,avg=2.61,2026-09-04T08:47:22Z
2026-09-05|inter|vs|napoli,Serie A,2026-09-05,05/09/2026 18:00,Inter,Napoli,forebet,over_under,Over,Over,48,52,,,2026-09-04T08:47:22Z
2026-09-05|inter|vs|napoli,Serie A,2026-09-05,05/09/2026 18:00,Inter,Napoli,forebet,btts,Yes,Yes,32,68,,,2026-09-04T08:47:22Z
2026-09-05|roma|vs|atalanta,Serie A,2026-09-05,05/09/2026 20:45,Roma,Atalanta,forebet,1x2,1,1,36,30,33,avg=2.65,2026-09-04T08:47:22Z
2026-09-05|roma|vs|atalanta,Serie A,2026-09-05,05/09/2026 20:45,Roma,Atalanta,forebet,correct_score,2 - 1,2 - 1,,,,avg=2.65,2026-09-04T08:47:22Z
2026-09-05|roma|vs|atalanta,Serie A,2026-09-05,05/09/2026 20:45,Roma,Atalanta,forebet,over_under,Over,Over,47,53,,,2026-09-04T08:47:22Z
2026-09-05|roma|vs|atalanta,Serie A,2026-09-05,05/09/2026 20:45,Roma,Atalanta,forebet,btts,Yes,Yes,38,62,,,2026-09-04T08:47:22Z
2026-09-06|parma|vs|monza,Serie A,2026-09-06,06/09/2026 15:00,Parma,Monza,forebet,1x2,X,X,31,43,26,avg=1.95,2026-09-04T08:47:22Z
2026-09-06|parma|vs|monza,Serie A,2026-09-06,06/09/2026 15:00,Parma,Monza,forebet,correct_score,1 - 1,1 - 1,,,,avg=1.95,2026-09-04T08:47:22Z
2026-09-06|parma|vs|monza,Serie A,2026-09-06,06/09/2026 15:00,Parma,Monza,forebet,over_under,Under,Under,61,39,,,2026-09-04T08:47:22Z
2026-09-06|parma|vs|monza,Serie A,2026-09-06,06/09/2026 15:00,Parma,Monza,forebet,btts,No,No,50,50,,,2026-09-04T08:47:22Z
2026-09-06|frosinone|vs|venezia,Serie A,2026-09-06,06/09/2026 15:00,Frosinone,Venezia,forebet,1x2,1,1,52,21,27,avg=1.18,2026-09-04T08:47:22Z
2026-09-06|frosinone|vs|venezia,Serie A,2026-09-06,06/09/2026 15:00,Frosinone,Venezia,forebet,correct_score,1 - 0,1 - 0,,,,avg=1.18,2026-09-04T08:47:22Z
2026-09-06|frosinone|vs|venezia,Serie A,2026-09-06,06/09/2026 15:00,Frosinone,Venezia,forebet,over_under,Under,Under,76,24,,,2026-09-04T08:47:22Z
2026-09-06|frosinone|vs|venezia,Serie A,2026-09-06,06/09/2026 15:00,Frosinone,Venezia,forebet,btts,No,No,51,49,,,2026-09-04T08:47:22Z
2026-09-06|bologna|vs|sassuolo,Serie A,2026-09-06,06/09/2026 18:00,Bologna,Sassuolo,forebet,1x2,2,2,29,31,40,avg=2.49,2026-09-04T08:47:22Z
2026-09-06|bologna|vs|sassuolo,Serie A,2026-09-06,06/09/2026 18:00,Bologna,Sassuolo,forebet,correct_score,0 - 2,0 - 2,,,,avg=2.49,2026-09-04T08:47:22Z
2026-09-06|bologna|vs|sassuolo,Serie A,2026-09-06,06/09/2026 18:00,Bologna,Sassuolo,forebet,over_under,Under,Under,50,50,,,2026-09-04T08:47:22Z
2026-09-06|bologna|vs|sassuolo,Serie A,2026-09-06,06/09/2026 18:00,Bologna,Sassuolo,forebet,btts,No,No,53,47,,,2026-09-04T08:47:22Z
2026-09-06|juventus|vs|milan,Serie A,2026-09-06,06/09/2026 20:45,Juventus,Milan,forebet,1x2,2,2,28,33,39,avg=2.36,2026-09-04T08:47:22Z
2026-09-06|juventus|vs|milan,Serie A,2026-09-06,06/09/2026 20:45,Juventus,Milan,forebet,correct_score,0 - 2,0 - 2,,,,avg=2.36,2026-09-04T08:47:22Z
2026-09-06|juventus|vs|milan,Serie A,2026-09-06,06/09/2026 20:45,Juventus,Milan,forebet,over_under,Under,Under,53,47,,,2026-09-04T08:47:22Z
2026-09-06|juventus|vs|milan,Serie A,2026-09-06,06/09/2026 20:45,Juventus,Milan,forebet,btts,No,No,51,49,,,2026-09-04T08:47:22Z
2026-09-07|cagliari|vs|lecce,Serie A,2026-09-07,07/09/2026 18:30,Cagliari,Lecce,forebet,1x2,1,1,35,33,32,avg=2.49,2026-09-04T08:47:22Z
2026-09-07|cagliari|vs|lecce,Serie A,2026-09-07,07/09/2026 18:30,Cagliari,Lecce,forebet,correct_score,1 - 0,1 - 0,,,,avg=2.49,2026-09-04T08:47:22Z
2026-09-07|cagliari|vs|lecce,Serie A,2026-09-07,07/09/2026 18:30,Cagliari,Lecce,forebet,over_under,Under,Under,50,50,,,2026-09-04T08:47:22Z
2026-09-07|cagliari|vs|lecce,Serie A,2026-09-07,07/09/2026 18:30,Cagliari,Lecce,forebet,btts,No,No,63,37,,,2026-09-04T08:47:22Z
2026-09-07|udinese|vs|lazio,Serie A,2026-09-07,07/09/2026 20:45,Udinese,Lazio,forebet,1x2,2,2,26,33,40,avg=2.35,2026-09-04T08:47:22Z
2026-09-07|udinese|vs|lazio,Serie A,2026-09-07,07/09/2026 20:45,Udinese,Lazio,forebet,correct_score,0 - 2,0 - 2,,,,avg=2.35,2026-09-04T08:47:22Z
2026-09-07|udinese|vs|lazio,Serie A,2026-09-07,07/09/2026 20:45,Udinese,Lazio,forebet,over_under,Under,Under,53,47,,,2026-09-04T08:47:22Z
2026-09-07|udinese|vs|lazio,Serie A,2026-09-07,07/09/2026 20:45,Udinese,Lazio,forebet,btts,No,No,57,43,,,2026-09-04T08:47:22Z
2026-08-28|milan|vs|venezia,Serie A,2026-08-28,28/08/2026 20:45,Milan,Venezia,forebet,1x2,1,1,61,21,19,avg=2.71,2026-09-04T08:47:22Z
2026-08-28|milan|vs|venezia,Serie A,2026-08-28,28/08/2026 20:45,Milan,Venezia,forebet,correct_score,3 - 0,3 - 0,,,,avg=2.71,2026-09-04T08:47:22Z
2026-08-28|milan|vs|venezia,Serie A,2026-08-28,28/08/2026 20:45,Milan,Venezia,forebet,over_under,Over,Over,46,54,,,2026-09-04T08:47:22Z
2026-08-28|milan|vs|venezia,Serie A,2026-08-28,28/08/2026 20:45,Milan,Venezia,forebet,btts,No,No,51,49,,,2026-09-04T08:47:22Z
2026-08-29|sassuolo|vs|torino,Serie A,2026-08-29,29/08/2026 18:30,Sassuolo,Torino,forebet,1x2,1,1,35,32,33,avg=2.69,2026-09-04T08:47:22Z
2026-08-29|sassuolo|vs|torino,Serie A,2026-08-29,29/08/2026 18:30,Sassuolo,Torino,forebet,correct_score,2 - 1,2 - 1,,,,avg=2.69,2026-09-04T08:47:22Z
2026-08-29|sassuolo|vs|torino,Serie A,2026-08-29,29/08/2026 18:30,Sassuolo,Torino,forebet,over_under,Over,Over,46,54,,,2026-09-04T08:47:22Z
2026-08-29|sassuolo|vs|torino,Serie A,2026-08-29,29/08/2026 18:30,Sassuolo,Torino,forebet,btts,Yes,Yes,45,55,,,2026-09-04T08:47:22Z
2026-08-29|monza|vs|udinese,Serie A,2026-08-29,29/08/2026 18:30,Monza,Udinese,forebet,1x2,2,2,18,39,43,avg=2.85,2026-09-04T08:47:22Z
2026-08-29|monza|vs|udinese,Serie A,2026-08-29,29/08/2026 18:30,Monza,Udinese,forebet,correct_score,1 - 2,1 - 2,,,,avg=2.85,2026-09-04T08:47:22Z
2026-08-29|monza|vs|udinese,Serie A,2026-08-29,29/08/2026 18:30,Monza,Udinese,forebet,over_under,Over,Over,43,57,,,2026-09-04T08:47:22Z
2026-08-29|monza|vs|udinese,Serie A,2026-08-29,29/08/2026 18:30,Monza,Udinese,forebet,btts,Yes,Yes,39,61,,,2026-09-04T08:47:22Z
2026-08-29|fiorentina|vs|frosinone,Serie A,2026-08-29,29/08/2026 18:30,Fiorentina,Frosinone,forebet,1x2,X,X,31,41,28,avg=2.44,2026-09-04T08:47:22Z
2026-08-29|fiorentina|vs|frosinone,Serie A,2026-08-29,29/08/2026 18:30,Fiorentina,Frosinone,forebet,correct_score,1 - 1,1 - 1,,,,avg=2.44,2026-09-04T08:47:22Z
2026-08-29|fiorentina|vs|frosinone,Serie A,2026-08-29,29/08/2026 18:30,Fiorentina,Frosinone,forebet,over_under,Under,Under,51,49,,,2026-09-04T08:47:22Z
2026-08-29|fiorentina|vs|frosinone,Serie A,2026-08-29,29/08/2026 18:30,Fiorentina,Frosinone,forebet,btts,Yes,Yes,38,62,,,2026-09-04T08:47:22Z
2026-08-29|juventus|vs|parma,Serie A,2026-08-29,29/08/2026 20:45,Juventus,Parma,forebet,1x2,1,1,49,29,22,avg=2.56,2026-09-04T08:47:22Z
2026-08-29|juventus|vs|parma,Serie A,2026-08-29,29/08/2026 20:45,Juventus,Parma,forebet,correct_score,2 - 1,2 - 1,,,,avg=2.56,2026-09-04T08:47:22Z
2026-08-29|juventus|vs|parma,Serie A,2026-08-29,29/08/2026 20:45,Juventus,Parma,forebet,over_under,Over,Over,49,51,,,2026-09-04T08:47:22Z
2026-08-29|juventus|vs|parma,Serie A,2026-08-29,29/08/2026 20:45,Juventus,Parma,forebet,btts,Yes,Yes,44,56,,,2026-09-04T08:47:22Z
2026-08-30|napoli|vs|como,Serie A,2026-08-30,30/08/2026 18:30,Napoli,Calcio Como,forebet,1x2,X,X,31,48,22,avg=2.28,2026-09-04T08:47:22Z
2026-08-30|napoli|vs|como,Serie A,2026-08-30,30/08/2026 18:30,Napoli,Calcio Como,forebet,correct_score,1 - 1,1 - 1,,,,avg=2.28,2026-09-04T08:47:22Z
2026-08-30|napoli|vs|como,Serie A,2026-08-30,30/08/2026 18:30,Napoli,Calcio Como,forebet,over_under,Under,Under,54,46,,,2026-09-04T08:47:22Z
2026-08-30|napoli|vs|como,Serie A,2026-08-30,30/08/2026 18:30,Napoli,Calcio Como,forebet,btts,Yes,Yes,39,61,,,2026-09-04T08:47:22Z
2026-08-30|lazio|vs|genoa,Serie A,2026-08-30,30/08/2026 20:45,Lazio,Genoa,forebet,1x2,1,1,46,25,29,avg=2.72,2026-09-04T08:47:22Z
2026-08-30|lazio|vs|genoa,Serie A,2026-08-30,30/08/2026 20:45,Lazio,Genoa,forebet,correct_score,2 - 1,2 - 1,,,,avg=2.72,2026-09-04T08:47:22Z
2026-08-30|lazio|vs|genoa,Serie A,2026-08-30,30/08/2026 20:45,Lazio,Genoa,forebet,over_under,Over,Over,46,54,,,2026-09-04T08:47:22Z
2026-08-30|lazio|vs|genoa,Serie A,2026-08-30,30/08/2026 20:45,Lazio,Genoa,forebet,btts,Yes,Yes,47,53,,,2026-09-04T08:47:22Z
2026-08-30|cagliari|vs|inter,Serie A,2026-08-30,30/08/2026 20:45,Cagliari,Inter,forebet,1x2,2,2,15,25,60,avg=2.90,2026-09-04T08:47:22Z
2026-08-30|cagliari|vs|inter,Serie A,2026-08-30,30/08/2026 20:45,Cagliari,Inter,forebet,correct_score,1 - 2,1 - 2,,,,avg=2.90,2026-09-04T08:47:22Z
2026-08-30|cagliari|vs|inter,Serie A,2026-08-30,30/08/2026 20:45,Cagliari,Inter,forebet,over_under,Over,Over,42,58,,,2026-09-04T08:47:22Z
2026-08-30|cagliari|vs|inter,Serie A,2026-08-30,30/08/2026 20:45,Cagliari,Inter,forebet,btts,Yes,Yes,33,67,,,2026-09-04T08:47:22Z
2026-08-31|lecce|vs|roma,Serie A,2026-08-31,31/08/2026 18:30,Lecce,Roma,forebet,1x2,2,2,14,27,59,avg=2.63,2026-09-04T08:47:22Z
2026-08-31|lecce|vs|roma,Serie A,2026-08-31,31/08/2026 18:30,Lecce,Roma,forebet,correct_score,1 - 2,1 - 2,,,,avg=2.63,2026-09-04T08:47:22Z
2026-08-31|lecce|vs|roma,Serie A,2026-08-31,31/08/2026 18:30,Lecce,Roma,forebet,over_under,Over,Over,47,53,,,2026-09-04T08:47:22Z
2026-08-31|lecce|vs|roma,Serie A,2026-08-31,31/08/2026 18:30,Lecce,Roma,forebet,btts,Yes,Yes,46,54,,,2026-09-04T08:47:22Z
2026-08-31|atalanta|vs|bologna,Serie A,2026-08-31,31/08/2026 20:45,Atalanta,Bologna,forebet,1x2,1,1,56,25,19,avg=2.45,2026-09-04T08:47:22Z
2026-08-31|atalanta|vs|bologna,Serie A,2026-08-31,31/08/2026 20:45,Atalanta,Bologna,forebet,correct_score,2 - 0,2 - 0,,,,avg=2.45,2026-09-04T08:47:22Z
2026-08-31|atalanta|vs|bologna,Serie A,2026-08-31,31/08/2026 20:45,Atalanta,Bologna,forebet,over_under,Under,Under,51,49,,,2026-09-04T08:47:22Z
2026-08-31|atalanta|vs|bologna,Serie A,2026-08-31,31/08/2026 20:45,Atalanta,Bologna,forebet,btts,No,No,51,49,,,2026-09-04T08:47:22Z
2026-09-03|toulouse|vs|lille,Ligue 1,2026-09-03,03/09/2026 20:45,Toulouse,Lille,forebet,1x2,2,2,18,28,55,avg=2.54,2026-09-04T08:47:22Z
2026-09-03|toulouse|vs|lille,Ligue 1,2026-09-03,03/09/2026 20:45,Toulouse,Lille,forebet,correct_score,0 - 3,0 - 3,,,,avg=2.54,2026-09-04T08:47:22Z
2026-09-03|toulouse|vs|lille,Ligue 1,2026-09-03,03/09/2026 20:45,Toulouse,Lille,forebet,over_under,Over,Over,49,51,,,2026-09-04T08:47:22Z
2026-09-03|toulouse|vs|lille,Ligue 1,2026-09-03,03/09/2026 20:45,Toulouse,Lille,forebet,btts,No,No,51,49,,,2026-09-04T08:47:22Z
2026-09-04|lyon|vs|auxerre,Ligue 1,2026-09-04,04/09/2026 19:00,Lyon,Auxerre,forebet,1x2,1,1,73,17,10,avg=2.65,2026-09-04T08:47:22Z
2026-09-04|lyon|vs|auxerre,Ligue 1,2026-09-04,04/09/2026 19:00,Lyon,Auxerre,forebet,correct_score,2 - 1,2 - 1,,,,avg=2.65,2026-09-04T08:47:22Z
2026-09-04|lyon|vs|auxerre,Ligue 1,2026-09-04,04/09/2026 19:00,Lyon,Auxerre,forebet,over_under,Over,Over,47,53,,,2026-09-04T08:47:22Z
2026-09-04|lyon|vs|auxerre,Ligue 1,2026-09-04,04/09/2026 19:00,Lyon,Auxerre,forebet,btts,Yes,Yes,41,59,,,2026-09-04T08:47:22Z
2026-09-04|psg|vs|monaco,Ligue 1,2026-09-04,04/09/2026 21:05,PSG,Monaco,forebet,1x2,2,2,29,23,48,avg=3.11,2026-09-04T08:47:22Z
2026-09-04|psg|vs|monaco,Ligue 1,2026-09-04,04/09/2026 21:05,PSG,Monaco,forebet,correct_score,1 - 2,1 - 2,,,,avg=3.11,2026-09-04T08:47:22Z
2026-09-04|psg|vs|monaco,Ligue 1,2026-09-04,04/09/2026 21:05,PSG,Monaco,forebet,over_under,Over,Over,38,62,,,2026-09-04T08:47:22Z
2026-09-04|psg|vs|monaco,Ligue 1,2026-09-04,04/09/2026 21:05,PSG,Monaco,forebet,btts,Yes,Yes,27,73,,,2026-09-04T08:47:22Z
2026-09-05|lens|vs|lorient,Ligue 1,2026-09-05,05/09/2026 17:15,Lens,Lorient,forebet,1x2,1,1,51,34,15,avg=2.72,2026-09-04T08:47:22Z
2026-09-05|lens|vs|lorient,Ligue 1,2026-09-05,05/09/2026 17:15,Lens,Lorient,forebet,correct_score,2 - 1,2 - 1,,,,avg=2.72,2026-09-04T08:47:22Z
2026-09-05|lens|vs|lorient,Ligue 1,2026-09-05,05/09/2026 17:15,Lens,Lorient,forebet,over_under,Over,Over,46,54,,,2026-09-04T08:47:22Z
2026-09-05|lens|vs|lorient,Ligue 1,2026-09-05,05/09/2026 17:15,Lens,Lorient,forebet,btts,Yes,Yes,30,70,,,2026-09-04T08:47:22Z
2026-09-05|nice|vs|le-mans,Ligue 1,2026-09-05,05/09/2026 20:45,Nice,Le Mans FC,forebet,1x2,X,X,28,43,29,avg=2.30,2026-09-04T08:47:22Z
2026-09-05|nice|vs|le-mans,Ligue 1,2026-09-05,05/09/2026 20:45,Nice,Le Mans FC,forebet,correct_score,1 - 1,1 - 1,,,,avg=2.30,2026-09-04T08:47:22Z
2026-09-05|nice|vs|le-mans,Ligue 1,2026-09-05,05/09/2026 20:45,Nice,Le Mans FC,forebet,over_under,Under,Under,54,46,,,2026-09-04T08:47:22Z
2026-09-05|nice|vs|le-mans,Ligue 1,2026-09-05,05/09/2026 20:45,Nice,Le Mans FC,forebet,btts,Yes,Yes,46,54,,,2026-09-04T08:47:22Z
2026-09-05|le-havre|vs|brest,Ligue 1,2026-09-05,05/09/2026 20:45,Le Havre,Brest,forebet,1x2,X,X,18,55,27,avg=2.12,2026-09-04T08:47:22Z
2026-09-05|le-havre|vs|brest,Ligue 1,2026-09-05,05/09/2026 20:45,Le Havre,Brest,forebet,correct_score,0 - 0,0 - 0,,,,avg=2.12,2026-09-04T08:47:22Z
2026-09-05|le-havre|vs|brest,Ligue 1,2026-09-05,05/09/2026 20:45,Le Havre,Brest,forebet,over_under,Under,Under,58,42,,,2026-09-04T08:47:22Z
2026-09-05|le-havre|vs|brest,Ligue 1,2026-09-05,05/09/2026 20:45,Le Havre,Brest,forebet,btts,No,No,64,36,,,2026-09-04T08:47:22Z
2026-09-06|troyes|vs|strasbourg,Ligue 1,2026-09-06,06/09/2026 15:00,Troyes,Strasbourg,forebet,1x2,X,X,34,36,30,avg=2.40,2026-09-04T08:47:22Z
2026-09-06|troyes|vs|strasbourg,Ligue 1,2026-09-06,06/09/2026 15:00,Troyes,Strasbourg,forebet,correct_score,1 - 1,1 - 1,,,,avg=2.40,2026-09-04T08:47:22Z
2026-09-06|troyes|vs|strasbourg,Ligue 1,2026-09-06,06/09/2026 15:00,Troyes,Strasbourg,forebet,over_under,Under,Under,52,48,,,2026-09-04T08:47:22Z
2026-09-06|troyes|vs|strasbourg,Ligue 1,2026-09-06,06/09/2026 15:00,Troyes,Strasbourg,forebet,btts,Yes,Yes,34,66,,,2026-09-04T08:47:22Z
2026-09-06|angers|vs|rennes,Ligue 1,2026-09-06,06/09/2026 17:15,Angers,Rennes,forebet,1x2,2,2,18,40,42,avg=2.85,2026-09-04T08:47:22Z
2026-09-06|angers|vs|rennes,Ligue 1,2026-09-06,06/09/2026 17:15,Angers,Rennes,forebet,correct_score,1 - 2,1 - 2,,,,avg=2.85,2026-09-04T08:47:22Z
2026-09-06|angers|vs|rennes,Ligue 1,2026-09-06,06/09/2026 17:15,Angers,Rennes,forebet,over_under,Over,Over,43,57,,,2026-09-04T08:47:22Z
2026-09-06|angers|vs|rennes,Ligue 1,2026-09-06,06/09/2026 17:15,Angers,Rennes,forebet,btts,Yes,Yes,42,58,,,2026-09-04T08:47:22Z
2026-09-06|olympique-marseille|vs|paris-fc,Ligue 1,2026-09-06,06/09/2026 20:45,Olympique Marseille,Paris FC,forebet,1x2,X,X,35,41,24,avg=4.20,2026-09-04T08:47:22Z
2026-09-06|olympique-marseille|vs|paris-fc,Ligue 1,2026-09-06,06/09/2026 20:45,Olympique Marseille,Paris FC,forebet,correct_score,4 - 4,4 - 4,,,,avg=4.20,2026-09-04T08:47:22Z
2026-09-06|olympique-marseille|vs|paris-fc,Ligue 1,2026-09-06,06/09/2026 20:45,Olympique Marseille,Paris FC,forebet,over_under,Over,Over,16,84,,,2026-09-04T08:47:22Z
2026-09-06|olympique-marseille|vs|paris-fc,Ligue 1,2026-09-06,06/09/2026 20:45,Olympique Marseille,Paris FC,forebet,btts,Yes,Yes,13,87,,,2026-09-04T08:47:22Z
2026-08-28|lille|vs|psg,Ligue 1,2026-08-28,28/08/2026 21:00,Lille,PSG,forebet,1x2,X,X,23,49,28,avg=2.20,2026-09-04T08:47:22Z
2026-08-28|lille|vs|psg,Ligue 1,2026-08-28,28/08/2026 21:00,Lille,PSG,forebet,correct_score,1 - 1,1 - 1,,,,avg=2.20,2026-09-04T08:47:22Z
2026-08-28|lille|vs|psg,Ligue 1,2026-08-28,28/08/2026 21:00,Lille,PSG,forebet,over_under,Under,Under,56,44,,,2026-09-04T08:47:22Z
2026-08-28|lille|vs|psg,Ligue 1,2026-08-28,28/08/2026 21:00,Lille,PSG,forebet,btts,Yes,Yes,34,66,,,2026-09-04T08:47:22Z
2026-08-29|strasbourg|vs|lens,Ligue 1,2026-08-29,29/08/2026 17:15,Strasbourg,Lens,forebet,1x2,2,2,22,18,60,avg=2.73,2026-09-04T08:47:22Z
2026-08-29|strasbourg|vs|lens,Ligue 1,2026-08-29,29/08/2026 17:15,Strasbourg,Lens,forebet,correct_score,1 - 2,1 - 2,,,,avg=2.73,2026-09-04T08:47:22Z
2026-08-29|strasbourg|vs|lens,Ligue 1,2026-08-29,29/08/2026 17:15,Strasbourg,Lens,forebet,over_under,Over,Over,45,55,,,2026-09-04T08:47:22Z
2026-08-29|strasbourg|vs|lens,Ligue 1,2026-08-29,29/08/2026 17:15,Strasbourg,Lens,forebet,btts,Yes,Yes,28,72,,,2026-09-04T08:47:22Z
2026-08-29|lyon|vs|le-havre,Ligue 1,2026-08-29,29/08/2026 20:45,Lyon,Le Havre,forebet,1x2,1,1,70,19,11,avg=2.59,2026-09-04T08:47:22Z
2026-08-29|lyon|vs|le-havre,Ligue 1,2026-08-29,29/08/2026 20:45,Lyon,Le Havre,forebet,correct_score,3 - 0,3 - 0,,,,avg=2.59,2026-09-04T08:47:22Z
2026-08-29|lyon|vs|le-havre,Ligue 1,2026-08-29,29/08/2026 20:45,Lyon,Le Havre,forebet,over_under,Over,Over,48,52,,,2026-09-04T08:47:22Z
2026-08-29|lyon|vs|le-havre,Ligue 1,2026-08-29,29/08/2026 20:45,Lyon,Le Havre,forebet,btts,No,No,51,49,,,2026-09-04T08:47:22Z
2026-08-29|lorient|vs|troyes,Ligue 1,2026-08-29,29/08/2026 20:45,Lorient,Troyes,forebet,1x2,X,X,30,54,16,avg=2.00,2026-09-04T08:47:22Z
2026-08-29|lorient|vs|troyes,Ligue 1,2026-08-29,29/08/2026 20:45,Lorient,Troyes,forebet,correct_score,1 - 1,1 - 1,,,,avg=2.00,2026-09-04T08:47:22Z
2026-08-29|lorient|vs|troyes,Ligue 1,2026-08-29,29/08/2026 20:45,Lorient,Troyes,forebet,over_under,Under,Under,60,40,,,2026-09-04T08:47:22Z
2026-08-29|lorient|vs|troyes,Ligue 1,2026-08-29,29/08/2026 20:45,Lorient,Troyes,forebet,btts,Yes,Yes,38,62,,,2026-09-04T08:47:22Z
2026-08-29|brest|vs|toulouse,Ligue 1,2026-08-29,29/08/2026 20:45,Brest,Toulouse,forebet,1x2,1,1,50,28,22,avg=2.72,2026-09-04T08:47:22Z
2026-08-29|brest|vs|toulouse,Ligue 1,2026-08-29,29/08/2026 20:45,Brest,Toulouse,forebet,correct_score,2 - 1,2 - 1,,,,avg=2.72,2026-09-04T08:47:22Z
2026-08-29|brest|vs|toulouse,Ligue 1,2026-08-29,29/08/2026 20:45,Brest,Toulouse,forebet,over_under,Over,Over,46,54,,,2026-09-04T08:47:22Z
2026-08-29|brest|vs|toulouse,Ligue 1,2026-08-29,29/08/2026 20:45,Brest,Toulouse,forebet,btts,Yes,Yes,42,58,,,2026-09-04T08:47:22Z
2026-08-29|auxerre|vs|angers,Ligue 1,2026-08-29,29/08/2026 20:45,Auxerre,Angers,forebet,1x2,1,1,44,34,22,avg=2.23,2026-09-04T08:47:22Z
2026-08-29|auxerre|vs|angers,Ligue 1,2026-08-29,29/08/2026 20:45,Auxerre,Angers,forebet,correct_score,2 - 0,2 - 0,,,,avg=2.23,2026-09-04T08:47:22Z
2026-08-29|auxerre|vs|angers,Ligue 1,2026-08-29,29/08/2026 20:45,Auxerre,Angers,forebet,over_under,Under,Under,55,45,,,2026-09-04T08:47:22Z
2026-08-29|auxerre|vs|angers,Ligue 1,2026-08-29,29/08/2026 20:45,Auxerre,Angers,forebet,btts,No,No,62,38,,,2026-09-04T08:47:22Z
2026-08-30|paris-fc|vs|nice,Ligue 1,2026-08-30,30/08/2026 15:00,Paris FC,Nice,forebet,1x2,X,X,30,56,14,avg=2.29,2026-09-04T08:47:22Z
2026-08-30|paris-fc|vs|nice,Ligue 1,2026-08-30,30/08/2026 15:00,Paris FC,Nice,forebet,correct_score,1 - 1,1 - 1,,,,avg=2.29,2026-09-04T08:47:22Z
2026-08-30|paris-fc|vs|nice,Ligue 1,2026-08-30,30/08/2026 15:00,Paris FC,Nice,forebet,over_under,Under,Under,54,46,,,2026-09-04T08:47:22Z
2026-08-30|paris-fc|vs|nice,Ligue 1,2026-08-30,30/08/2026 15:00,Paris FC,Nice,forebet,btts,Yes,Yes,46,54,,,2026-09-04T08:47:22Z
2026-08-30|rennes|vs|le-mans,Ligue 1,2026-08-30,30/08/2026 17:15,Rennes,Le Mans FC,forebet,1x2,X,X,33,57,10,avg=2.70,2026-09-04T08:47:22Z
2026-08-30|rennes|vs|le-mans,Ligue 1,2026-08-30,30/08/2026 17:15,Rennes,Le Mans FC,forebet,correct_score,2 - 2,2 - 2,,,,avg=2.70,2026-09-04T08:47:22Z
2026-08-30|rennes|vs|le-mans,Ligue 1,2026-08-30,30/08/2026 17:15,Rennes,Le Mans FC,forebet,over_under,Over,Over,46,54,,,2026-09-04T08:47:22Z
2026-08-30|rennes|vs|le-mans,Ligue 1,2026-08-30,30/08/2026 17:15,Rennes,Le Mans FC,forebet,btts,Yes,Yes,31,69,,,2026-09-04T08:47:22Z
2026-08-30|monaco|vs|olympique-marseille,Ligue 1,2026-08-30,30/08/2026 20:45,Monaco,Olympique Marseille,forebet,1x2,2,2,30,25,46,avg=3.02,2026-09-04T08:47:22Z
2026-08-30|monaco|vs|olympique-marseille,Ligue 1,2026-08-30,30/08/2026 20:45,Monaco,Olympique Marseille,forebet,correct_score,1 - 2,1 - 2,,,,avg=3.02,2026-09-04T08:47:22Z
2026-08-30|monaco|vs|olympique-marseille,Ligue 1,2026-08-30,30/08/2026 20:45,Monaco,Olympique Marseille,forebet,over_under,Over,Over,40,60,,,2026-09-04T08:47:22Z
2026-08-30|monaco|vs|olympique-marseille,Ligue 1,2026-08-30,30/08/2026 20:45,Monaco,Olympique Marseille,forebet,btts,Yes,Yes,28,72,,,2026-09-04T08:47:22Z
2026-09-05|nijmegen|vs|feyenoord,Eredivisie,2026-09-05,05/09/2026 16:30,Nijmegen,Feyenoord,forebet,1x2,2,2,20,38,43,avg=3.41,2026-09-04T08:47:22Z
2026-09-05|nijmegen|vs|feyenoord,Eredivisie,2026-09-05,05/09/2026 16:30,Nijmegen,Feyenoord,forebet,correct_score,1 - 2,1 - 2,,,,avg=3.41,2026-09-04T08:47:22Z
2026-09-05|nijmegen|vs|feyenoord,Eredivisie,2026-09-05,05/09/2026 16:30,Nijmegen,Feyenoord,forebet,over_under,Over,Over,32,68,,,2026-09-04T08:47:22Z
2026-09-05|nijmegen|vs|feyenoord,Eredivisie,2026-09-05,05/09/2026 16:30,Nijmegen,Feyenoord,forebet,btts,Yes,Yes,26,74,,,2026-09-04T08:47:22Z
2026-09-05|utrecht|vs|go-ahead-eagles,Eredivisie,2026-09-05,05/09/2026 18:45,Utrecht,Go Ahead Eagles,forebet,1x2,2,2,31,30,40,avg=4.35,2026-09-04T08:47:22Z
2026-09-05|utrecht|vs|go-ahead-eagles,Eredivisie,2026-09-05,05/09/2026 18:45,Utrecht,Go Ahead Eagles,forebet,correct_score,1 - 2,1 - 2,,,,avg=4.35,2026-09-04T08:47:22Z
2026-09-05|utrecht|vs|go-ahead-eagles,Eredivisie,2026-09-05,05/09/2026 18:45,Utrecht,Go Ahead Eagles,forebet,over_under,Over,Over,13,87,,,2026-09-04T08:47:22Z
2026-09-05|utrecht|vs|go-ahead-eagles,Eredivisie,2026-09-05,05/09/2026 18:45,Utrecht,Go Ahead Eagles,forebet,btts,Yes,Yes,20,80,,,2026-09-04T08:47:22Z
2026-09-05|ajax|vs|psv-eindhoven,Eredivisie,2026-09-05,05/09/2026 20:00,Ajax,PSV Eindhoven,forebet,1x2,2,2,22,34,43,avg=3.92,2026-09-04T08:47:22Z
2026-09-05|ajax|vs|psv-eindhoven,Eredivisie,2026-09-05,05/09/2026 20:00,Ajax,PSV Eindhoven,forebet,correct_score,1 - 2,1 - 2,,,,avg=3.92,2026-09-04T08:47:22Z
2026-09-05|ajax|vs|psv-eindhoven,Eredivisie,2026-09-05,05/09/2026 20:00,Ajax,PSV Eindhoven,forebet,over_under,Over,Over,22,78,,,2026-09-04T08:47:22Z
2026-09-05|ajax|vs|psv-eindhoven,Eredivisie,2026-09-05,05/09/2026 20:00,Ajax,PSV Eindhoven,forebet,btts,Yes,Yes,16,84,,,2026-09-04T08:47:22Z
2026-09-05|willem-ii-tilburg|vs|excelsior,Eredivisie,2026-09-05,05/09/2026 21:00,Willem II Tilburg,Excelsior,forebet,1x2,2,2,27,28,45,avg=3.60,2026-09-04T08:47:22Z
2026-09-05|willem-ii-tilburg|vs|excelsior,Eredivisie,2026-09-05,05/09/2026 21:00,Willem II Tilburg,Excelsior,forebet,correct_score,2 - 3,2 - 3,,,,avg=3.60,2026-09-04T08:47:22Z
2026-09-05|willem-ii-tilburg|vs|excelsior,Eredivisie,2026-09-05,05/09/2026 21:00,Willem II Tilburg,Excelsior,forebet,over_under,Over,Over,28,72,,,2026-09-04T08:47:22Z
2026-09-05|willem-ii-tilburg|vs|excelsior,Eredivisie,2026-09-05,05/09/2026 21:00,Willem II Tilburg,Excelsior,forebet,btts,Yes,Yes,17,83,,,2026-09-04T08:47:22Z
2026-09-06|groningen|vs|twente,Eredivisie,2026-09-06,06/09/2026 12:15,Groningen,Twente,forebet,1x2,2,2,26,35,39,avg=3.23,2026-09-04T08:47:22Z
2026-09-06|groningen|vs|twente,Eredivisie,2026-09-06,06/09/2026 12:15,Groningen,Twente,forebet,correct_score,2 - 3,2 - 3,,,,avg=3.23,2026-09-04T08:47:22Z
2026-09-06|groningen|vs|twente,Eredivisie,2026-09-06,06/09/2026 12:15,Groningen,Twente,forebet,over_under,Over,Over,35,65,,,2026-09-04T08:47:22Z
2026-09-06|groningen|vs|twente,Eredivisie,2026-09-06,06/09/2026 12:15,Groningen,Twente,forebet,btts,Yes,Yes,10,90,,,2026-09-04T08:47:22Z
2026-09-06|sc-telstar|vs|cambuur,Eredivisie,2026-09-06,06/09/2026 14:30,SC Telstar,Cambuur,forebet,1x2,1,1,40,28,32,avg=3.78,2026-09-04T08:47:22Z
2026-09-06|sc-telstar|vs|cambuur,Eredivisie,2026-09-06,06/09/2026 14:30,SC Telstar,Cambuur,forebet,correct_score,3 - 1,3 - 1,,,,avg=3.78,2026-09-04T08:47:22Z
2026-09-06|sc-telstar|vs|cambuur,Eredivisie,2026-09-06,06/09/2026 14:30,SC Telstar,Cambuur,forebet,over_under,Over,Over,24,76,,,2026-09-04T08:47:22Z
2026-09-06|sc-telstar|vs|cambuur,Eredivisie,2026-09-06,06/09/2026 14:30,SC Telstar,Cambuur,forebet,btts,Yes,Yes,39,61,,,2026-09-04T08:47:22Z
2026-09-06|heerenveen|vs|az-alkmaar,Eredivisie,2026-09-06,06/09/2026 14:30,Heerenveen,AZ Alkmaar,forebet,1x2,2,2,21,22,57,avg=3.14,2026-09-04T08:47:22Z
2026-09-06|heerenveen|vs|az-alkmaar,Eredivisie,2026-09-06,06/09/2026 14:30,Heerenveen,AZ Alkmaar,forebet,correct_score,1 - 3,1 - 3,,,,avg=3.14,2026-09-04T08:47:22Z
2026-09-06|heerenveen|vs|az-alkmaar,Eredivisie,2026-09-06,06/09/2026 14:30,Heerenveen,AZ Alkmaar,forebet,over_under,Over,Over,37,63,,,2026-09-04T08:47:22Z
2026-09-06|heerenveen|vs|az-alkmaar,Eredivisie,2026-09-06,06/09/2026 14:30,Heerenveen,AZ Alkmaar,forebet,btts,Yes,Yes,25,75,,,2026-09-04T08:47:22Z
2026-09-06|ado-den-haag|vs|fortuna-sittard,Eredivisie,2026-09-06,06/09/2026 16:45,ADO Den Haag,Fortuna Sittard,forebet,1x2,2,2,26,28,46,avg=3.56,2026-09-04T08:47:22Z
2026-09-06|ado-den-haag|vs|fortuna-sittard,Eredivisie,2026-09-06,06/09/2026 16:45,ADO Den Haag,Fortuna Sittard,forebet,correct_score,1 - 3,1 - 3,,,,avg=3.56,2026-09-04T08:47:22Z
2026-09-06|ado-den-haag|vs|fortuna-sittard,Eredivisie,2026-09-06,06/09/2026 16:45,ADO Den Haag,Fortuna Sittard,forebet,over_under,Over,Over,29,71,,,2026-09-04T08:47:22Z
2026-09-06|ado-den-haag|vs|fortuna-sittard,Eredivisie,2026-09-06,06/09/2026 16:45,ADO Den Haag,Fortuna Sittard,forebet,btts,Yes,Yes,29,71,,,2026-09-04T08:47:22Z
2026-08-28|groningen|vs|fortuna-sittard,Eredivisie,2026-08-28,28/08/2026 20:00,Groningen,Fortuna Sittard,forebet,1x2,1,1,42,32,26,avg=3.00,2026-09-04T08:47:22Z
2026-08-28|groningen|vs|fortuna-sittard,Eredivisie,2026-08-28,28/08/2026 20:00,Groningen,Fortuna Sittard,forebet,correct_score,2 - 1,2 - 1,,,,avg=3.00,2026-09-04T08:47:22Z
2026-08-28|groningen|vs|fortuna-sittard,Eredivisie,2026-08-28,28/08/2026 20:00,Groningen,Fortuna Sittard,forebet,over_under,Over,Over,40,60,,,2026-09-04T08:47:22Z
2026-08-28|groningen|vs|fortuna-sittard,Eredivisie,2026-08-28,28/08/2026 20:00,Groningen,Fortuna Sittard,forebet,btts,Yes,Yes,27,73,,,2026-09-04T08:47:22Z
2026-08-29|excelsior|vs|sparta-rotterdam,Eredivisie,2026-08-29,29/08/2026 16:30,Excelsior,Sparta Rotterdam,forebet,1x2,2,2,30,34,36,avg=3.33,2026-09-04T08:47:22Z
2026-08-29|excelsior|vs|sparta-rotterdam,Eredivisie,2026-08-29,29/08/2026 16:30,Excelsior,Sparta Rotterdam,forebet,correct_score,1 - 2,1 - 2,,,,avg=3.33,2026-09-04T08:47:22Z
2026-08-29|excelsior|vs|sparta-rotterdam,Eredivisie,2026-08-29,29/08/2026 16:30,Excelsior,Sparta Rotterdam,forebet,over_under,Over,Over,33,67,,,2026-09-04T08:47:22Z
2026-08-29|excelsior|vs|sparta-rotterdam,Eredivisie,2026-08-29,29/08/2026 16:30,Excelsior,Sparta Rotterdam,forebet,btts,Yes,Yes,22,78,,,2026-09-04T08:47:22Z
2026-08-29|az-alkmaar|vs|go-ahead-eagles,Eredivisie,2026-08-29,29/08/2026 18:45,AZ Alkmaar,Go Ahead Eagles,forebet,1x2,X,X,37,40,23,avg=3.12,2026-09-04T08:47:22Z
2026-08-29|az-alkmaar|vs|go-ahead-eagles,Eredivisie,2026-08-29,29/08/2026 18:45,AZ Alkmaar,Go Ahead Eagles,forebet,correct_score,2 - 2,2 - 2,,,,avg=3.12,2026-09-04T08:47:22Z
2026-08-29|az-alkmaar|vs|go-ahead-eagles,Eredivisie,2026-08-29,29/08/2026 18:45,AZ Alkmaar,Go Ahead Eagles,forebet,over_under,Over,Over,38,62,,,2026-09-04T08:47:22Z
2026-08-29|az-alkmaar|vs|go-ahead-eagles,Eredivisie,2026-08-29,29/08/2026 18:45,AZ Alkmaar,Go Ahead Eagles,forebet,btts,Yes,Yes,16,84,,,2026-09-04T08:47:22Z
2026-08-29|pec-zwolle|vs|nijmegen,Eredivisie,2026-08-29,29/08/2026 21:00,PEC Zwolle,Nijmegen,forebet,1x2,X,X,28,40,33,avg=3.13,2026-09-04T08:47:22Z
2026-08-29|pec-zwolle|vs|nijmegen,Eredivisie,2026-08-29,29/08/2026 21:00,PEC Zwolle,Nijmegen,forebet,correct_score,2 - 2,2 - 2,,,,avg=3.13,2026-09-04T08:47:22Z
2026-08-29|pec-zwolle|vs|nijmegen,Eredivisie,2026-08-29,29/08/2026 21:00,PEC Zwolle,Nijmegen,forebet,over_under,Over,Over,37,63,,,2026-09-04T08:47:22Z
2026-08-29|pec-zwolle|vs|nijmegen,Eredivisie,2026-08-29,29/08/2026 21:00,PEC Zwolle,Nijmegen,forebet,btts,Yes,Yes,38,62,,,2026-09-04T08:47:22Z
2026-08-30|utrecht|vs|psv-eindhoven,Eredivisie,2026-08-30,30/08/2026 12:15,Utrecht,PSV Eindhoven,forebet,1x2,2,2,16,21,63,avg=3.71,2026-09-04T08:47:22Z
2026-08-30|utrecht|vs|psv-eindhoven,Eredivisie,2026-08-30,30/08/2026 12:15,Utrecht,PSV Eindhoven,forebet,correct_score,1 - 2,1 - 2,,,,avg=3.71,2026-09-04T08:47:22Z
2026-08-30|utrecht|vs|psv-eindhoven,Eredivisie,2026-08-30,30/08/2026 12:15,Utrecht,PSV Eindhoven,forebet,over_under,Over,Over,26,74,,,2026-09-04T08:47:22Z
2026-08-30|utrecht|vs|psv-eindhoven,Eredivisie,2026-08-30,30/08/2026 12:15,Utrecht,PSV Eindhoven,forebet,btts,Yes,Yes,22,78,,,2026-09-04T08:47:22Z
2026-08-30|feyenoord|vs|ado-den-haag,Eredivisie,2026-08-30,30/08/2026 14:30,Feyenoord,ADO Den Haag,forebet,1x2,1,1,72,16,12,avg=3.55,2026-09-04T08:47:22Z
2026-08-30|feyenoord|vs|ado-den-haag,Eredivisie,2026-08-30,30/08/2026 14:30,Feyenoord,ADO Den Haag,forebet,correct_score,2 - 1,2 - 1,,,,avg=3.55,2026-09-04T08:47:22Z
2026-08-30|feyenoord|vs|ado-den-haag,Eredivisie,2026-08-30,30/08/2026 14:30,Feyenoord,ADO Den Haag,forebet,over_under,Over,Over,29,71,,,2026-09-04T08:47:22Z
2026-08-30|feyenoord|vs|ado-den-haag,Eredivisie,2026-08-30,30/08/2026 14:30,Feyenoord,ADO Den Haag,forebet,btts,Yes,Yes,35,65,,,2026-09-04T08:47:22Z
2026-08-30|willem-ii-tilburg|vs|heerenveen,Eredivisie,2026-08-30,30/08/2026 14:30,Willem II Tilburg,Heerenveen,forebet,1x2,2,2,27,31,42,avg=4.13,2026-09-04T08:47:22Z
2026-08-30|willem-ii-tilburg|vs|heerenveen,Eredivisie,2026-08-30,30/08/2026 14:30,Willem II Tilburg,Heerenveen,forebet,correct_score,1 - 2,1 - 2,,,,avg=4.13,2026-09-04T08:47:22Z
2026-08-30|willem-ii-tilburg|vs|heerenveen,Eredivisie,2026-08-30,30/08/2026 14:30,Willem II Tilburg,Heerenveen,forebet,over_under,Over,Over,17,83,,,2026-09-04T08:47:22Z
2026-08-30|willem-ii-tilburg|vs|heerenveen,Eredivisie,2026-08-30,30/08/2026 14:30,Willem II Tilburg,Heerenveen,forebet,btts,Yes,Yes,41,59,,,2026-09-04T08:47:22Z
2026-08-30|sc-telstar|vs|ajax,Eredivisie,2026-08-30,30/08/2026 16:45,SC Telstar,Ajax,forebet,1x2,2,2,11,30,59,avg=3.50,2026-09-04T08:47:22Z
2026-08-30|sc-telstar|vs|ajax,Eredivisie,2026-08-30,30/08/2026 16:45,SC Telstar,Ajax,forebet,correct_score,1 - 3,1 - 3,,,,avg=3.50,2026-09-04T08:47:22Z
2026-08-30|sc-telstar|vs|ajax,Eredivisie,2026-08-30,30/08/2026 16:45,SC Telstar,Ajax,forebet,over_under,Over,Over,30,70,,,2026-09-04T08:47:22Z
2026-08-30|sc-telstar|vs|ajax,Eredivisie,2026-08-30,30/08/2026 16:45,SC Telstar,Ajax,forebet,btts,Yes,Yes,20,80,,,2026-09-04T08:47:22Z
2026-08-30|cambuur|vs|twente,Eredivisie,2026-08-30,30/08/2026 20:00,Cambuur,Twente,forebet,1x2,2,2,22,35,43,avg=3.15,2026-09-04T08:47:22Z
2026-08-30|cambuur|vs|twente,Eredivisie,2026-08-30,30/08/2026 20:00,Cambuur,Twente,forebet,correct_score,1 - 3,1 - 3,,,,avg=3.15,2026-09-04T08:47:22Z
2026-08-30|cambuur|vs|twente,Eredivisie,2026-08-30,30/08/2026 20:00,Cambuur,Twente,forebet,over_under,Over,Over,37,63,,,2026-09-04T08:47:22Z
2026-08-30|cambuur|vs|twente,Eredivisie,2026-08-30,30/08/2026 20:00,Cambuur,Twente,forebet,btts,Yes,Yes,30,70,,,2026-09-04T08:47:22Z
2026-09-04|porto|vs|moreirense-fc,Liga Portugal,2026-09-04,04/09/2026 21:15,Porto,Moreirense FC,forebet,1x2,1,1,62,24,14,avg=2.58,2026-09-04T08:47:22Z
2026-09-04|porto|vs|moreirense-fc,Liga Portugal,2026-09-04,04/09/2026 21:15,Porto,Moreirense FC,forebet,correct_score,3 - 0,3 - 0,,,,avg=2.58,2026-09-04T08:47:22Z
2026-09-04|porto|vs|moreirense-fc,Liga Portugal,2026-09-04,04/09/2026 21:15,Porto,Moreirense FC,forebet,over_under,Over,Over,48,52,,,2026-09-04T08:47:22Z
2026-09-04|porto|vs|moreirense-fc,Liga Portugal,2026-09-04,04/09/2026 21:15,Porto,Moreirense FC,forebet,btts,No,No,51,49,,,2026-09-04T08:47:22Z
2026-09-05|estrela-amadora|vs|fc-famalic-o,Liga Portugal,2026-09-05,05/09/2026 16:30,Estrela Amadora,FC Famalicão,forebet,1x2,X,X,37,46,18,avg=1.92,2026-09-04T08:47:22Z
2026-09-05|estrela-amadora|vs|fc-famalic-o,Liga Portugal,2026-09-05,05/09/2026 16:30,Estrela Amadora,FC Famalicão,forebet,correct_score,1 - 1,1 - 1,,,,avg=1.92,2026-09-04T08:47:22Z
2026-09-05|estrela-amadora|vs|fc-famalic-o,Liga Portugal,2026-09-05,05/09/2026 16:30,Estrela Amadora,FC Famalicão,forebet,over_under,Under,Under,62,38,,,2026-09-04T08:47:22Z
2026-09-05|estrela-amadora|vs|fc-famalic-o,Liga Portugal,2026-09-05,05/09/2026 16:30,Estrela Amadora,FC Famalicão,forebet,btts,Yes,Yes,47,53,,,2026-09-04T08:47:22Z
2026-09-05|mar-timo|vs|sl-benfica,Liga Portugal,2026-09-05,05/09/2026 19:00,Marítimo,SL Benfica,forebet,1x2,2,2,8,36,55,avg=3.70,2026-09-04T08:47:22Z
2026-09-05|mar-timo|vs|sl-benfica,Liga Portugal,2026-09-05,05/09/2026 19:00,Marítimo,SL Benfica,forebet,correct_score,1 - 3,1 - 3,,,,avg=3.70,2026-09-04T08:47:22Z
2026-09-05|mar-timo|vs|sl-benfica,Liga Portugal,2026-09-05,05/09/2026 19:00,Marítimo,SL Benfica,forebet,over_under,Over,Over,26,74,,,2026-09-04T08:47:22Z
2026-09-05|mar-timo|vs|sl-benfica,Liga Portugal,2026-09-05,05/09/2026 19:00,Marítimo,SL Benfica,forebet,btts,Yes,Yes,19,81,,,2026-09-04T08:47:22Z
2026-09-05|fc-alverca|vs|sporting-braga,Liga Portugal,2026-09-05,05/09/2026 19:00,FC Alverca,Sporting Braga,forebet,1x2,2,2,18,39,43,avg=3.48,2026-09-04T08:47:22Z
2026-09-05|fc-alverca|vs|sporting-braga,Liga Portugal,2026-09-05,05/09/2026 19:00,FC Alverca,Sporting Braga,forebet,correct_score,1 - 2,1 - 2,,,,avg=3.48,2026-09-04T08:47:22Z
2026-09-05|fc-alverca|vs|sporting-braga,Liga Portugal,2026-09-05,05/09/2026 19:00,FC Alverca,Sporting Braga,forebet,over_under,Over,Over,30,70,,,2026-09-04T08:47:22Z
2026-09-05|fc-alverca|vs|sporting-braga,Liga Portugal,2026-09-05,05/09/2026 19:00,FC Alverca,Sporting Braga,forebet,btts,Yes,Yes,41,59,,,2026-09-04T08:47:22Z
2026-09-05|sporting-cp|vs|nacional-madeira,Liga Portugal,2026-09-05,05/09/2026 21:30,Sporting CP,Nacional Madeira,forebet,1x2,1,1,58,28,13,avg=3.19,2026-09-04T08:47:22Z
2026-09-05|sporting-cp|vs|nacional-madeira,Liga Portugal,2026-09-05,05/09/2026 21:30,Sporting CP,Nacional Madeira,forebet,correct_score,2 - 1,2 - 1,,,,avg=3.19,2026-09-04T08:47:22Z
2026-09-05|sporting-cp|vs|nacional-madeira,Liga Portugal,2026-09-05,05/09/2026 21:30,Sporting CP,Nacional Madeira,forebet,over_under,Over,Over,36,64,,,2026-09-04T08:47:22Z
2026-09-05|sporting-cp|vs|nacional-madeira,Liga Portugal,2026-09-05,05/09/2026 21:30,Sporting CP,Nacional Madeira,forebet,btts,Yes,Yes,28,72,,,2026-09-04T08:47:22Z
2026-09-06|santa-clara|vs|rio-ave,Liga Portugal,2026-09-06,06/09/2026 16:30,Santa Clara,Rio Ave,forebet,1x2,1,1,45,27,28,avg=2.19,2026-09-04T08:47:22Z
2026-09-06|santa-clara|vs|rio-ave,Liga Portugal,2026-09-06,06/09/2026 16:30,Santa Clara,Rio Ave,forebet,correct_score,2 - 0,2 - 0,,,,avg=2.19,2026-09-04T08:47:22Z
2026-09-06|santa-clara|vs|rio-ave,Liga Portugal,2026-09-06,06/09/2026 16:30,Santa Clara,Rio Ave,forebet,over_under,Under,Under,56,44,,,2026-09-04T08:47:22Z
2026-09-06|santa-clara|vs|rio-ave,Liga Portugal,2026-09-06,06/09/2026 16:30,Santa Clara,Rio Ave,forebet,btts,No,No,63,37,,,2026-09-04T08:47:22Z
2026-09-06|vit-ria|vs|casa-pia-ac,Liga Portugal,2026-09-06,06/09/2026 19:00,Vitória,Casa Pia AC,forebet,1x2,1,1,51,30,19,avg=1.07,2026-09-04T08:47:22Z
2026-09-06|vit-ria|vs|casa-pia-ac,Liga Portugal,2026-09-06,06/09/2026 19:00,Vitória,Casa Pia AC,forebet,correct_score,1 - 0,1 - 0,,,,avg=1.07,2026-09-04T08:47:22Z
2026-09-06|vit-ria|vs|casa-pia-ac,Liga Portugal,2026-09-06,06/09/2026 19:00,Vitória,Casa Pia AC,forebet,over_under,Under,Under,79,21,,,2026-09-04T08:47:22Z
2026-09-06|vit-ria|vs|casa-pia-ac,Liga Portugal,2026-09-06,06/09/2026 19:00,Vitória,Casa Pia AC,forebet,btts,No,No,83,17,,,2026-09-04T08:47:22Z
2026-09-06|gil-vicente|vs|acad-mico-viseu,Liga Portugal,2026-09-06,06/09/2026 21:30,Gil Vicente,Académico Viseu,forebet,1x2,1,1,44,42,14,avg=2.32,2026-09-04T08:47:22Z
2026-09-06|gil-vicente|vs|acad-mico-viseu,Liga Portugal,2026-09-06,06/09/2026 21:30,Gil Vicente,Académico Viseu,forebet,correct_score,2 - 0,2 - 0,,,,avg=2.32,2026-09-04T08:47:22Z
2026-09-06|gil-vicente|vs|acad-mico-viseu,Liga Portugal,2026-09-06,06/09/2026 21:30,Gil Vicente,Académico Viseu,forebet,over_under,Under,Under,54,46,,,2026-09-04T08:47:22Z
2026-09-06|gil-vicente|vs|acad-mico-viseu,Liga Portugal,2026-09-06,06/09/2026 21:30,Gil Vicente,Académico Viseu,forebet,btts,No,No,60,40,,,2026-09-04T08:47:22Z
2026-09-07|gd-estoril|vs|fc-arouca,Liga Portugal,2026-09-07,07/09/2026 21:15,GD Estoril,FC Arouca,forebet,1x2,2,2,28,20,51,avg=2.43,2026-09-04T08:47:22Z
2026-09-07|gd-estoril|vs|fc-arouca,Liga Portugal,2026-09-07,07/09/2026 21:15,GD Estoril,FC Arouca,forebet,correct_score,0 - 2,0 - 2,,,,avg=2.43,2026-09-04T08:47:22Z
2026-09-07|gd-estoril|vs|fc-arouca,Liga Portugal,2026-09-07,07/09/2026 21:15,GD Estoril,FC Arouca,forebet,over_under,Under,Under,51,49,,,2026-09-04T08:47:22Z
2026-09-07|gd-estoril|vs|fc-arouca,Liga Portugal,2026-09-07,07/09/2026 21:15,GD Estoril,FC Arouca,forebet,btts,No,No,57,43,,,2026-09-04T08:47:22Z
2026-09-09|moreirense-fc|vs|sl-benfica,Liga Portugal,2026-09-09,09/09/2026 21:45,Moreirense FC,SL Benfica,forebet,1x2,2,2,12,34,54,avg=4.29,2026-09-04T08:47:22Z
2026-09-09|moreirense-fc|vs|sl-benfica,Liga Portugal,2026-09-09,09/09/2026 21:45,Moreirense FC,SL Benfica,forebet,correct_score,1 - 3,1 - 3,,,,avg=4.29,2026-09-04T08:47:22Z
2026-09-09|moreirense-fc|vs|sl-benfica,Liga Portugal,2026-09-09,09/09/2026 21:45,Moreirense FC,SL Benfica,forebet,over_under,Over,Over,14,86,,,2026-09-04T08:47:22Z
2026-09-09|moreirense-fc|vs|sl-benfica,Liga Portugal,2026-09-09,09/09/2026 21:45,Moreirense FC,SL Benfica,forebet,btts,Yes,Yes,22,78,,,2026-09-04T08:47:22Z
2026-09-10|estrela-amadora|vs|sporting-braga,Liga Portugal,2026-09-10,10/09/2026 21:15,Estrela Amadora,Sporting Braga,forebet,1x2,X,X,13,50,37,avg=3.23,2026-09-04T08:47:22Z
2026-09-10|estrela-amadora|vs|sporting-braga,Liga Portugal,2026-09-10,10/09/2026 21:15,Estrela Amadora,Sporting Braga,forebet,correct_score,2 - 2,2 - 2,,,,avg=3.23,2026-09-04T08:47:22Z
2026-09-10|estrela-amadora|vs|sporting-braga,Liga Portugal,2026-09-10,10/09/2026 21:15,Estrela Amadora,Sporting Braga,forebet,over_under,Over,Over,35,65,,,2026-09-04T08:47:22Z
2026-09-10|estrela-amadora|vs|sporting-braga,Liga Portugal,2026-09-10,10/09/2026 21:15,Estrela Amadora,Sporting Braga,forebet,btts,Yes,Yes,25,75,,,2026-09-04T08:47:22Z
2026-08-28|rio-ave|vs|sporting-cp,Liga Portugal,2026-08-28,28/08/2026 21:15,Rio Ave,Sporting CP,forebet,1x2,2,2,10,31,59,avg=2.89,2026-09-04T08:47:22Z
2026-08-28|rio-ave|vs|sporting-cp,Liga Portugal,2026-08-28,28/08/2026 21:15,Rio Ave,Sporting CP,forebet,correct_score,0 - 3,0 - 3,,,,avg=2.89,2026-09-04T08:47:22Z
2026-08-28|rio-ave|vs|sporting-cp,Liga Portugal,2026-08-28,28/08/2026 21:15,Rio Ave,Sporting CP,forebet,over_under,Over,Over,42,58,,,2026-09-04T08:47:22Z
2026-08-28|rio-ave|vs|sporting-cp,Liga Portugal,2026-08-28,28/08/2026 21:15,Rio Ave,Sporting CP,forebet,btts,No,No,51,49,,,2026-09-04T08:47:22Z
2026-08-29|fc-arouca|vs|mar-timo,Liga Portugal,2026-08-29,29/08/2026 16:30,FC Arouca,Marítimo,forebet,1x2,2,2,29,35,36,avg=3.00,2026-09-04T08:47:22Z
2026-08-29|fc-arouca|vs|mar-timo,Liga Portugal,2026-08-29,29/08/2026 16:30,FC Arouca,Marítimo,forebet,correct_score,1 - 2,1 - 2,,,,avg=3.00,2026-09-04T08:47:22Z
2026-08-29|fc-arouca|vs|mar-timo,Liga Portugal,2026-08-29,29/08/2026 16:30,FC Arouca,Marítimo,forebet,over_under,Over,Over,40,60,,,2026-09-04T08:47:22Z
2026-08-29|fc-arouca|vs|mar-timo,Liga Portugal,2026-08-29,29/08/2026 16:30,FC Arouca,Marítimo,forebet,btts,Yes,Yes,32,68,,,2026-09-04T08:47:22Z
2026-08-29|fc-alverca|vs|santa-clara,Liga Portugal,2026-08-29,29/08/2026 16:30,FC Alverca,Santa Clara,forebet,1x2,2,2,23,32,45,avg=2.33,2026-09-04T08:47:22Z
2026-08-29|fc-alverca|vs|santa-clara,Liga Portugal,2026-08-29,29/08/2026 16:30,FC Alverca,Santa Clara,forebet,correct_score,0 - 2,0 - 2,,,,avg=2.33,2026-09-04T08:47:22Z
2026-08-29|fc-alverca|vs|santa-clara,Liga Portugal,2026-08-29,29/08/2026 16:30,FC Alverca,Santa Clara,forebet,over_under,Under,Under,53,47,,,2026-09-04T08:47:22Z
2026-08-29|fc-alverca|vs|santa-clara,Liga Portugal,2026-08-29,29/08/2026 16:30,FC Alverca,Santa Clara,forebet,btts,No,No,56,44,,,2026-09-04T08:47:22Z
2026-08-29|acad-mico-viseu|vs|porto,Liga Portugal,2026-08-29,29/08/2026 19:00,Académico Viseu,Porto,forebet,1x2,2,2,6,16,79,avg=2.15,2026-09-04T08:47:22Z
2026-08-29|acad-mico-viseu|vs|porto,Liga Portugal,2026-08-29,29/08/2026 19:00,Académico Viseu,Porto,forebet,correct_score,0 - 2,0 - 2,,,,avg=2.15,2026-09-04T08:47:22Z
2026-08-29|acad-mico-viseu|vs|porto,Liga Portugal,2026-08-29,29/08/2026 19:00,Académico Viseu,Porto,forebet,over_under,Under,Under,57,43,,,2026-09-04T08:47:22Z
2026-08-29|acad-mico-viseu|vs|porto,Liga Portugal,2026-08-29,29/08/2026 19:00,Académico Viseu,Porto,forebet,btts,No,No,51,49,,,2026-09-04T08:47:22Z
2026-08-30|nacional-madeira|vs|estrela-amadora,Liga Portugal,2026-08-30,30/08/2026 16:30,Nacional Madeira,Estrela Amadora,forebet,1x2,X,X,30,48,22,avg=2.45,2026-09-04T08:47:22Z
2026-08-30|nacional-madeira|vs|estrela-amadora,Liga Portugal,2026-08-30,30/08/2026 16:30,Nacional Madeira,Estrela Amadora,forebet,correct_score,1 - 1,1 - 1,,,,avg=2.45,2026-09-04T08:47:22Z
2026-08-30|nacional-madeira|vs|estrela-amadora,Liga Portugal,2026-08-30,30/08/2026 16:30,Nacional Madeira,Estrela Amadora,forebet,over_under,Under,Under,51,49,,,2026-09-04T08:47:22Z
2026-08-30|nacional-madeira|vs|estrela-amadora,Liga Portugal,2026-08-30,30/08/2026 16:30,Nacional Madeira,Estrela Amadora,forebet,btts,Yes,Yes,36,64,,,2026-09-04T08:47:22Z
2026-08-30|casa-pia-ac|vs|moreirense-fc,Liga Portugal,2026-08-30,30/08/2026 19:00,Casa Pia AC,Moreirense FC,forebet,1x2,X,X,31,44,25,avg=4.42,2026-09-04T08:47:22Z
2026-08-30|casa-pia-ac|vs|moreirense-fc,Liga Portugal,2026-08-30,30/08/2026 19:00,Casa Pia AC,Moreirense FC,forebet,correct_score,2 - 2,2 - 2,,,,avg=4.42,2026-09-04T08:47:22Z
2026-08-30|casa-pia-ac|vs|moreirense-fc,Liga Portugal,2026-08-30,30/08/2026 19:00,Casa Pia AC,Moreirense FC,forebet,over_under,Over,Over,12,88,,,2026-09-04T08:47:22Z
2026-08-30|casa-pia-ac|vs|moreirense-fc,Liga Portugal,2026-08-30,30/08/2026 19:00,Casa Pia AC,Moreirense FC,forebet,btts,Yes,Yes,47,53,,,2026-09-04T08:47:22Z
2026-08-30|fc-famalic-o|vs|gil-vicente,Liga Portugal,2026-08-30,30/08/2026 21:30,FC Famalicão,Gil Vicente,forebet,1x2,2,2,28,30,42,avg=2.00,2026-09-04T08:47:22Z
2026-08-30|fc-famalic-o|vs|gil-vicente,Liga Portugal,2026-08-30,30/08/2026 21:30,FC Famalicão,Gil Vicente,forebet,correct_score,0 - 1,0 - 1,,,,avg=2.00,2026-09-04T08:47:22Z
2026-08-30|fc-famalic-o|vs|gil-vicente,Liga Portugal,2026-08-30,30/08/2026 21:30,FC Famalicão,Gil Vicente,forebet,over_under,Under,Under,60,40,,,2026-09-04T08:47:22Z
2026-08-30|fc-famalic-o|vs|gil-vicente,Liga Portugal,2026-08-30,30/08/2026 21:30,FC Famalicão,Gil Vicente,forebet,btts,No,No,63,37,,,2026-09-04T08:47:22Z
2026-08-31|sl-benfica|vs|gd-estoril,Liga Portugal,2026-08-31,31/08/2026 21:15,SL Benfica,GD Estoril,forebet,1x2,1,1,68,28,5,avg=3.08,2026-09-04T08:47:22Z
2026-08-31|sl-benfica|vs|gd-estoril,Liga Portugal,2026-08-31,31/08/2026 21:15,SL Benfica,GD Estoril,forebet,correct_score,3 - 0,3 - 0,,,,avg=3.08,2026-09-04T08:47:22Z
2026-08-31|sl-benfica|vs|gd-estoril,Liga Portugal,2026-08-31,31/08/2026 21:15,SL Benfica,GD Estoril,forebet,over_under,Over,Over,38,62,,,2026-09-04T08:47:22Z
2026-08-31|sl-benfica|vs|gd-estoril,Liga Portugal,2026-08-31,31/08/2026 21:15,SL Benfica,GD Estoril,forebet,btts,No,No,51,49,,,2026-09-04T08:47:22Z
2026-08-31|sporting-braga|vs|vit-ria,Liga Portugal,2026-08-31,31/08/2026 21:15,Sporting Braga,Vitória,forebet,1x2,1,1,42,30,28,avg=2.40,2026-09-04T08:47:22Z
2026-08-31|sporting-braga|vs|vit-ria,Liga Portugal,2026-08-31,31/08/2026 21:15,Sporting Braga,Vitória,forebet,correct_score,2 - 0,2 - 0,,,,avg=2.40,2026-09-04T08:47:22Z
2026-08-31|sporting-braga|vs|vit-ria,Liga Portugal,2026-08-31,31/08/2026 21:15,Sporting Braga,Vitória,forebet,over_under,Under,Under,52,48,,,2026-09-04T08:47:22Z
2026-08-31|sporting-braga|vs|vit-ria,Liga Portugal,2026-08-31,31/08/2026 21:15,Sporting Braga,Vitória,forebet,btts,No,No,52,48,,,2026-09-04T08:47:22Z
2026-08-21|arsenal|vs|coventry,Premier League,2026-08-21,21/08/2026 21:00,Arsenal,Coventry City,forebet,1x2,1,1,79,11,10,avg=3.24,2026-08-17T05:23:43Z
2026-08-21|arsenal|vs|coventry,Premier League,2026-08-21,21/08/2026 21:00,Arsenal,Coventry City,forebet,correct_score,3 - 0,3 - 0,,,,avg=3.24,2026-08-17T05:23:43Z
2026-08-21|arsenal|vs|coventry,Premier League,2026-08-21,21/08/2026 21:00,Arsenal,Coventry City,forebet,over_under,Over,Over,35,65,,,2026-08-17T05:23:43Z
2026-08-21|arsenal|vs|coventry,Premier League,2026-08-21,21/08/2026 21:00,Arsenal,Coventry City,forebet,btts,No,No,51,49,,,2026-08-17T05:23:43Z
2026-08-22|hull|vs|manchester-united,Premier League,2026-08-22,22/08/2026 13:30,Hull City,Manchester United,forebet,1x2,2,2,19,28,54,avg=2.89,2026-08-17T05:23:43Z
2026-08-22|hull|vs|manchester-united,Premier League,2026-08-22,22/08/2026 13:30,Hull City,Manchester United,forebet,correct_score,0 - 3,0 - 3,,,,avg=2.89,2026-08-17T05:23:43Z
2026-08-22|hull|vs|manchester-united,Premier League,2026-08-22,22/08/2026 13:30,Hull City,Manchester United,forebet,over_under,Over,Over,42,58,,,2026-08-17T05:23:43Z
2026-08-22|hull|vs|manchester-united,Premier League,2026-08-22,22/08/2026 13:30,Hull City,Manchester United,forebet,btts,No,No,51,49,,,2026-08-17T05:23:43Z
2026-08-22|nottingham-forest|vs|leeds-united,Premier League,2026-08-22,22/08/2026 16:00,Nottingham Forest,Leeds United,forebet,1x2,X,X,35,37,28,avg=2.40,2026-08-17T05:23:43Z
2026-08-22|nottingham-forest|vs|leeds-united,Premier League,2026-08-22,22/08/2026 16:00,Nottingham Forest,Leeds United,forebet,correct_score,1 - 1,1 - 1,,,,avg=2.40,2026-08-17T05:23:43Z
2026-08-22|nottingham-forest|vs|leeds-united,Premier League,2026-08-22,22/08/2026 16:00,Nottingham Forest,Leeds United,forebet,over_under,Under,Under,52,48,,,2026-08-17T05:23:43Z
2026-08-22|nottingham-forest|vs|leeds-united,Premier League,2026-08-22,22/08/2026 16:00,Nottingham Forest,Leeds United,forebet,btts,Yes,Yes,43,57,,,2026-08-17T05:23:43Z
2026-08-22|ipswich|vs|sunderland,Premier League,2026-08-22,22/08/2026 16:00,Ipswich Town,Sunderland,forebet,1x2,1,1,38,27,36,avg=2.56,2026-08-17T05:23:43Z
2026-08-22|ipswich|vs|sunderland,Premier League,2026-08-22,22/08/2026 16:00,Ipswich Town,Sunderland,forebet,correct_score,2 - 1,2 - 1,,,,avg=2.56,2026-08-17T05:23:43Z
2026-08-22|ipswich|vs|sunderland,Premier League,2026-08-22,22/08/2026 16:00,Ipswich Town,Sunderland,forebet,over_under,Over,Over,49,51,,,2026-08-17T05:23:43Z
2026-08-22|ipswich|vs|sunderland,Premier League,2026-08-22,22/08/2026 16:00,Ipswich Town,Sunderland,forebet,btts,Yes,Yes,41,59,,,2026-08-17T05:23:43Z
2026-08-22|everton|vs|crystal-palace,Premier League,2026-08-22,22/08/2026 16:00,Everton,Crystal Palace,forebet,1x2,1,1,42,28,29,avg=2.64,2026-08-17T05:23:43Z
2026-08-22|everton|vs|crystal-palace,Premier League,2026-08-22,22/08/2026 16:00,Everton,Crystal Palace,forebet,correct_score,2 - 1,2 - 1,,,,avg=2.64,2026-08-17T05:23:43Z
2026-08-22|everton|vs|crystal-palace,Premier League,2026-08-22,22/08/2026 16:00,Everton,Crystal Palace,forebet,over_under,Over,Over,47,53,,,2026-08-17T05:23:43Z
2026-08-22|everton|vs|crystal-palace,Premier League,2026-08-22,22/08/2026 16:00,Everton,Crystal Palace,forebet,btts,Yes,Yes,44,56,,,2026-08-17T05:23:43Z
2026-08-22|brentford|vs|tottenham,Premier League,2026-08-22,22/08/2026 18:30,Brentford,Tottenham,forebet,1x2,2,2,30,32,38,avg=2.75,2026-08-17T05:23:43Z
2026-08-22|brentford|vs|tottenham,Premier League,2026-08-22,22/08/2026 18:30,Brentford,Tottenham,forebet,correct_score,1 - 2,1 - 2,,,,avg=2.75,2026-08-17T05:23:43Z
2026-08-22|brentford|vs|tottenham,Premier League,2026-08-22,22/08/2026 18:30,Brentford,Tottenham,forebet,over_under,Over,Over,45,55,,,2026-08-17T05:23:43Z
2026-08-22|brentford|vs|tottenham,Premier League,2026-08-22,22/08/2026 18:30,Brentford,Tottenham,forebet,btts,Yes,Yes,38,62,,,2026-08-17T05:23:43Z
2026-08-23|manchester-city|vs|bournemouth,Premier League,2026-08-23,23/08/2026 15:00,Manchester City,Bournemouth,forebet,1x2,1,1,67,19,14,avg=3.37,2026-08-17T05:23:43Z
2026-08-23|manchester-city|vs|bournemouth,Premier League,2026-08-23,23/08/2026 15:00,Manchester City,Bournemouth,forebet,correct_score,3 - 0,3 - 0,,,,avg=3.37,2026-08-17T05:23:43Z
2026-08-23|manchester-city|vs|bournemouth,Premier League,2026-08-23,23/08/2026 15:00,Manchester City,Bournemouth,forebet,over_under,Over,Over,33,67,,,2026-08-17T05:23:43Z
2026-08-23|manchester-city|vs|bournemouth,Premier League,2026-08-23,23/08/2026 15:00,Manchester City,Bournemouth,forebet,btts,No,No,51,49,,,2026-08-17T05:23:43Z
2026-08-23|brighton|vs|aston-villa,Premier League,2026-08-23,23/08/2026 15:00,Brighton,Aston Villa,forebet,1x2,2,2,30,28,42,avg=2.77,2026-08-17T05:23:43Z
2026-08-23|brighton|vs|aston-villa,Premier League,2026-08-23,23/08/2026 15:00,Brighton,Aston Villa,forebet,correct_score,1 - 2,1 - 2,,,,avg=2.77,2026-08-17T05:23:43Z
2026-08-23|brighton|vs|aston-villa,Premier League,2026-08-23,23/08/2026 15:00,Brighton,Aston Villa,forebet,over_under,Over,Over,45,55,,,2026-08-17T05:23:43Z
2026-08-23|brighton|vs|aston-villa,Premier League,2026-08-23,23/08/2026 15:00,Brighton,Aston Villa,forebet,btts,Yes,Yes,36,64,,,2026-08-17T05:23:43Z
2026-08-23|newcastle|vs|liverpool,Premier League,2026-08-23,23/08/2026 17:30,Newcastle United,Liverpool,forebet,1x2,2,2,38,18,44,avg=3.20,2026-08-17T05:23:43Z
2026-08-23|newcastle|vs|liverpool,Premier League,2026-08-23,23/08/2026 17:30,Newcastle United,Liverpool,forebet,correct_score,1 - 3,1 - 3,,,,avg=3.20,2026-08-17T05:23:43Z
2026-08-23|newcastle|vs|liverpool,Premier League,2026-08-23,23/08/2026 17:30,Newcastle United,Liverpool,forebet,over_under,Over,Over,36,64,,,2026-08-17T05:23:43Z
2026-08-23|newcastle|vs|liverpool,Premier League,2026-08-23,23/08/2026 17:30,Newcastle United,Liverpool,forebet,btts,Yes,Yes,25,75,,,2026-08-17T05:23:43Z
2026-08-24|fulham|vs|chelsea,Premier League,2026-08-24,24/08/2026 21:00,Fulham,Chelsea,forebet,1x2,2,2,32,25,44,avg=2.57,2026-08-17T05:23:43Z
2026-08-24|fulham|vs|chelsea,Premier League,2026-08-24,24/08/2026 21:00,Fulham,Chelsea,forebet,correct_score,1 - 2,1 - 2,,,,avg=2.57,2026-08-17T05:23:43Z
2026-08-24|fulham|vs|chelsea,Premier League,2026-08-24,24/08/2026 21:00,Fulham,Chelsea,forebet,over_under,Over,Over,49,51,,,2026-08-17T05:23:43Z
2026-08-24|fulham|vs|chelsea,Premier League,2026-08-24,24/08/2026 21:00,Fulham,Chelsea,forebet,btts,Yes,Yes,38,62,,,2026-08-17T05:23:43Z
2026-08-15|deportivo-alav-s|vs|getafe,La Liga,2026-08-15,15/08/2026 19:30,Deportivo Alavés,Getafe,forebet,1x2,1,1,36,32,33,avg=2.23,2026-08-17T05:23:43Z
2026-08-15|deportivo-alav-s|vs|getafe,La Liga,2026-08-15,15/08/2026 19:30,Deportivo Alavés,Getafe,forebet,correct_score,2 - 0,2 - 0,,,,avg=2.23,2026-08-17T05:23:43Z
2026-08-15|deportivo-alav-s|vs|getafe,La Liga,2026-08-15,15/08/2026 19:30,Deportivo Alavés,Getafe,forebet,over_under,Under,Under,55,45,,,2026-08-17T05:23:43Z
2026-08-15|deportivo-alav-s|vs|getafe,La Liga,2026-08-15,15/08/2026 19:30,Deportivo Alavés,Getafe,forebet,btts,No,No,55,45,,,2026-08-17T05:23:43Z
2026-08-15|sevilla|vs|rayo-vallecano,La Liga,2026-08-15,15/08/2026 21:30,Sevilla,Rayo Vallecano,forebet,1x2,1,1,48,27,25,avg=2.67,2026-08-17T05:23:43Z
2026-08-15|sevilla|vs|rayo-vallecano,La Liga,2026-08-15,15/08/2026 21:30,Sevilla,Rayo Vallecano,forebet,correct_score,2 - 1,2 - 1,,,,avg=2.67,2026-08-17T05:23:43Z
2026-08-15|sevilla|vs|rayo-vallecano,La Liga,2026-08-15,15/08/2026 21:30,Sevilla,Rayo Vallecano,forebet,over_under,Over,Over,47,53,,,2026-08-17T05:23:43Z
2026-08-15|sevilla|vs|rayo-vallecano,La Liga,2026-08-15,15/08/2026 21:30,Sevilla,Rayo Vallecano,forebet,btts,Yes,Yes,42,58,,,2026-08-17T05:23:43Z
2026-08-16|racing-santander|vs|villarreal,La Liga,2026-08-16,16/08/2026 17:00,Racing Santander,Villarreal,forebet,1x2,2,2,33,24,44,avg=2.68,2026-08-17T05:23:43Z
2026-08-16|racing-santander|vs|villarreal,La Liga,2026-08-16,16/08/2026 17:00,Racing Santander,Villarreal,forebet,correct_score,1 - 2,1 - 2,,,,avg=2.68,2026-08-17T05:23:43Z
2026-08-16|racing-santander|vs|villarreal,La Liga,2026-08-16,16/08/2026 17:00,Racing Santander,Villarreal,forebet,over_under,Over,Over,46,54,,,2026-08-17T05:23:43Z
2026-08-16|racing-santander|vs|villarreal,La Liga,2026-08-16,16/08/2026 17:00,Racing Santander,Villarreal,forebet,btts,Yes,Yes,29,71,,,2026-08-17T05:23:43Z
2026-08-16|espanyol|vs|levante,La Liga,2026-08-16,16/08/2026 19:00,Espanyol,Levante,forebet,1x2,1,1,42,27,30,avg=2.62,2026-08-17T05:23:43Z
2026-08-16|espanyol|vs|levante,La Liga,2026-08-16,16/08/2026 19:00,Espanyol,Levante,forebet,correct_score,2 - 1,2 - 1,,,,avg=2.62,2026-08-17T05:23:43Z
2026-08-16|espanyol|vs|levante,La Liga,2026-08-16,16/08/2026 19:00,Espanyol,Levante,forebet,over_under,Over,Over,48,52,,,2026-08-17T05:23:43Z
2026-08-16|espanyol|vs|levante,La Liga,2026-08-16,16/08/2026 19:00,Espanyol,Levante,forebet,btts,Yes,Yes,45,55,,,2026-08-17T05:23:43Z
2026-08-17|deportivo-la-coru-a|vs|elche,La Liga,2026-08-17,17/08/2026 21:00,Deportivo La Coruña,Elche,forebet,1x2,1,1,52,23,25,avg=2.92,2026-08-17T05:23:43Z
2026-08-17|deportivo-la-coru-a|vs|elche,La Liga,2026-08-17,17/08/2026 21:00,Deportivo La Coruña,Elche,forebet,correct_score,3 - 0,3 - 0,,,,avg=2.92,2026-08-17T05:23:43Z
2026-08-17|deportivo-la-coru-a|vs|elche,La Liga,2026-08-17,17/08/2026 21:00,Deportivo La Coruña,Elche,forebet,over_under,Over,Over,42,58,,,2026-08-17T05:23:43Z
2026-08-17|deportivo-la-coru-a|vs|elche,La Liga,2026-08-17,17/08/2026 21:00,Deportivo La Coruña,Elche,forebet,btts,No,No,51,49,,,2026-08-17T05:23:43Z
2026-08-19|atl-tico-madrid|vs|m-laga-cf,La Liga,2026-08-19,19/08/2026 21:00,Atlético Madrid,Málaga CF,forebet,1x2,1,1,65,14,21,avg=2.71,2026-08-17T05:23:43Z
2026-08-19|atl-tico-madrid|vs|m-laga-cf,La Liga,2026-08-19,19/08/2026 21:00,Atlético Madrid,Málaga CF,forebet,correct_score,3 - 0,3 - 0,,,,avg=2.71,2026-08-17T05:23:43Z
2026-08-19|atl-tico-madrid|vs|m-laga-cf,La Liga,2026-08-19,19/08/2026 21:00,Atlético Madrid,Málaga CF,forebet,over_under,Over,Over,46,54,,,2026-08-17T05:23:43Z
2026-08-19|atl-tico-madrid|vs|m-laga-cf,La Liga,2026-08-19,19/08/2026 21:00,Atlético Madrid,Málaga CF,forebet,btts,No,No,51,49,,,2026-08-17T05:23:43Z
2026-08-25|valencia|vs|real-betis,La Liga,2026-08-25,25/08/2026 21:00,Valencia,Real Betis,forebet,1x2,1,1,41,28,30,avg=2.80,2026-08-17T05:23:43Z
2026-08-25|valencia|vs|real-betis,La Liga,2026-08-25,25/08/2026 21:00,Valencia,Real Betis,forebet,correct_score,2 - 1,2 - 1,,,,avg=2.80,2026-08-17T05:23:43Z
2026-08-25|valencia|vs|real-betis,La Liga,2026-08-25,25/08/2026 21:00,Valencia,Real Betis,forebet,over_under,Over,Over,44,56,,,2026-08-17T05:23:43Z
2026-08-25|valencia|vs|real-betis,La Liga,2026-08-25,25/08/2026 21:00,Valencia,Real Betis,forebet,btts,Yes,Yes,37,63,,,2026-08-17T05:23:43Z
2026-08-26|real-madrid|vs|real-sociedad,La Liga,2026-08-26,26/08/2026 21:00,Real Madrid,Real Sociedad,forebet,1x2,1,1,63,19,18,avg=3.19,2026-08-17T05:23:43Z
2026-08-26|real-madrid|vs|real-sociedad,La Liga,2026-08-26,26/08/2026 21:00,Real Madrid,Real Sociedad,forebet,correct_score,4 - 0,4 - 0,,,,avg=3.19,2026-08-17T05:23:43Z
2026-08-26|real-madrid|vs|real-sociedad,La Liga,2026-08-26,26/08/2026 21:00,Real Madrid,Real Sociedad,forebet,over_under,Over,Over,36,64,,,2026-08-17T05:23:43Z
2026-08-26|real-madrid|vs|real-sociedad,La Liga,2026-08-26,26/08/2026 21:00,Real Madrid,Real Sociedad,forebet,btts,No,No,51,49,,,2026-08-17T05:23:43Z
2026-08-27|celta-vigo|vs|osasuna,La Liga,2026-08-27,27/08/2026 20:30,Celta Vigo,Osasuna,forebet,1x2,1,1,47,24,29,avg=2.30,2026-08-17T05:23:43Z
2026-08-27|celta-vigo|vs|osasuna,La Liga,2026-08-27,27/08/2026 20:30,Celta Vigo,Osasuna,forebet,correct_score,2 - 0,2 - 0,,,,avg=2.30,2026-08-17T05:23:43Z
2026-08-27|celta-vigo|vs|osasuna,La Liga,2026-08-27,27/08/2026 20:30,Celta Vigo,Osasuna,forebet,over_under,Under,Under,54,46,,,2026-08-17T05:23:43Z
2026-08-27|celta-vigo|vs|osasuna,La Liga,2026-08-27,27/08/2026 20:30,Celta Vigo,Osasuna,forebet,btts,No,No,51,49,,,2026-08-17T05:23:43Z
2026-08-27|barcelona|vs|athletic-bilbao,La Liga,2026-08-27,27/08/2026 21:00,Barcelona,Athletic Bilbao,forebet,1x2,1,1,74,15,11,avg=3.09,2026-08-17T05:23:43Z
2026-08-27|barcelona|vs|athletic-bilbao,La Liga,2026-08-27,27/08/2026 21:00,Barcelona,Athletic Bilbao,forebet,correct_score,3 - 0,3 - 0,,,,avg=3.09,2026-08-17T05:23:43Z
2026-08-27|barcelona|vs|athletic-bilbao,La Liga,2026-08-27,27/08/2026 21:00,Barcelona,Athletic Bilbao,forebet,over_under,Over,Over,38,62,,,2026-08-17T05:23:43Z
2026-08-27|barcelona|vs|athletic-bilbao,La Liga,2026-08-27,27/08/2026 21:00,Barcelona,Athletic Bilbao,forebet,btts,No,No,51,49,,,2026-08-17T05:23:43Z
2026-05-25|paderborn|vs|wolfsburg,Bundesliga,2026-05-25,25/05/2026 20:30,Paderborn,Wolfsburg,forebet,1x2,X,X,27,39,34,avg=2.20,2026-08-17T05:23:43Z
2026-05-25|paderborn|vs|wolfsburg,Bundesliga,2026-05-25,25/05/2026 20:30,Paderborn,Wolfsburg,forebet,correct_score,1 - 1,1 - 1,,,,avg=2.20,2026-08-17T05:23:43Z
2026-05-25|paderborn|vs|wolfsburg,Bundesliga,2026-05-25,25/05/2026 20:30,Paderborn,Wolfsburg,forebet,over_under,Under,Under,56,44,,,2026-08-17T05:23:43Z
2026-05-25|paderborn|vs|wolfsburg,Bundesliga,2026-05-25,25/05/2026 20:30,Paderborn,Wolfsburg,forebet,btts,Yes,Yes,39,61,,,2026-08-17T05:23:43Z
2026-05-21|wolfsburg|vs|paderborn,Bundesliga,2026-05-21,21/05/2026 20:30,Wolfsburg,Paderborn,forebet,1x2,X,X,34,36,31,avg=2.00,2026-08-17T05:23:43Z
2026-05-21|wolfsburg|vs|paderborn,Bundesliga,2026-05-21,21/05/2026 20:30,Wolfsburg,Paderborn,forebet,correct_score,1 - 1,1 - 1,,,,avg=2.00,2026-08-17T05:23:43Z
2026-05-21|wolfsburg|vs|paderborn,Bundesliga,2026-05-21,21/05/2026 20:30,Wolfsburg,Paderborn,forebet,over_under,Under,Under,60,40,,,2026-08-17T05:23:43Z
2026-05-21|wolfsburg|vs|paderborn,Bundesliga,2026-05-21,21/05/2026 20:30,Wolfsburg,Paderborn,forebet,btts,Yes,Yes,40,60,,,2026-08-17T05:23:43Z
2026-08-22|udinese|vs|como,Serie A,2026-08-22,22/08/2026 18:30,Udinese,Calcio Como,forebet,1x2,2,2,34,22,44,avg=2.29,2026-08-17T05:23:43Z
2026-08-22|udinese|vs|como,Serie A,2026-08-22,22/08/2026 18:30,Udinese,Calcio Como,forebet,correct_score,0 - 2,0 - 2,,,,avg=2.29,2026-08-17T05:23:43Z
2026-08-22|udinese|vs|como,Serie A,2026-08-22,22/08/2026 18:30,Udinese,Calcio Como,forebet,over_under,Under,Under,54,46,,,2026-08-17T05:23:43Z
2026-08-22|udinese|vs|como,Serie A,2026-08-22,22/08/2026 18:30,Udinese,Calcio Como,forebet,btts,No,No,50,50,,,2026-08-17T05:23:43Z
2026-08-22|inter|vs|monza,Serie A,2026-08-22,22/08/2026 18:30,Inter,Monza,forebet,1x2,1,1,64,21,15,avg=3.40,2026-08-17T05:23:43Z
2026-08-22|inter|vs|monza,Serie A,2026-08-22,22/08/2026 18:30,Inter,Monza,forebet,correct_score,4 - 0,4 - 0,,,,avg=3.40,2026-08-17T05:23:43Z
2026-08-22|inter|vs|monza,Serie A,2026-08-22,22/08/2026 18:30,Inter,Monza,forebet,over_under,Over,Over,32,68,,,2026-08-17T05:23:43Z
2026-08-22|inter|vs|monza,Serie A,2026-08-22,22/08/2026 18:30,Inter,Monza,forebet,btts,No,No,51,49,,,2026-08-17T05:23:43Z
2026-08-22|parma|vs|cagliari,Serie A,2026-08-22,22/08/2026 20:45,Parma,Cagliari,forebet,1x2,2,2,34,31,36,avg=2.43,2026-08-17T05:23:43Z
2026-08-22|parma|vs|cagliari,Serie A,2026-08-22,22/08/2026 20:45,Parma,Cagliari,forebet,correct_score,0 - 2,0 - 2,,,,avg=2.43,2026-08-17T05:23:43Z
2026-08-22|parma|vs|cagliari,Serie A,2026-08-22,22/08/2026 20:45,Parma,Cagliari,forebet,over_under,Under,Under,51,49,,,2026-08-17T05:23:43Z
2026-08-22|parma|vs|cagliari,Serie A,2026-08-22,22/08/2026 20:45,Parma,Cagliari,forebet,btts,No,No,61,39,,,2026-08-17T05:23:43Z
2026-08-22|genoa|vs|napoli,Serie A,2026-08-22,22/08/2026 20:45,Genoa,Napoli,forebet,1x2,2,2,27,25,48,avg=2.56,2026-08-17T05:23:43Z
2026-08-22|genoa|vs|napoli,Serie A,2026-08-22,22/08/2026 20:45,Genoa,Napoli,forebet,correct_score,1 - 2,1 - 2,,,,avg=2.56,2026-08-17T05:23:43Z
2026-08-22|genoa|vs|napoli,Serie A,2026-08-22,22/08/2026 20:45,Genoa,Napoli,forebet,over_under,Over,Over,49,51,,,2026-08-17T05:23:43Z
2026-08-22|genoa|vs|napoli,Serie A,2026-08-22,22/08/2026 20:45,Genoa,Napoli,forebet,btts,Yes,Yes,43,57,,,2026-08-17T05:23:43Z
2026-08-23|venezia|vs|lecce,Serie A,2026-08-23,23/08/2026 18:30,Venezia,Lecce,forebet,1x2,2,2,34,31,35,avg=2.45,2026-08-17T05:23:43Z
2026-08-23|venezia|vs|lecce,Serie A,2026-08-23,23/08/2026 18:30,Venezia,Lecce,forebet,correct_score,0 - 2,0 - 2,,,,avg=2.45,2026-08-17T05:23:43Z
2026-08-23|venezia|vs|lecce,Serie A,2026-08-23,23/08/2026 18:30,Venezia,Lecce,forebet,over_under,Under,Under,51,49,,,2026-08-17T05:23:43Z
2026-08-23|venezia|vs|lecce,Serie A,2026-08-23,23/08/2026 18:30,Venezia,Lecce,forebet,btts,No,No,50,50,,,2026-08-17T05:23:43Z
2026-08-23|frosinone|vs|juventus,Serie A,2026-08-23,23/08/2026 18:30,Frosinone,Juventus,forebet,1x2,2,2,19,20,61,avg=2.49,2026-08-17T05:23:43Z
2026-08-23|frosinone|vs|juventus,Serie A,2026-08-23,23/08/2026 18:30,Frosinone,Juventus,forebet,correct_score,0 - 2,0 - 2,,,,avg=2.49,2026-08-17T05:23:43Z
2026-08-23|frosinone|vs|juventus,Serie A,2026-08-23,23/08/2026 18:30,Frosinone,Juventus,forebet,over_under,Under,Under,50,50,,,2026-08-17T05:23:43Z
2026-08-23|frosinone|vs|juventus,Serie A,2026-08-23,23/08/2026 18:30,Frosinone,Juventus,forebet,btts,No,No,51,49,,,2026-08-17T05:23:43Z
2026-08-23|torino|vs|milan,Serie A,2026-08-23,23/08/2026 20:45,Torino,Milan,forebet,1x2,2,2,24,28,48,avg=2.57,2026-08-17T05:23:43Z
2026-08-23|torino|vs|milan,Serie A,2026-08-23,23/08/2026 20:45,Torino,Milan,forebet,correct_score,1 - 2,1 - 2,,,,avg=2.57,2026-08-17T05:23:43Z
2026-08-23|torino|vs|milan,Serie A,2026-08-23,23/08/2026 20:45,Torino,Milan,forebet,over_under,Over,Over,49,51,,,2026-08-17T05:23:43Z
2026-08-23|torino|vs|milan,Serie A,2026-08-23,23/08/2026 20:45,Torino,Milan,forebet,btts,Yes,Yes,43,57,,,2026-08-17T05:23:43Z
2026-08-23|atalanta|vs|sassuolo,Serie A,2026-08-23,23/08/2026 20:45,Atalanta,Sassuolo,forebet,1x2,1,1,52,25,23,avg=2.61,2026-08-17T05:23:43Z
2026-08-23|atalanta|vs|sassuolo,Serie A,2026-08-23,23/08/2026 20:45,Atalanta,Sassuolo,forebet,correct_score,2 - 1,2 - 1,,,,avg=2.61,2026-08-17T05:23:43Z
2026-08-23|atalanta|vs|sassuolo,Serie A,2026-08-23,23/08/2026 20:45,Atalanta,Sassuolo,forebet,over_under,Over,Over,48,52,,,2026-08-17T05:23:43Z
2026-08-23|atalanta|vs|sassuolo,Serie A,2026-08-23,23/08/2026 20:45,Atalanta,Sassuolo,forebet,btts,Yes,Yes,43,57,,,2026-08-17T05:23:43Z
2026-08-24|bologna|vs|lazio,Serie A,2026-08-24,24/08/2026 18:30,Bologna,Lazio,forebet,1x2,2,2,31,28,41,avg=2.25,2026-08-17T05:23:43Z
2026-08-24|bologna|vs|lazio,Serie A,2026-08-24,24/08/2026 18:30,Bologna,Lazio,forebet,correct_score,0 - 2,0 - 2,,,,avg=2.25,2026-08-17T05:23:43Z
2026-08-24|bologna|vs|lazio,Serie A,2026-08-24,24/08/2026 18:30,Bologna,Lazio,forebet,over_under,Under,Under,55,45,,,2026-08-17T05:23:43Z
2026-08-24|bologna|vs|lazio,Serie A,2026-08-24,24/08/2026 18:30,Bologna,Lazio,forebet,btts,No,No,56,44,,,2026-08-17T05:23:43Z
2026-08-24|roma|vs|fiorentina,Serie A,2026-08-24,24/08/2026 20:45,Roma,Fiorentina,forebet,1x2,1,1,57,22,21,avg=2.67,2026-08-17T05:23:43Z
2026-08-24|roma|vs|fiorentina,Serie A,2026-08-24,24/08/2026 20:45,Roma,Fiorentina,forebet,correct_score,2 - 1,2 - 1,,,,avg=2.67,2026-08-17T05:23:43Z
2026-08-24|roma|vs|fiorentina,Serie A,2026-08-24,24/08/2026 20:45,Roma,Fiorentina,forebet,over_under,Over,Over,47,53,,,2026-08-17T05:23:43Z
2026-08-24|roma|vs|fiorentina,Serie A,2026-08-24,24/08/2026 20:45,Roma,Fiorentina,forebet,btts,Yes,Yes,40,60,,,2026-08-17T05:23:43Z
2026-08-22|fortuna-sittard|vs|az-alkmaar,Eredivisie,2026-08-22,22/08/2026 16:30,Fortuna Sittard,AZ Alkmaar,forebet,1x2,2,2,21,25,54,avg=3.05,2026-08-17T05:23:43Z
2026-08-22|fortuna-sittard|vs|az-alkmaar,Eredivisie,2026-08-22,22/08/2026 16:30,Fortuna Sittard,AZ Alkmaar,forebet,correct_score,1 - 3,1 - 3,,,,avg=3.05,2026-08-17T05:23:43Z
2026-08-22|fortuna-sittard|vs|az-alkmaar,Eredivisie,2026-08-22,22/08/2026 16:30,Fortuna Sittard,AZ Alkmaar,forebet,over_under,Over,Over,39,61,,,2026-08-17T05:23:43Z
2026-08-22|fortuna-sittard|vs|az-alkmaar,Eredivisie,2026-08-22,22/08/2026 16:30,Fortuna Sittard,AZ Alkmaar,forebet,btts,Yes,Yes,26,74,,,2026-08-17T05:23:43Z
2026-08-22|sparta-rotterdam|vs|utrecht,Eredivisie,2026-08-22,22/08/2026 18:45,Sparta Rotterdam,Utrecht,forebet,1x2,1,1,40,32,28,avg=2.93,2026-08-17T05:23:43Z
2026-08-22|sparta-rotterdam|vs|utrecht,Eredivisie,2026-08-22,22/08/2026 18:45,Sparta Rotterdam,Utrecht,forebet,correct_score,2 - 1,2 - 1,,,,avg=2.93,2026-08-17T05:23:43Z
2026-08-22|sparta-rotterdam|vs|utrecht,Eredivisie,2026-08-22,22/08/2026 18:45,Sparta Rotterdam,Utrecht,forebet,over_under,Over,Over,41,59,,,2026-08-17T05:23:43Z
2026-08-22|sparta-rotterdam|vs|utrecht,Eredivisie,2026-08-22,22/08/2026 18:45,Sparta Rotterdam,Utrecht,forebet,btts,Yes,Yes,37,63,,,2026-08-17T05:23:43Z
2026-08-22|nijmegen|vs|excelsior,Eredivisie,2026-08-22,22/08/2026,Nijmegen,Excelsior,forebet,1x2,1,1,36,31,33,avg=3.15,2026-08-17T05:23:43Z
2026-08-22|nijmegen|vs|excelsior,Eredivisie,2026-08-22,22/08/2026,Nijmegen,Excelsior,forebet,correct_score,3 - 2,3 - 2,,,,avg=3.15,2026-08-17T05:23:43Z
2026-08-22|nijmegen|vs|excelsior,Eredivisie,2026-08-22,22/08/2026,Nijmegen,Excelsior,forebet,over_under,Over,Over,37,63,,,2026-08-17T05:23:43Z
2026-08-22|nijmegen|vs|excelsior,Eredivisie,2026-08-22,22/08/2026,Nijmegen,Excelsior,forebet,btts,Yes,Yes,22,78,,,2026-08-17T05:23:43Z
2026-08-22|heerenveen|vs|pec-zwolle,Eredivisie,2026-08-22,22/08/2026 21:00,Heerenveen,PEC Zwolle,forebet,1x2,1,1,59,27,14,avg=3.25,2026-08-17T05:23:43Z
2026-08-22|heerenveen|vs|pec-zwolle,Eredivisie,2026-08-22,22/08/2026 21:00,Heerenveen,PEC Zwolle,forebet,correct_score,3 - 1,3 - 1,,,,avg=3.25,2026-08-17T05:23:43Z
2026-08-22|heerenveen|vs|pec-zwolle,Eredivisie,2026-08-22,22/08/2026 21:00,Heerenveen,PEC Zwolle,forebet,over_under,Over,Over,35,65,,,2026-08-17T05:23:43Z
2026-08-22|heerenveen|vs|pec-zwolle,Eredivisie,2026-08-22,22/08/2026 21:00,Heerenveen,PEC Zwolle,forebet,btts,Yes,Yes,28,72,,,2026-08-17T05:23:43Z
2026-08-23|go-ahead-eagles|vs|ado-den-haag,Eredivisie,2026-08-23,23/08/2026 12:15,Go Ahead Eagles,ADO Den Haag,forebet,1x2,1,1,61,21,19,avg=3.29,2026-08-17T05:23:43Z
2026-08-23|go-ahead-eagles|vs|ado-den-haag,Eredivisie,2026-08-23,23/08/2026 12:15,Go Ahead Eagles,ADO Den Haag,forebet,correct_score,3 - 0,3 - 0,,,,avg=3.29,2026-08-17T05:23:43Z
2026-08-23|go-ahead-eagles|vs|ado-den-haag,Eredivisie,2026-08-23,23/08/2026 12:15,Go Ahead Eagles,ADO Den Haag,forebet,over_under,Over,Over,34,66,,,2026-08-17T05:23:43Z
2026-08-23|go-ahead-eagles|vs|ado-den-haag,Eredivisie,2026-08-23,23/08/2026 12:15,Go Ahead Eagles,ADO Den Haag,forebet,btts,No,No,51,49,,,2026-08-17T05:23:43Z
2026-08-23|psv-eindhoven|vs|groningen,Eredivisie,2026-08-23,23/08/2026 14:30,PSV Eindhoven,Groningen,forebet,1x2,2,2,36,24,40,avg=3.45,2026-08-17T05:23:43Z
2026-08-23|psv-eindhoven|vs|groningen,Eredivisie,2026-08-23,23/08/2026 14:30,PSV Eindhoven,Groningen,forebet,correct_score,2 - 3,2 - 3,,,,avg=3.45,2026-08-17T05:23:43Z
2026-08-23|psv-eindhoven|vs|groningen,Eredivisie,2026-08-23,23/08/2026 14:30,PSV Eindhoven,Groningen,forebet,over_under,Over,Over,31,69,,,2026-08-17T05:23:43Z
2026-08-23|psv-eindhoven|vs|groningen,Eredivisie,2026-08-23,23/08/2026 14:30,PSV Eindhoven,Groningen,forebet,btts,Yes,Yes,19,81,,,2026-08-17T05:23:43Z
2026-08-23|cambuur|vs|feyenoord,Eredivisie,2026-08-23,23/08/2026 16:45,Cambuur,Feyenoord,forebet,1x2,2,2,8,27,65,avg=3.07,2026-08-17T05:23:43Z
2026-08-23|cambuur|vs|feyenoord,Eredivisie,2026-08-23,23/08/2026 16:45,Cambuur,Feyenoord,forebet,correct_score,1 - 2,1 - 2,,,,avg=3.07,2026-08-17T05:23:43Z
2026-08-23|cambuur|vs|feyenoord,Eredivisie,2026-08-23,23/08/2026 16:45,Cambuur,Feyenoord,forebet,over_under,Over,Over,39,61,,,2026-08-17T05:23:43Z
2026-08-23|cambuur|vs|feyenoord,Eredivisie,2026-08-23,23/08/2026 16:45,Cambuur,Feyenoord,forebet,btts,Yes,Yes,25,75,,,2026-08-17T05:23:43Z
2026-09-09|twente|vs|sc-telstar,Eredivisie,2026-09-09,09/09/2026 18:45,Twente,SC Telstar,forebet,1x2,1,1,45,34,21,avg=2.46,2026-08-17T05:23:43Z
2026-09-09|twente|vs|sc-telstar,Eredivisie,2026-09-09,09/09/2026 18:45,Twente,SC Telstar,forebet,correct_score,2 - 0,2 - 0,,,,avg=2.46,2026-08-17T05:23:43Z
2026-09-09|twente|vs|sc-telstar,Eredivisie,2026-09-09,09/09/2026 18:45,Twente,SC Telstar,forebet,over_under,Under,Under,51,49,,,2026-08-17T05:23:43Z
2026-09-09|twente|vs|sc-telstar,Eredivisie,2026-09-09,09/09/2026 18:45,Twente,SC Telstar,forebet,btts,No,No,51,49,,,2026-08-17T05:23:43Z
2026-09-15|ajax|vs|willem-ii-tilburg,Eredivisie,2026-09-15,15/09/2026 20:00,Ajax,Willem II Tilburg,forebet,1x2,1,1,73,18,9,avg=3.15,2026-08-17T05:23:43Z
2026-09-15|ajax|vs|willem-ii-tilburg,Eredivisie,2026-09-15,15/09/2026 20:00,Ajax,Willem II Tilburg,forebet,correct_score,3 - 0,3 - 0,,,,avg=3.15,2026-08-17T05:23:43Z
2026-09-15|ajax|vs|willem-ii-tilburg,Eredivisie,2026-09-15,15/09/2026 20:00,Ajax,Willem II Tilburg,forebet,over_under,Over,Over,37,63,,,2026-08-17T05:23:43Z
2026-09-15|ajax|vs|willem-ii-tilburg,Eredivisie,2026-09-15,15/09/2026 20:00,Ajax,Willem II Tilburg,forebet,btts,No,No,51,49,,,2026-08-17T05:23:43Z
2026-08-14|sc-telstar|vs|sparta-rotterdam,Eredivisie,2026-08-14,14/08/2026 20:00,SC Telstar,Sparta Rotterdam,forebet,1x2,1,1,50,23,27,avg=3.08,2026-08-17T05:23:43Z
2026-08-14|sc-telstar|vs|sparta-rotterdam,Eredivisie,2026-08-14,14/08/2026 20:00,SC Telstar,Sparta Rotterdam,forebet,correct_score,2 - 1,2 - 1,,,,avg=3.08,2026-08-17T05:23:43Z
2026-08-14|sc-telstar|vs|sparta-rotterdam,Eredivisie,2026-08-14,14/08/2026 20:00,SC Telstar,Sparta Rotterdam,forebet,over_under,Over,Over,38,62,,,2026-08-17T05:23:43Z
2026-08-14|sc-telstar|vs|sparta-rotterdam,Eredivisie,2026-08-14,14/08/2026 20:00,SC Telstar,Sparta Rotterdam,forebet,btts,Yes,Yes,35,65,,,2026-08-17T05:23:43Z
2026-08-15|willem-ii-tilburg|vs|nijmegen,Eredivisie,2026-08-15,15/08/2026 16:30,Willem II Tilburg,Nijmegen,forebet,1x2,X,X,29,36,35,avg=3.10,2026-08-17T05:23:43Z
2026-08-15|willem-ii-tilburg|vs|nijmegen,Eredivisie,2026-08-15,15/08/2026 16:30,Willem II Tilburg,Nijmegen,forebet,correct_score,2 - 2,2 - 2,,,,avg=3.10,2026-08-17T05:23:43Z
2026-08-15|willem-ii-tilburg|vs|nijmegen,Eredivisie,2026-08-15,15/08/2026 16:30,Willem II Tilburg,Nijmegen,forebet,over_under,Over,Over,38,62,,,2026-08-17T05:23:43Z
2026-08-15|willem-ii-tilburg|vs|nijmegen,Eredivisie,2026-08-15,15/08/2026 16:30,Willem II Tilburg,Nijmegen,forebet,btts,Yes,Yes,21,79,,,2026-08-17T05:23:43Z
2026-08-15|utrecht|vs|az-alkmaar,Eredivisie,2026-08-15,15/08/2026 18:45,Utrecht,AZ Alkmaar,forebet,1x2,2,2,29,23,49,avg=3.00,2026-08-17T05:23:43Z
2026-08-15|utrecht|vs|az-alkmaar,Eredivisie,2026-08-15,15/08/2026 18:45,Utrecht,AZ Alkmaar,forebet,correct_score,1 - 2,1 - 2,,,,avg=3.00,2026-08-17T05:23:43Z
2026-08-15|utrecht|vs|az-alkmaar,Eredivisie,2026-08-15,15/08/2026 18:45,Utrecht,AZ Alkmaar,forebet,over_under,Over,Over,40,60,,,2026-08-17T05:23:43Z
2026-08-15|utrecht|vs|az-alkmaar,Eredivisie,2026-08-15,15/08/2026 18:45,Utrecht,AZ Alkmaar,forebet,btts,Yes,Yes,30,70,,,2026-08-17T05:23:43Z
2026-08-15|excelsior|vs|psv-eindhoven,Eredivisie,2026-08-15,15/08/2026 20:00,Excelsior,PSV Eindhoven,forebet,1x2,2,2,19,38,43,avg=3.51,2026-08-17T05:23:43Z
2026-08-15|excelsior|vs|psv-eindhoven,Eredivisie,2026-08-15,15/08/2026 20:00,Excelsior,PSV Eindhoven,forebet,correct_score,2 - 3,2 - 3,,,,avg=3.51,2026-08-17T05:23:43Z
2026-08-15|excelsior|vs|psv-eindhoven,Eredivisie,2026-08-15,15/08/2026 20:00,Excelsior,PSV Eindhoven,forebet,over_under,Over,Over,30,70,,,2026-08-17T05:23:43Z
2026-08-15|excelsior|vs|psv-eindhoven,Eredivisie,2026-08-15,15/08/2026 20:00,Excelsior,PSV Eindhoven,forebet,btts,Yes,Yes,19,81,,,2026-08-17T05:23:43Z
2026-08-15|fortuna-sittard|vs|cambuur,Eredivisie,2026-08-15,15/08/2026 21:00,Fortuna Sittard,Cambuur,forebet,1x2,1,1,55,24,22,avg=3.16,2026-08-17T05:23:43Z
2026-08-15|fortuna-sittard|vs|cambuur,Eredivisie,2026-08-15,15/08/2026 21:00,Fortuna Sittard,Cambuur,forebet,correct_score,2 - 1,2 - 1,,,,avg=3.16,2026-08-17T05:23:43Z
2026-08-15|fortuna-sittard|vs|cambuur,Eredivisie,2026-08-15,15/08/2026 21:00,Fortuna Sittard,Cambuur,forebet,over_under,Over,Over,37,63,,,2026-08-17T05:23:43Z
2026-08-15|fortuna-sittard|vs|cambuur,Eredivisie,2026-08-15,15/08/2026 21:00,Fortuna Sittard,Cambuur,forebet,btts,Yes,Yes,31,69,,,2026-08-17T05:23:43Z
2026-08-16|ado-den-haag|vs|groningen,Eredivisie,2026-08-16,16/08/2026 12:15,ADO Den Haag,Groningen,forebet,1x2,2,2,19,16,65,avg=2.94,2026-08-17T05:23:43Z
2026-08-16|ado-den-haag|vs|groningen,Eredivisie,2026-08-16,16/08/2026 12:15,ADO Den Haag,Groningen,forebet,correct_score,0 - 3,0 - 3,,,,avg=2.94,2026-08-17T05:23:43Z
2026-08-16|ado-den-haag|vs|groningen,Eredivisie,2026-08-16,16/08/2026 12:15,ADO Den Haag,Groningen,forebet,over_under,Over,Over,41,59,,,2026-08-17T05:23:43Z
2026-08-16|ado-den-haag|vs|groningen,Eredivisie,2026-08-16,16/08/2026 12:15,ADO Den Haag,Groningen,forebet,btts,No,No,51,49,,,2026-08-17T05:23:43Z
2026-08-16|twente|vs|pec-zwolle,Eredivisie,2026-08-16,16/08/2026 14:30,Twente,PEC Zwolle,forebet,1x2,1,1,54,35,11,avg=3.00,2026-08-17T05:23:43Z
2026-08-16|twente|vs|pec-zwolle,Eredivisie,2026-08-16,16/08/2026 14:30,Twente,PEC Zwolle,forebet,correct_score,2 - 1,2 - 1,,,,avg=3.00,2026-08-17T05:23:43Z
2026-08-16|twente|vs|pec-zwolle,Eredivisie,2026-08-16,16/08/2026 14:30,Twente,PEC Zwolle,forebet,over_under,Over,Over,40,60,,,2026-08-17T05:23:43Z
2026-08-16|twente|vs|pec-zwolle,Eredivisie,2026-08-16,16/08/2026 14:30,Twente,PEC Zwolle,forebet,btts,Yes,Yes,33,67,,,2026-08-17T05:23:43Z
2026-08-16|feyenoord|vs|go-ahead-eagles,Eredivisie,2026-08-16,16/08/2026 14:30,Feyenoord,Go Ahead Eagles,forebet,1x2,2,2,37,24,38,avg=3.44,2026-08-17T05:23:43Z
2026-08-16|feyenoord|vs|go-ahead-eagles,Eredivisie,2026-08-16,16/08/2026 14:30,Feyenoord,Go Ahead Eagles,forebet,correct_score,1 - 3,1 - 3,,,,avg=3.44,2026-08-17T05:23:43Z
2026-08-16|feyenoord|vs|go-ahead-eagles,Eredivisie,2026-08-16,16/08/2026 14:30,Feyenoord,Go Ahead Eagles,forebet,over_under,Over,Over,31,69,,,2026-08-17T05:23:43Z
2026-08-16|feyenoord|vs|go-ahead-eagles,Eredivisie,2026-08-16,16/08/2026 14:30,Feyenoord,Go Ahead Eagles,forebet,btts,Yes,Yes,25,75,,,2026-08-17T05:23:43Z
2026-08-16|ajax|vs|heerenveen,Eredivisie,2026-08-16,16/08/2026 16:45,Ajax,Heerenveen,forebet,1x2,1,1,40,26,34,avg=3.44,2026-08-17T05:23:43Z
2026-08-16|ajax|vs|heerenveen,Eredivisie,2026-08-16,16/08/2026 16:45,Ajax,Heerenveen,forebet,correct_score,3 - 1,3 - 1,,,,avg=3.44,2026-08-17T05:23:43Z
2026-08-16|ajax|vs|heerenveen,Eredivisie,2026-08-16,16/08/2026 16:45,Ajax,Heerenveen,forebet,over_under,Over,Over,31,69,,,2026-08-17T05:23:43Z
2026-08-16|ajax|vs|heerenveen,Eredivisie,2026-08-16,16/08/2026 16:45,Ajax,Heerenveen,forebet,btts,Yes,Yes,24,76,,,2026-08-17T05:23:43Z
2026-08-14|sporting-cp|vs|vit-ria,Liga Portugal,2026-08-14,14/08/2026 21:15,Sporting CP,Vitória,forebet,1x2,1,1,68,22,9,avg=3.01,2026-08-17T05:23:43Z
2026-08-14|sporting-cp|vs|vit-ria,Liga Portugal,2026-08-14,14/08/2026 21:15,Sporting CP,Vitória,forebet,correct_score,3 - 0,3 - 0,,,,avg=3.01,2026-08-17T05:23:43Z
2026-08-14|sporting-cp|vs|vit-ria,Liga Portugal,2026-08-14,14/08/2026 21:15,Sporting CP,Vitória,forebet,over_under,Over,Over,40,60,,,2026-08-17T05:23:43Z
2026-08-14|sporting-cp|vs|vit-ria,Liga Portugal,2026-08-14,14/08/2026 21:15,Sporting CP,Vitória,forebet,btts,No,No,51,49,,,2026-08-17T05:23:43Z
2026-08-15|fc-alverca|vs|estrela-amadora,Liga Portugal,2026-08-15,15/08/2026 16:30,FC Alverca,Estrela Amadora,forebet,1x2,X,X,27,49,25,avg=2.73,2026-08-17T05:23:43Z
2026-08-15|fc-alverca|vs|estrela-amadora,Liga Portugal,2026-08-15,15/08/2026 16:30,FC Alverca,Estrela Amadora,forebet,correct_score,2 - 2,2 - 2,,,,avg=2.73,2026-08-17T05:23:43Z
2026-08-15|fc-alverca|vs|estrela-amadora,Liga Portugal,2026-08-15,15/08/2026 16:30,FC Alverca,Estrela Amadora,forebet,over_under,Over,Over,45,55,,,2026-08-17T05:23:43Z
2026-08-15|fc-alverca|vs|estrela-amadora,Liga Portugal,2026-08-15,15/08/2026 16:30,FC Alverca,Estrela Amadora,forebet,btts,Yes,Yes,42,58,,,2026-08-17T05:23:43Z
2026-08-15|acad-mico-viseu|vs|santa-clara,Liga Portugal,2026-08-15,15/08/2026 19:00,Académico Viseu,Santa Clara,forebet,1x2,X,X,25,59,17,avg=2.06,2026-08-17T05:23:43Z
2026-08-15|acad-mico-viseu|vs|santa-clara,Liga Portugal,2026-08-15,15/08/2026 19:00,Académico Viseu,Santa Clara,forebet,correct_score,1 - 1,1 - 1,,,,avg=2.06,2026-08-17T05:23:43Z
2026-08-15|acad-mico-viseu|vs|santa-clara,Liga Portugal,2026-08-15,15/08/2026 19:00,Académico Viseu,Santa Clara,forebet,over_under,Under,Under,59,41,,,2026-08-17T05:23:43Z
2026-08-15|acad-mico-viseu|vs|santa-clara,Liga Portugal,2026-08-15,15/08/2026 19:00,Académico Viseu,Santa Clara,forebet,btts,Yes,Yes,45,55,,,2026-08-17T05:23:43Z
2026-08-15|rio-ave|vs|porto,Liga Portugal,2026-08-15,15/08/2026 21:30,Rio Ave,Porto,forebet,1x2,2,2,8,16,76,avg=2.70,2026-08-17T05:23:43Z
2026-08-15|rio-ave|vs|porto,Liga Portugal,2026-08-15,15/08/2026 21:30,Rio Ave,Porto,forebet,correct_score,0 - 3,0 - 3,,,,avg=2.70,2026-08-17T05:23:43Z
2026-08-15|rio-ave|vs|porto,Liga Portugal,2026-08-15,15/08/2026 21:30,Rio Ave,Porto,forebet,over_under,Over,Over,46,54,,,2026-08-17T05:23:43Z
2026-08-15|rio-ave|vs|porto,Liga Portugal,2026-08-15,15/08/2026 21:30,Rio Ave,Porto,forebet,btts,No,No,51,49,,,2026-08-17T05:23:43Z
2026-08-16|nacional-madeira|vs|gd-estoril,Liga Portugal,2026-08-16,16/08/2026 16:30,Nacional Madeira,GD Estoril,forebet,1x2,X,X,31,43,26,avg=2.40,2026-08-17T05:23:43Z
2026-08-16|nacional-madeira|vs|gd-estoril,Liga Portugal,2026-08-16,16/08/2026 16:30,Nacional Madeira,GD Estoril,forebet,correct_score,1 - 1,1 - 1,,,,avg=2.40,2026-08-17T05:23:43Z
2026-08-16|nacional-madeira|vs|gd-estoril,Liga Portugal,2026-08-16,16/08/2026 16:30,Nacional Madeira,GD Estoril,forebet,over_under,Under,Under,52,48,,,2026-08-17T05:23:43Z
2026-08-16|nacional-madeira|vs|gd-estoril,Liga Portugal,2026-08-16,16/08/2026 16:30,Nacional Madeira,GD Estoril,forebet,btts,Yes,Yes,43,57,,,2026-08-17T05:23:43Z
2026-08-16|fc-arouca|vs|moreirense-fc,Liga Portugal,2026-08-16,16/08/2026 19:00,FC Arouca,Moreirense FC,forebet,1x2,X,X,34,42,24,avg=2.00,2026-08-17T05:23:43Z
2026-08-16|fc-arouca|vs|moreirense-fc,Liga Portugal,2026-08-16,16/08/2026 19:00,FC Arouca,Moreirense FC,forebet,correct_score,1 - 1,1 - 1,,,,avg=2.00,2026-08-17T05:23:43Z
2026-08-16|fc-arouca|vs|moreirense-fc,Liga Portugal,2026-08-16,16/08/2026 19:00,FC Arouca,Moreirense FC,forebet,over_under,Under,Under,60,40,,,2026-08-17T05:23:43Z
2026-08-16|fc-arouca|vs|moreirense-fc,Liga Portugal,2026-08-16,16/08/2026 19:00,FC Arouca,Moreirense FC,forebet,btts,Yes,Yes,48,52,,,2026-08-17T05:23:43Z
2026-08-16|fc-famalic-o|vs|mar-timo,Liga Portugal,2026-08-16,16/08/2026 21:30,FC Famalicão,Marítimo,forebet,1x2,X,X,31,35,33,avg=2.31,2026-08-17T05:23:43Z
2026-08-16|fc-famalic-o|vs|mar-timo,Liga Portugal,2026-08-16,16/08/2026 21:30,FC Famalicão,Marítimo,forebet,correct_score,0 - 0,0 - 0,,,,avg=2.31,2026-08-17T05:23:43Z
2026-08-16|fc-famalic-o|vs|mar-timo,Liga Portugal,2026-08-16,16/08/2026 21:30,FC Famalicão,Marítimo,forebet,over_under,Under,Under,54,46,,,2026-08-17T05:23:43Z
2026-08-16|fc-famalic-o|vs|mar-timo,Liga Portugal,2026-08-16,16/08/2026 21:30,FC Famalicão,Marítimo,forebet,btts,No,No,56,44,,,2026-08-17T05:23:43Z
2026-08-16|sporting-braga|vs|gil-vicente,Liga Portugal,2026-08-16,16/08/2026,Sporting Braga,Gil Vicente,forebet,1x2,X,X,29,36,35,avg=2.20,2026-08-17T05:23:43Z
2026-08-16|sporting-braga|vs|gil-vicente,Liga Portugal,2026-08-16,16/08/2026,Sporting Braga,Gil Vicente,forebet,correct_score,1 - 1,1 - 1,,,,avg=2.20,2026-08-17T05:23:43Z
2026-08-16|sporting-braga|vs|gil-vicente,Liga Portugal,2026-08-16,16/08/2026,Sporting Braga,Gil Vicente,forebet,over_under,Under,Under,56,44,,,2026-08-17T05:23:43Z
2026-08-16|sporting-braga|vs|gil-vicente,Liga Portugal,2026-08-16,16/08/2026,Sporting Braga,Gil Vicente,forebet,btts,Yes,Yes,37,63,,,2026-08-17T05:23:43Z
2026-08-17|casa-pia-ac|vs|sl-benfica,Liga Portugal,2026-08-17,17/08/2026 21:15,Casa Pia AC,SL Benfica,forebet,1x2,2,2,15,38,47,avg=2.56,2026-08-17T05:23:43Z
2026-08-17|casa-pia-ac|vs|sl-benfica,Liga Portugal,2026-08-17,17/08/2026 21:15,Casa Pia AC,SL Benfica,forebet,correct_score,1 - 2,1 - 2,,,,avg=2.56,2026-08-17T05:23:43Z
2026-08-17|casa-pia-ac|vs|sl-benfica,Liga Portugal,2026-08-17,17/08/2026 21:15,Casa Pia AC,SL Benfica,forebet,over_under,Over,Over,49,51,,,2026-08-17T05:23:43Z
2026-08-17|casa-pia-ac|vs|sl-benfica,Liga Portugal,2026-08-17,17/08/2026 21:15,Casa Pia AC,SL Benfica,forebet,btts,Yes,Yes,40,60,,,2026-08-17T05:23:43Z
2026-08-07|gd-estoril|vs|fc-famalic-o,Liga Portugal,2026-08-07,07/08/2026 21:15,GD Estoril,FC Famalicão,forebet,1x2,2,2,33,26,41,avg=2.43,2026-08-17T05:23:43Z
2026-08-07|gd-estoril|vs|fc-famalic-o,Liga Portugal,2026-08-07,07/08/2026 21:15,GD Estoril,FC Famalicão,forebet,correct_score,0 - 2,0 - 2,,,,avg=2.43,2026-08-17T05:23:43Z
2026-08-07|gd-estoril|vs|fc-famalic-o,Liga Portugal,2026-08-07,07/08/2026 21:15,GD Estoril,FC Famalicão,forebet,over_under,Under,Under,51,49,,,2026-08-17T05:23:43Z
2026-08-07|gd-estoril|vs|fc-famalic-o,Liga Portugal,2026-08-07,07/08/2026 21:15,GD Estoril,FC Famalicão,forebet,btts,No,No,51,49,,,2026-08-17T05:23:43Z
2026-08-08|mar-timo|vs|casa-pia-ac,Liga Portugal,2026-08-08,08/08/2026 16:30,Marítimo,Casa Pia AC,forebet,1x2,2,2,30,18,51,avg=2.47,2026-08-17T05:23:43Z
2026-08-08|mar-timo|vs|casa-pia-ac,Liga Portugal,2026-08-08,08/08/2026 16:30,Marítimo,Casa Pia AC,forebet,correct_score,0 - 2,0 - 2,,,,avg=2.47,2026-08-17T05:23:43Z
2026-08-08|mar-timo|vs|casa-pia-ac,Liga Portugal,2026-08-08,08/08/2026 16:30,Marítimo,Casa Pia AC,forebet,over_under,Under,Under,51,49,,,2026-08-17T05:23:43Z
2026-08-08|mar-timo|vs|casa-pia-ac,Liga Portugal,2026-08-08,08/08/2026 16:30,Marítimo,Casa Pia AC,forebet,btts,No,No,54,46,,,2026-08-17T05:23:43Z
2026-08-08|vit-ria|vs|fc-arouca,Liga Portugal,2026-08-08,08/08/2026 19:00,Vitória,FC Arouca,forebet,1x2,1,1,50,22,28,avg=2.84,2026-08-17T05:23:43Z
2026-08-08|vit-ria|vs|fc-arouca,Liga Portugal,2026-08-08,08/08/2026 19:00,Vitória,FC Arouca,forebet,correct_score,3 - 0,3 - 0,,,,avg=2.84,2026-08-17T05:23:43Z
2026-08-08|vit-ria|vs|fc-arouca,Liga Portugal,2026-08-08,08/08/2026 19:00,Vitória,FC Arouca,forebet,over_under,Over,Over,43,57,,,2026-08-17T05:23:43Z
2026-08-08|vit-ria|vs|fc-arouca,Liga Portugal,2026-08-08,08/08/2026 19:00,Vitória,FC Arouca,forebet,btts,No,No,51,49,,,2026-08-17T05:23:43Z
2026-08-08|estrela-amadora|vs|sporting-cp,Liga Portugal,2026-08-08,08/08/2026 21:30,Estrela Amadora,Sporting CP,forebet,1x2,2,2,12,19,68,avg=2.83,2026-08-17T05:23:43Z
2026-08-08|estrela-amadora|vs|sporting-cp,Liga Portugal,2026-08-08,08/08/2026 21:30,Estrela Amadora,Sporting CP,forebet,correct_score,0 - 3,0 - 3,,,,avg=2.83,2026-08-17T05:23:43Z
2026-08-08|estrela-amadora|vs|sporting-cp,Liga Portugal,2026-08-08,08/08/2026 21:30,Estrela Amadora,Sporting CP,forebet,over_under,Over,Over,43,57,,,2026-08-17T05:23:43Z
2026-08-08|estrela-amadora|vs|sporting-cp,Liga Portugal,2026-08-08,08/08/2026 21:30,Estrela Amadora,Sporting CP,forebet,btts,No,No,51,49,,,2026-08-17T05:23:43Z
2026-08-09|porto|vs|fc-alverca,Liga Portugal,2026-08-09,09/08/2026 19:00,Porto,FC Alverca,forebet,1x2,1,1,74,18,9,avg=2.46,2026-08-17T05:23:43Z
2026-08-09|porto|vs|fc-alverca,Liga Portugal,2026-08-09,09/08/2026 19:00,Porto,FC Alverca,forebet,correct_score,2 - 0,2 - 0,,,,avg=2.46,2026-08-17T05:23:43Z
2026-08-09|porto|vs|fc-alverca,Liga Portugal,2026-08-09,09/08/2026 19:00,Porto,FC Alverca,forebet,over_under,Under,Under,51,49,,,2026-08-17T05:23:43Z
2026-08-09|porto|vs|fc-alverca,Liga Portugal,2026-08-09,09/08/2026 19:00,Porto,FC Alverca,forebet,btts,No,No,51,49,,,2026-08-17T05:23:43Z
2026-08-09|sl-benfica|vs|acad-mico-viseu,Liga Portugal,2026-08-09,09/08/2026 21:30,SL Benfica,Académico Viseu,forebet,1x2,1,1,41,32,27,avg=1.59,2026-08-17T05:23:43Z
2026-08-09|sl-benfica|vs|acad-mico-viseu,Liga Portugal,2026-08-09,09/08/2026 21:30,SL Benfica,Académico Viseu,forebet,correct_score,2 - 0,2 - 0,,,,avg=1.59,2026-08-17T05:23:43Z
2026-08-09|sl-benfica|vs|acad-mico-viseu,Liga Portugal,2026-08-09,09/08/2026 21:30,SL Benfica,Académico Viseu,forebet,over_under,Under,Under,68,32,,,2026-08-17T05:23:43Z
2026-08-09|sl-benfica|vs|acad-mico-viseu,Liga Portugal,2026-08-09,09/08/2026 21:30,SL Benfica,Académico Viseu,forebet,btts,No,No,51,49,,,2026-08-17T05:23:43Z
2026-08-09|moreirense-fc|vs|sporting-braga,Liga Portugal,2026-08-09,09/08/2026 21:30,Moreirense FC,Sporting Braga,forebet,1x2,2,2,20,17,63,avg=2.58,2026-08-17T05:23:43Z
2026-08-09|moreirense-fc|vs|sporting-braga,Liga Portugal,2026-08-09,09/08/2026 21:30,Moreirense FC,Sporting Braga,forebet,correct_score,0 - 3,0 - 3,,,,avg=2.58,2026-08-17T05:23:43Z
2026-08-09|moreirense-fc|vs|sporting-braga,Liga Portugal,2026-08-09,09/08/2026 21:30,Moreirense FC,Sporting Braga,forebet,over_under,Over,Over,48,52,,,2026-08-17T05:23:43Z
2026-08-09|moreirense-fc|vs|sporting-braga,Liga Portugal,2026-08-09,09/08/2026 21:30,Moreirense FC,Sporting Braga,forebet,btts,No,No,51,49,,,2026-08-17T05:23:43Z
2026-08-09|gil-vicente|vs|rio-ave,Liga Portugal,2026-08-09,09/08/2026 21:30,Gil Vicente,Rio Ave,forebet,1x2,1,1,39,30,31,avg=2.27,2026-08-17T05:23:43Z
2026-08-09|gil-vicente|vs|rio-ave,Liga Portugal,2026-08-09,09/08/2026 21:30,Gil Vicente,Rio Ave,forebet,correct_score,2 - 0,2 - 0,,,,avg=2.27,2026-08-17T05:23:43Z
2026-08-09|gil-vicente|vs|rio-ave,Liga Portugal,2026-08-09,09/08/2026 21:30,Gil Vicente,Rio Ave,forebet,over_under,Under,Under,55,45,,,2026-08-17T05:23:43Z
2026-08-09|gil-vicente|vs|rio-ave,Liga Portugal,2026-08-09,09/08/2026 21:30,Gil Vicente,Rio Ave,forebet,btts,No,No,55,45,,,2026-08-17T05:23:43Z
2026-08-10|santa-clara|vs|nacional-madeira,Liga Portugal,2026-08-10,10/08/2026 21:15,Santa Clara,Nacional Madeira,forebet,1x2,1,1,41,27,32,avg=2.53,2026-08-17T05:23:43Z
2026-08-10|santa-clara|vs|nacional-madeira,Liga Portugal,2026-08-10,10/08/2026 21:15,Santa Clara,Nacional Madeira,forebet,correct_score,2 - 1,2 - 1,,,,avg=2.53,2026-08-17T05:23:43Z
2026-08-10|santa-clara|vs|nacional-madeira,Liga Portugal,2026-08-10,10/08/2026 21:15,Santa Clara,Nacional Madeira,forebet,over_under,Over,Over,49,51,,,2026-08-17T05:23:43Z
2026-08-10|santa-clara|vs|nacional-madeira,Liga Portugal,2026-08-10,10/08/2026 21:15,Santa Clara,Nacional Madeira,forebet,btts,Yes,Yes,48,52,,,2026-08-17T05:23:43Z
2026-08-22|mar-timo|vs|acad-mico-viseu,Liga Portugal,2026-08-22,22/08/2026 16:30,Marítimo,Académico Viseu,forebet,1x2,X,X,43,48,9,avg=1.50,2026-08-18T20:50:25Z
2026-08-22|mar-timo|vs|acad-mico-viseu,Liga Portugal,2026-08-22,22/08/2026 16:30,Marítimo,Académico Viseu,forebet,correct_score,1 - 1,1 - 1,,,,avg=1.50,2026-08-18T20:50:25Z
2026-08-22|mar-timo|vs|acad-mico-viseu,Liga Portugal,2026-08-22,22/08/2026 16:30,Marítimo,Académico Viseu,forebet,over_under,Under,Under,70,30,,,2026-08-18T20:50:25Z
2026-08-22|mar-timo|vs|acad-mico-viseu,Liga Portugal,2026-08-22,22/08/2026 16:30,Marítimo,Académico Viseu,forebet,btts,Yes,Yes,44,56,,,2026-08-18T20:50:25Z
2026-08-22|gd-estoril|vs|rio-ave,Liga Portugal,2026-08-22,22/08/2026 19:00,GD Estoril,Rio Ave,forebet,1x2,1,1,44,33,23,avg=2.78,2026-08-18T20:50:25Z
2026-08-22|gd-estoril|vs|rio-ave,Liga Portugal,2026-08-22,22/08/2026 19:00,GD Estoril,Rio Ave,forebet,correct_score,2 - 1,2 - 1,,,,avg=2.78,2026-08-18T20:50:25Z
2026-08-22|gd-estoril|vs|rio-ave,Liga Portugal,2026-08-22,22/08/2026 19:00,GD Estoril,Rio Ave,forebet,over_under,Over,Over,44,56,,,2026-08-18T20:50:25Z
2026-08-22|gd-estoril|vs|rio-ave,Liga Portugal,2026-08-22,22/08/2026 19:00,GD Estoril,Rio Ave,forebet,btts,Yes,Yes,41,59,,,2026-08-18T20:50:25Z
2026-08-22|sporting-cp|vs|fc-alverca,Liga Portugal,2026-08-22,22/08/2026 21:30,Sporting CP,FC Alverca,forebet,1x2,1,1,59,28,13,avg=3.16,2026-08-18T20:50:25Z
2026-08-22|sporting-cp|vs|fc-alverca,Liga Portugal,2026-08-22,22/08/2026 21:30,Sporting CP,FC Alverca,forebet,correct_score,2 - 1,2 - 1,,,,avg=3.16,2026-08-18T20:50:25Z
2026-08-22|sporting-cp|vs|fc-alverca,Liga Portugal,2026-08-22,22/08/2026 21:30,Sporting CP,FC Alverca,forebet,over_under,Over,Over,37,63,,,2026-08-18T20:50:25Z
2026-08-22|sporting-cp|vs|fc-alverca,Liga Portugal,2026-08-22,22/08/2026 21:30,Sporting CP,FC Alverca,forebet,btts,Yes,Yes,33,67,,,2026-08-18T20:50:25Z
2026-08-23|vit-ria|vs|nacional-madeira,Liga Portugal,2026-08-23,23/08/2026 16:30,Vitória,Nacional Madeira,forebet,1x2,2,2,22,31,47,avg=2.44,2026-08-18T20:50:25Z
2026-08-23|vit-ria|vs|nacional-madeira,Liga Portugal,2026-08-23,23/08/2026 16:30,Vitória,Nacional Madeira,forebet,correct_score,0 - 2,0 - 2,,,,avg=2.44,2026-08-18T20:50:25Z
2026-08-23|vit-ria|vs|nacional-madeira,Liga Portugal,2026-08-23,23/08/2026 16:30,Vitória,Nacional Madeira,forebet,over_under,Under,Under,51,49,,,2026-08-18T20:50:25Z
2026-08-23|vit-ria|vs|nacional-madeira,Liga Portugal,2026-08-23,23/08/2026 16:30,Vitória,Nacional Madeira,forebet,btts,No,No,54,46,,,2026-08-18T20:50:25Z
2026-08-23|santa-clara|vs|fc-famalic-o,Liga Portugal,2026-08-23,23/08/2026 19:00,Santa Clara,FC Famalicão,forebet,1x2,1,1,38,35,27,avg=2.08,2026-08-18T20:50:25Z
2026-08-23|santa-clara|vs|fc-famalic-o,Liga Portugal,2026-08-23,23/08/2026 19:00,Santa Clara,FC Famalicão,forebet,correct_score,1 - 0,1 - 0,,,,avg=2.08,2026-08-18T20:50:25Z
2026-08-23|santa-clara|vs|fc-famalic-o,Liga Portugal,2026-08-23,23/08/2026 19:00,Santa Clara,FC Famalicão,forebet,over_under,Under,Under,58,42,,,2026-08-18T20:50:25Z
2026-08-23|santa-clara|vs|fc-famalic-o,Liga Portugal,2026-08-23,23/08/2026 19:00,Santa Clara,FC Famalicão,forebet,btts,No,No,60,40,,,2026-08-18T20:50:25Z
2026-08-23|porto|vs|fc-arouca,Liga Portugal,2026-08-23,23/08/2026 21:30,Porto,FC Arouca,forebet,1x2,1,1,45,25,31,avg=3.09,2026-08-18T20:50:25Z
2026-08-23|porto|vs|fc-arouca,Liga Portugal,2026-08-23,23/08/2026 21:30,Porto,FC Arouca,forebet,correct_score,3 - 1,3 - 1,,,,avg=3.09,2026-08-18T20:50:25Z
2026-08-23|porto|vs|fc-arouca,Liga Portugal,2026-08-23,23/08/2026 21:30,Porto,FC Arouca,forebet,over_under,Over,Over,38,62,,,2026-08-18T20:50:25Z
2026-08-23|porto|vs|fc-arouca,Liga Portugal,2026-08-23,23/08/2026 21:30,Porto,FC Arouca,forebet,btts,Yes,Yes,29,71,,,2026-08-18T20:50:25Z
2026-08-24|gil-vicente|vs|casa-pia-ac,Liga Portugal,2026-08-24,24/08/2026 21:15,Gil Vicente,Casa Pia AC,forebet,1x2,1,1,60,27,12,avg=2.10,2026-08-18T20:50:25Z
2026-08-24|gil-vicente|vs|casa-pia-ac,Liga Portugal,2026-08-24,24/08/2026 21:15,Gil Vicente,Casa Pia AC,forebet,correct_score,2 - 0,2 - 0,,,,avg=2.10,2026-08-18T20:50:25Z
2026-08-24|gil-vicente|vs|casa-pia-ac,Liga Portugal,2026-08-24,24/08/2026 21:15,Gil Vicente,Casa Pia AC,forebet,over_under,Under,Under,58,42,,,2026-08-18T20:50:25Z
2026-08-24|gil-vicente|vs|casa-pia-ac,Liga Portugal,2026-08-24,24/08/2026 21:15,Gil Vicente,Casa Pia AC,forebet,btts,No,No,57,43,,,2026-08-18T20:50:25Z
2026-08-20|rayo-vallecano|vs|deportivo-alav-s,La Liga,2026-08-20,20/08/2026 21:00,Rayo Vallecano,Deportivo Alavés,forebet,1x2,2,2,29,20,51,avg=2.36,2026-08-21T03:24:50Z
2026-08-20|rayo-vallecano|vs|deportivo-alav-s,La Liga,2026-08-20,20/08/2026 21:00,Rayo Vallecano,Deportivo Alavés,forebet,correct_score,0 - 2,0 - 2,,,,avg=2.36,2026-08-21T03:24:50Z
2026-08-20|rayo-vallecano|vs|deportivo-alav-s,La Liga,2026-08-20,20/08/2026 21:00,Rayo Vallecano,Deportivo Alavés,forebet,over_under,Under,Under,53,47,,,2026-08-21T03:24:50Z
2026-08-20|rayo-vallecano|vs|deportivo-alav-s,La Liga,2026-08-20,20/08/2026 21:00,Rayo Vallecano,Deportivo Alavés,forebet,btts,No,No,51,49,,,2026-08-21T03:24:50Z
2026-08-21|real-betis|vs|real-sociedad,La Liga,2026-08-21,21/08/2026 21:00,Real Betis,Real Sociedad,forebet,1x2,X,X,35,46,19,avg=2.40,2026-08-21T03:24:50Z
2026-08-21|real-betis|vs|real-sociedad,La Liga,2026-08-21,21/08/2026 21:00,Real Betis,Real Sociedad,forebet,correct_score,1 - 1,1 - 1,,,,avg=2.40,2026-08-21T03:24:50Z
2026-08-21|real-betis|vs|real-sociedad,La Liga,2026-08-21,21/08/2026 21:00,Real Betis,Real Sociedad,forebet,over_under,Under,Under,52,48,,,2026-08-21T03:24:50Z
2026-08-21|real-betis|vs|real-sociedad,La Liga,2026-08-21,21/08/2026 21:00,Real Betis,Real Sociedad,forebet,btts,Yes,Yes,36,64,,,2026-08-21T03:24:50Z
2026-08-22|athletic-bilbao|vs|sevilla,La Liga,2026-08-22,22/08/2026 17:00,Athletic Bilbao,Sevilla,forebet,1x2,2,2,28,22,51,avg=2.58,2026-08-21T03:24:50Z
2026-08-22|athletic-bilbao|vs|sevilla,La Liga,2026-08-22,22/08/2026 17:00,Athletic Bilbao,Sevilla,forebet,correct_score,1 - 2,1 - 2,,,,avg=2.58,2026-08-21T03:24:50Z
2026-08-22|athletic-bilbao|vs|sevilla,La Liga,2026-08-22,22/08/2026 17:00,Athletic Bilbao,Sevilla,forebet,over_under,Over,Over,48,52,,,2026-08-21T03:24:50Z
2026-08-22|athletic-bilbao|vs|sevilla,La Liga,2026-08-22,22/08/2026 17:00,Athletic Bilbao,Sevilla,forebet,btts,Yes,Yes,46,54,,,2026-08-21T03:24:50Z
2026-08-22|valencia|vs|celta-vigo,La Liga,2026-08-22,22/08/2026 19:30,Valencia,Celta Vigo,forebet,1x2,X,X,34,38,28,avg=2.20,2026-08-21T03:24:50Z
2026-08-22|valencia|vs|celta-vigo,La Liga,2026-08-22,22/08/2026 19:30,Valencia,Celta Vigo,forebet,correct_score,1 - 1,1 - 1,,,,avg=2.20,2026-08-21T03:24:50Z
2026-08-22|valencia|vs|celta-vigo,La Liga,2026-08-22,22/08/2026 19:30,Valencia,Celta Vigo,forebet,over_under,Under,Under,56,44,,,2026-08-21T03:24:50Z
2026-08-22|valencia|vs|celta-vigo,La Liga,2026-08-22,22/08/2026 19:30,Valencia,Celta Vigo,forebet,btts,Yes,Yes,44,56,,,2026-08-21T03:24:50Z
2026-08-22|espanyol|vs|real-madrid,La Liga,2026-08-22,22/08/2026 21:30,Espanyol,Real Madrid,forebet,1x2,2,2,30,26,44,avg=2.82,2026-08-21T03:24:50Z
2026-08-22|espanyol|vs|real-madrid,La Liga,2026-08-22,22/08/2026 21:30,Espanyol,Real Madrid,forebet,correct_score,1 - 2,1 - 2,,,,avg=2.82,2026-08-21T03:24:50Z
2026-08-22|espanyol|vs|real-madrid,La Liga,2026-08-22,22/08/2026 21:30,Espanyol,Real Madrid,forebet,over_under,Over,Over,44,56,,,2026-08-21T03:24:50Z
2026-08-22|espanyol|vs|real-madrid,La Liga,2026-08-22,22/08/2026 21:30,Espanyol,Real Madrid,forebet,btts,Yes,Yes,35,65,,,2026-08-21T03:24:50Z
2026-08-23|atl-tico-madrid|vs|villarreal,La Liga,2026-08-23,23/08/2026 17:00,Atlético Madrid,Villarreal,forebet,1x2,X,X,33,49,18,avg=2.80,2026-08-21T03:24:50Z
2026-08-23|atl-tico-madrid|vs|villarreal,La Liga,2026-08-23,23/08/2026 17:00,Atlético Madrid,Villarreal,forebet,correct_score,2 - 2,2 - 2,,,,avg=2.80,2026-08-21T03:24:50Z
2026-08-23|atl-tico-madrid|vs|villarreal,La Liga,2026-08-23,23/08/2026 17:00,Atlético Madrid,Villarreal,forebet,over_under,Over,Over,44,56,,,2026-08-21T03:24:50Z
2026-08-23|atl-tico-madrid|vs|villarreal,La Liga,2026-08-23,23/08/2026 17:00,Atlético Madrid,Villarreal,forebet,btts,Yes,Yes,26,74,,,2026-08-21T03:24:50Z
2026-08-23|getafe|vs|racing-santander,La Liga,2026-08-23,23/08/2026 19:30,Getafe,Racing Santander,forebet,1x2,X,X,28,38,34,avg=2.01,2026-08-21T03:24:50Z
2026-08-23|getafe|vs|racing-santander,La Liga,2026-08-23,23/08/2026 19:30,Getafe,Racing Santander,forebet,correct_score,1 - 1,1 - 1,,,,avg=2.01,2026-08-21T03:24:50Z
2026-08-23|getafe|vs|racing-santander,La Liga,2026-08-23,23/08/2026 19:30,Getafe,Racing Santander,forebet,over_under,Under,Under,60,40,,,2026-08-21T03:24:50Z
2026-08-23|getafe|vs|racing-santander,La Liga,2026-08-23,23/08/2026 19:30,Getafe,Racing Santander,forebet,btts,Yes,Yes,40,60,,,2026-08-21T03:24:50Z
2026-08-23|elche|vs|barcelona,La Liga,2026-08-23,23/08/2026 21:30,Elche,Barcelona,forebet,1x2,2,2,21,35,44,avg=3.26,2026-08-21T03:24:50Z
2026-08-23|elche|vs|barcelona,La Liga,2026-08-23,23/08/2026 21:30,Elche,Barcelona,forebet,correct_score,2 - 3,2 - 3,,,,avg=3.26,2026-08-21T03:24:50Z
2026-08-23|elche|vs|barcelona,La Liga,2026-08-23,23/08/2026 21:30,Elche,Barcelona,forebet,over_under,Over,Over,35,65,,,2026-08-21T03:24:50Z
2026-08-23|elche|vs|barcelona,La Liga,2026-08-23,23/08/2026 21:30,Elche,Barcelona,forebet,btts,Yes,Yes,19,81,,,2026-08-21T03:24:50Z
2026-08-24|osasuna|vs|levante,La Liga,2026-08-24,24/08/2026 19:30,Osasuna,Levante,forebet,1x2,1,1,55,24,21,avg=2.79,2026-08-21T03:24:50Z
2026-08-24|osasuna|vs|levante,La Liga,2026-08-24,24/08/2026 19:30,Osasuna,Levante,forebet,correct_score,2 - 1,2 - 1,,,,avg=2.79,2026-08-21T03:24:50Z
2026-08-24|osasuna|vs|levante,La Liga,2026-08-24,24/08/2026 19:30,Osasuna,Levante,forebet,over_under,Over,Over,44,56,,,2026-08-21T03:24:50Z
2026-08-24|osasuna|vs|levante,La Liga,2026-08-24,24/08/2026 19:30,Osasuna,Levante,forebet,btts,Yes,Yes,41,59,,,2026-08-21T03:24:50Z
2026-08-24|m-laga-cf|vs|deportivo-la-coru-a,La Liga,2026-08-24,24/08/2026 21:30,Málaga CF,Deportivo La Coruña,forebet,1x2,X,X,12,58,29,avg=1.21,2026-08-21T03:24:50Z
2026-08-24|m-laga-cf|vs|deportivo-la-coru-a,La Liga,2026-08-24,24/08/2026 21:30,Málaga CF,Deportivo La Coruña,forebet,correct_score,1 - 1,1 - 1,,,,avg=1.21,2026-08-21T03:24:50Z
2026-08-24|m-laga-cf|vs|deportivo-la-coru-a,La Liga,2026-08-24,24/08/2026 21:30,Málaga CF,Deportivo La Coruña,forebet,over_under,Under,Under,76,24,,,2026-08-21T03:24:50Z
2026-08-24|m-laga-cf|vs|deportivo-la-coru-a,La Liga,2026-08-24,24/08/2026 21:30,Málaga CF,Deportivo La Coruña,forebet,btts,Yes,Yes,43,57,,,2026-08-21T03:24:50Z
2026-08-21|olympique-marseille|vs|strasbourg,Ligue 1,2026-08-21,21/08/2026 20:45,Olympique Marseille,Strasbourg,forebet,1x2,1,1,47,31,22,avg=3.02,2026-08-23T11:23:01Z
2026-08-21|olympique-marseille|vs|strasbourg,Ligue 1,2026-08-21,21/08/2026 20:45,Olympique Marseille,Strasbourg,forebet,correct_score,2 - 1,2 - 1,,,,avg=3.02,2026-08-23T11:23:01Z
2026-08-21|olympique-marseille|vs|strasbourg,Ligue 1,2026-08-21,21/08/2026 20:45,Olympique Marseille,Strasbourg,forebet,over_under,Over,Over,40,60,,,2026-08-23T11:23:01Z
2026-08-21|olympique-marseille|vs|strasbourg,Ligue 1,2026-08-21,21/08/2026 20:45,Olympique Marseille,Strasbourg,forebet,btts,Yes,Yes,27,73,,,2026-08-23T11:23:01Z
2026-08-22|lens|vs|auxerre,Ligue 1,2026-08-22,22/08/2026 17:15,Lens,Auxerre,forebet,1x2,1,1,61,21,19,avg=2.56,2026-08-23T11:23:01Z
2026-08-22|lens|vs|auxerre,Ligue 1,2026-08-22,22/08/2026 17:15,Lens,Auxerre,forebet,correct_score,2 - 1,2 - 1,,,,avg=2.56,2026-08-23T11:23:01Z
2026-08-22|lens|vs|auxerre,Ligue 1,2026-08-22,22/08/2026 17:15,Lens,Auxerre,forebet,over_under,Over,Over,49,51,,,2026-08-23T11:23:01Z
2026-08-22|lens|vs|auxerre,Ligue 1,2026-08-22,22/08/2026 17:15,Lens,Auxerre,forebet,btts,Yes,Yes,37,63,,,2026-08-23T11:23:01Z
2026-08-22|troyes|vs|paris-fc,Ligue 1,2026-08-22,22/08/2026 20:45,Troyes,Paris FC,forebet,1x2,2,2,28,33,39,avg=2.39,2026-08-23T11:23:01Z
2026-08-22|troyes|vs|paris-fc,Ligue 1,2026-08-22,22/08/2026 20:45,Troyes,Paris FC,forebet,correct_score,0 - 2,0 - 2,,,,avg=2.39,2026-08-23T11:23:01Z
2026-08-22|troyes|vs|paris-fc,Ligue 1,2026-08-22,22/08/2026 20:45,Troyes,Paris FC,forebet,over_under,Under,Under,52,48,,,2026-08-23T11:23:01Z
2026-08-22|troyes|vs|paris-fc,Ligue 1,2026-08-22,22/08/2026 20:45,Troyes,Paris FC,forebet,btts,No,No,51,49,,,2026-08-23T11:23:01Z
2026-08-22|toulouse|vs|lyon,Ligue 1,2026-08-22,22/08/2026 20:45,Toulouse,Lyon,forebet,1x2,2,2,30,27,43,avg=2.77,2026-08-23T11:23:01Z
2026-08-22|toulouse|vs|lyon,Ligue 1,2026-08-22,22/08/2026 20:45,Toulouse,Lyon,forebet,correct_score,1 - 2,1 - 2,,,,avg=2.77,2026-08-23T11:23:01Z
2026-08-22|toulouse|vs|lyon,Ligue 1,2026-08-22,22/08/2026 20:45,Toulouse,Lyon,forebet,over_under,Over,Over,45,55,,,2026-08-23T11:23:01Z
2026-08-22|toulouse|vs|lyon,Ligue 1,2026-08-22,22/08/2026 20:45,Toulouse,Lyon,forebet,btts,Yes,Yes,37,63,,,2026-08-23T11:23:01Z
2026-08-22|nice|vs|lorient,Ligue 1,2026-08-22,22/08/2026 20:45,Nice,Lorient,forebet,1x2,1,1,37,34,30,avg=2.43,2026-08-23T11:23:01Z
2026-08-22|nice|vs|lorient,Ligue 1,2026-08-22,22/08/2026 20:45,Nice,Lorient,forebet,correct_score,2 - 0,2 - 0,,,,avg=2.43,2026-08-23T11:23:01Z
2026-08-22|nice|vs|lorient,Ligue 1,2026-08-22,22/08/2026 20:45,Nice,Lorient,forebet,over_under,Under,Under,51,49,,,2026-08-23T11:23:01Z
2026-08-22|nice|vs|lorient,Ligue 1,2026-08-22,22/08/2026 20:45,Nice,Lorient,forebet,btts,No,No,52,48,,,2026-08-23T11:23:01Z
2026-08-22|le-mans|vs|brest,Ligue 1,2026-08-22,22/08/2026 20:45,Le Mans FC,Brest,forebet,1x2,X,X,31,35,33,avg=2.13,2026-08-23T11:23:01Z
2026-08-22|le-mans|vs|brest,Ligue 1,2026-08-22,22/08/2026 20:45,Le Mans FC,Brest,forebet,correct_score,1 - 1,1 - 1,,,,avg=2.13,2026-08-23T11:23:01Z
2026-08-22|le-mans|vs|brest,Ligue 1,2026-08-22,22/08/2026 20:45,Le Mans FC,Brest,forebet,over_under,Under,Under,57,43,,,2026-08-23T11:23:01Z
2026-08-22|le-mans|vs|brest,Ligue 1,2026-08-22,22/08/2026 20:45,Le Mans FC,Brest,forebet,btts,Yes,Yes,45,55,,,2026-08-23T11:23:01Z
2026-08-23|angers|vs|lille,Ligue 1,2026-08-23,23/08/2026 15:00,Angers,Lille,forebet,1x2,2,2,33,22,46,avg=2.29,2026-08-23T11:23:01Z
2026-08-23|angers|vs|lille,Ligue 1,2026-08-23,23/08/2026 15:00,Angers,Lille,forebet,correct_score,0 - 2,0 - 2,,,,avg=2.29,2026-08-23T11:23:01Z
2026-08-23|angers|vs|lille,Ligue 1,2026-08-23,23/08/2026 15:00,Angers,Lille,forebet,over_under,Under,Under,54,46,,,2026-08-23T11:23:01Z
2026-08-23|angers|vs|lille,Ligue 1,2026-08-23,23/08/2026 15:00,Angers,Lille,forebet,btts,No,No,58,42,,,2026-08-23T11:23:01Z
2026-08-23|le-havre|vs|monaco,Ligue 1,2026-08-23,23/08/2026 17:15,Le Havre,Monaco,forebet,1x2,2,2,29,34,37,avg=2.67,2026-08-23T11:23:01Z
2026-08-23|le-havre|vs|monaco,Ligue 1,2026-08-23,23/08/2026 17:15,Le Havre,Monaco,forebet,correct_score,1 - 2,1 - 2,,,,avg=2.67,2026-08-23T11:23:01Z
2026-08-23|le-havre|vs|monaco,Ligue 1,2026-08-23,23/08/2026 17:15,Le Havre,Monaco,forebet,over_under,Over,Over,47,53,,,2026-08-23T11:23:01Z
2026-08-23|le-havre|vs|monaco,Ligue 1,2026-08-23,23/08/2026 17:15,Le Havre,Monaco,forebet,btts,Yes,Yes,43,57,,,2026-08-23T11:23:01Z
2026-08-23|rennes|vs|psg,Ligue 1,2026-08-23,23/08/2026 20:45,Rennes,PSG,forebet,1x2,2,2,29,35,36,avg=2.66,2026-08-23T11:23:01Z
2026-08-23|rennes|vs|psg,Ligue 1,2026-08-23,23/08/2026 20:45,Rennes,PSG,forebet,correct_score,1 - 2,1 - 2,,,,avg=2.66,2026-08-23T11:23:01Z
2026-08-23|rennes|vs|psg,Ligue 1,2026-08-23,23/08/2026 20:45,Rennes,PSG,forebet,over_under,Over,Over,47,53,,,2026-08-23T11:23:01Z
2026-08-23|rennes|vs|psg,Ligue 1,2026-08-23,23/08/2026 20:45,Rennes,PSG,forebet,btts,Yes,Yes,26,74,,,2026-08-23T11:23:01Z
2026-09-05|newcastle|vs|bournemouth,Premier League,2026-09-05,14:30,Newcastle,Bournemouth,eaglepredict,double_chance,Double Chance: Newcastle or Draw,1X,,,,1.23,2026-09-05T07:58:32Z
2026-09-05|fulham|vs|crystal-palace,Premier League,2026-09-05,17:00,Fulham,Crystal Palace,eaglepredict,over_under,Under  3.5 Goals,Under,,,,1.36,2026-09-05T07:58:32Z
2026-09-05|nottingham-forest|vs|tottenham,Premier League,2026-09-05,17:00,Nottingham Forest,Tottenham,eaglepredict,double_chance,Double Chance: Draw or Tottenham,X2,,,,1.63,2026-09-05T07:58:32Z
2026-09-05|brighton|vs|leeds-united,Premier League,2026-09-05,17:00,Brighton,Leeds United,eaglepredict,over_under,Under  3.5 Goals,Under,,,,1.38,2026-09-05T07:58:32Z
2026-09-05|manchester-city|vs|coventry,Premier League,2026-09-05,17:00,Manchester City,Coventry City,eaglepredict,over_under,Under  4.5 Goals,Under,,,,1.35,2026-09-05T07:58:32Z
2026-09-05|brentford|vs|sunderland,Premier League,2026-09-05,17:00,Brentford,Sunderland,eaglepredict,double_chance,Double Chance: Brentford or Draw,1X,,,,1.21,2026-09-05T07:58:32Z
2026-09-05|hull|vs|aston-villa,Premier League,2026-09-05,19:30,Hull City,Aston Villa,eaglepredict,over_under,Under  4.5 Goals,Under,,,,1.10,2026-09-05T07:58:32Z
2026-09-06|everton|vs|manchester-united,Premier League,2026-09-06,16:00,Everton,Manchester United,eaglepredict,over_under,Under  4.5 Goals,Under,,,,1.09,2026-09-05T07:58:32Z
2026-09-06|arsenal|vs|chelsea,Premier League,2026-09-06,18:30,Arsenal,Chelsea,eaglepredict,double_chance,Double Chance: Arsenal or Draw,1X,,,,1.21,2026-09-05T07:58:32Z
2026-09-05|athletic-bilbao|vs|atl-tico-madrid,La Liga,2026-09-05,17:15,Athletic Bilbao,Atlético Madrid,eaglepredict,btts,BTTS - Yes,Yes,,,,1.68,2026-09-05T07:58:32Z
2026-09-05|rayo-vallecano|vs|racing-santander,La Liga,2026-09-05,19:30,Rayo Vallecano,Racing Santander,eaglepredict,btts,BTTS - Yes,Yes,,,,1.71,2026-09-05T07:58:32Z
2026-09-05|villarreal|vs|deportivo-la-coru-a,La Liga,2026-09-05,22:00,Villarreal,Deportivo La Coruña,eaglepredict,btts,BTTS - Yes,Yes,,,,1.84,2026-09-05T07:58:32Z
2026-09-06|valencia|vs|barcelona,La Liga,2026-09-06,17:15,Valencia,Barcelona,eaglepredict,over_under,Under  4.5 Goals,Under,,,,1.34,2026-09-05T07:58:32Z
2026-09-06|deportivo-alav-s|vs|osasuna,La Liga,2026-09-06,19:30,Deportivo Alavés,Osasuna,eaglepredict,double_chance,Double Chance: Deportivo Alavés or Draw,1X,,,,1.32,2026-09-05T07:58:32Z
2026-09-06|m-laga-cf|vs|levante,La Liga,2026-09-06,19:30,Málaga CF,Levante UD,eaglepredict,double_chance,Double Chance: Málaga CF or Draw,1X,,,,1.40,2026-09-05T07:58:32Z
2026-09-06|espanyol|vs|sevilla,La Liga,2026-09-06,22:00,Espanyol,Sevilla,eaglepredict,over_under,Under  2.5 Goals,Under,,,,1.51,2026-09-05T07:58:32Z
2026-09-07|getafe|vs|celta-vigo,La Liga,2026-09-07,20:00,Getafe,Celta de Vigo,eaglepredict,double_chance,Double Chance: Getafe or Draw,1X,,,,1.18,2026-09-05T07:58:32Z
2026-09-07|elche|vs|real-sociedad,La Liga,2026-09-07,22:30,Elche CF,Real Sociedad,eaglepredict,over_under,Under  3.5 Goals,Under,,,,1.40,2026-09-05T07:58:32Z
2026-09-05|bayer-leverkusen|vs|union-berlin,Bundesliga,2026-09-05,16:30,Bayer Leverkusen,Union Berlin,eaglepredict,over_under,Under  3.5 Goals,Under,,,,1.78,2026-09-05T07:58:32Z
2026-09-05|hoffenheim|vs|borussia-dortmund,Bundesliga,2026-09-05,16:30,Hoffenheim,Borussia Dortmund,eaglepredict,over_under,Under  3.5 Goals,Under,,,,1.70,2026-09-05T07:58:32Z
2026-09-05|borussia-m-gladbach|vs|elversberg,Bundesliga,2026-09-05,16:30,Borussia M'gladbach,Elversberg,eaglepredict,btts,BTTS - Yes,Yes,,,,1.48,2026-09-05T07:58:32Z
2026-09-05|paderborn|vs|freiburg,Bundesliga,2026-09-05,16:30,Paderborn,Freiburg,eaglepredict,double_chance,Double Chance: Draw or Freiburg,X2,,,,1.30,2026-09-05T07:58:32Z
2026-09-05|werder-bremen|vs|rb-leipzig,Bundesliga,2026-09-05,16:30,Werder Bremen,RB Leipzig,eaglepredict,1x2,RB Leipzig Win,2,,,,1.80,2026-09-05T07:58:32Z
2026-09-05|schalke-04|vs|bayern-m-nchen,Bundesliga,2026-09-05,19:30,Schalke 04,Bayern München,eaglepredict,btts,BTTS - Yes,Yes,,,,1.70,2026-09-05T07:58:32Z
2026-09-06|hamburger-sv|vs|mainz-05,Bundesliga,2026-09-06,16:30,Hamburger SV,Mainz 05,eaglepredict,double_chance,Double Chance: Draw or Mainz 05,X2,,,,1.35,2026-09-05T07:58:32Z
2026-09-06|eintracht-frankfurt|vs|augsburg,Bundesliga,2026-09-06,18:30,Eintracht Frankfurt,Augsburg,eaglepredict,btts,BTTS - Yes,Yes,,,,1.41,2026-09-05T07:58:32Z
2026-09-05|fiorentina|vs|torino,Serie A,2026-09-05,16:00,Fiorentina,Torino,eaglepredict,double_chance,Double Chance: Fiorentina or Draw,1X,,,,1.28,2026-09-05T07:58:32Z
2026-09-05|inter|vs|napoli,Serie A,2026-09-05,19:00,Internazionale,Napoli,eaglepredict,over_under,Under  2.5 Goals,Under,,,,1.84,2026-09-05T07:58:32Z
2026-09-05|roma|vs|atalanta,Serie A,2026-09-05,21:45,Roma,Atalanta,eaglepredict,over_under,Under  4.5 Goals,Under,,,,1.05,2026-09-05T07:58:32Z
2026-09-06|frosinone|vs|venezia,Serie A,2026-09-06,16:00,Frosinone,Venezia,eaglepredict,btts,BTTS - Yes,Yes,,,,1.71,2026-09-05T07:58:32Z
2026-09-06|parma|vs|monza,Serie A,2026-09-06,16:00,Parma,Monza,eaglepredict,double_chance,Double Chance: Parma or Draw,1X,,,,1.26,2026-09-05T07:58:32Z
2026-09-06|bologna|vs|sassuolo,Serie A,2026-09-06,19:00,Bologna,Sassuolo,eaglepredict,double_chance,Double Chance: Bologna or Draw,1X,,,,1.30,2026-09-05T07:58:32Z
2026-09-06|juventus|vs|milan,Serie A,2026-09-06,21:45,Juventus,Milan,eaglepredict,btts,BTTS - Yes,Yes,,,,1.82,2026-09-05T07:58:32Z
2026-09-07|cagliari|vs|lecce,Serie A,2026-09-07,19:30,Cagliari,Lecce,eaglepredict,over_under,Under  2.5 Goals,Under,,,,1.62,2026-09-05T07:58:32Z
2026-09-07|udinese|vs|lazio,Serie A,2026-09-07,21:45,Udinese,Lazio,eaglepredict,over_under,Under  4.5 Goals,Under,,,,1.09,2026-09-05T07:58:32Z
2026-09-05|lens|vs|lorient,Ligue 1,2026-09-05,18:15,Lens,Lorient,eaglepredict,double_chance,Double Chance: Lens or Draw,1X,,,,1.12,2026-09-05T07:58:32Z
2026-09-05|le-havre|vs|brest,Ligue 1,2026-09-05,21:45,Le Havre,Brest,eaglepredict,double_chance,Double Chance: Le Havre or Draw,1X,,,,1.44,2026-09-05T07:58:32Z
2026-09-05|nice|vs|le-mans,Ligue 1,2026-09-05,21:45,Nice,Le Mans,eaglepredict,over_under,Under  3.5 Goals,Under,,,,1.31,2026-09-05T07:58:32Z
2026-09-06|troyes|vs|strasbourg,Ligue 1,2026-09-06,16:00,Troyes,Strasbourg,eaglepredict,over_under,Under  2.5 Goals,Under,,,,1.84,2026-09-05T07:58:32Z
2026-09-06|angers|vs|rennes,Ligue 1,2026-09-06,18:15,Angers,Rennes,eaglepredict,btts,BTTS - Yes,Yes,,,,1.61,2026-09-05T07:58:32Z
2026-09-06|olympique-marseille|vs|paris-fc,Ligue 1,2026-09-06,21:45,Olympique Marseille,Paris,eaglepredict,double_chance,Double Chance: Olympique Marseille or Draw,1X,,,,1.21,2026-09-05T07:58:32Z
2026-09-05|nijmegen|vs|feyenoord,Eredivisie,2026-09-05,17:30,NEC,Feyenoord,eaglepredict,double_chance,Double Chance: Draw or Feyenoord,X2,,,,1.41,2026-09-05T07:58:32Z
2026-09-05|utrecht|vs|go-ahead-eagles,Eredivisie,2026-09-05,19:45,Utrecht,Go Ahead Eagles,eaglepredict,btts,BTTS - Yes,Yes,,,,1.43,2026-09-05T07:58:32Z
2026-09-05|ajax|vs|psv-eindhoven,Eredivisie,2026-09-05,21:00,Ajax,PSV,eaglepredict,double_chance,Double Chance: Draw or PSV,X2,,,,1.44,2026-09-05T07:58:32Z
2026-09-05|willem-ii-tilburg|vs|excelsior,Eredivisie,2026-09-05,22:00,Willem II,Excelsior,eaglepredict,double_chance,Double Chance: Willem II or Draw,1X,,,,1.67,2026-09-05T07:58:32Z
2026-09-06|groningen|vs|twente,Eredivisie,2026-09-06,13:15,Groningen,Twente,eaglepredict,1x2,Twente Win,2,,,,1.98,2026-09-05T07:58:32Z
2026-09-06|sc-telstar|vs|cambuur,Eredivisie,2026-09-06,15:30,Telstar,Cambuur,eaglepredict,double_chance,Double Chance: Telstar or Draw,1X,,,,1.17,2026-09-05T07:58:32Z
2026-09-06|heerenveen|vs|az-alkmaar,Eredivisie,2026-09-06,15:30,Heerenveen,AZ,eaglepredict,btts,BTTS - Yes,Yes,,,,1.36,2026-09-05T07:58:32Z
2026-09-06|ado-den-haag|vs|fortuna-sittard,Eredivisie,2026-09-06,17:45,ADO Den Haag,Fortuna Sittard,eaglepredict,over_under,Under  4.5 Goals,Under,,,,1.35,2026-09-05T07:58:32Z
2026-09-05|estrela-amadora|vs|fc-famalic-o,Primeira Liga,2026-09-05,17:30,Estrela Amadora,Famalicão,eaglepredict,over_under,Under  2.5 Goals,Under,,,,1.67,2026-09-05T07:58:32Z
2026-09-05|mar-timo|vs|sl-benfica,Primeira Liga,2026-09-05,20:00,CS Marítimo,Benfica,eaglepredict,over_under,Under  3.5 Goals,Under,,,,1.61,2026-09-05T07:58:32Z
2026-09-05|fc-alverca|vs|sporting-braga,Primeira Liga,2026-09-05,20:00,Alverca,Sporting Braga,eaglepredict,btts,BTTS - Yes,Yes,,,,1.81,2026-09-05T07:58:32Z
2026-09-05|sporting-cp|vs|nacional-madeira,Primeira Liga,2026-09-05,22:30,Sporting CP,CD Nacional,eaglepredict,btts,BTTS - Yes,Yes,,,,1.96,2026-09-05T07:58:32Z
2026-09-06|santa-clara|vs|rio-ave,Primeira Liga,2026-09-06,17:30,Santa Clara,Rio Ave FC,eaglepredict,double_chance,Double Chance: Draw or Rio Ave FC,X2,,,,1.94,2026-09-05T07:58:32Z
2026-09-06|vit-ria|vs|casa-pia-ac,Primeira Liga,2026-09-06,20:00,Vitória Guimarães,Casa Pia,eaglepredict,double_chance,Double Chance: Vitória Guimarães or Draw,1X,,,,1.09,2026-09-05T07:58:32Z
2026-09-06|gil-vicente|vs|acad-mico-viseu,Primeira Liga,2026-09-06,22:30,Gil Vicente,Academico Viseu,eaglepredict,over_under,Under  2.5 Goals,Under,,,,1.76,2026-09-05T07:58:32Z
2026-09-07|gd-estoril|vs|fc-arouca,Primeira Liga,2026-09-07,22:15,GD Estoril Praia,FC Arouca,eaglepredict,double_chance,Double Chance: GD Estoril Praia or Draw,1X,,,,1.36,2026-09-05T07:58:32Z
2026-08-16|ado-den-haag|vs|groningen,Eredivisie,2026-08-16,13:15,ADO Den Haag,Groningen,eaglepredict,1x2,ADO Den Haag Win,1,,,,1.83,2026-08-16T10:35:42Z
2026-08-16|ado-den-haag|vs|groningen,Eredivisie,2026-08-16,13:15,ADO Den Haag,Groningen,eaglepredict,over_under,Over  2.5 Goals,Over,,,,1.53,2026-08-16T10:35:42Z
2026-08-16|feyenoord|vs|go-ahead-eagles,Eredivisie,2026-08-16,15:30,Feyenoord,Go Ahead Eagles,eaglepredict,1x2,Feyenoord Win,1,,,,1.18,2026-08-16T10:35:42Z
2026-08-16|feyenoord|vs|go-ahead-eagles,Eredivisie,2026-08-16,15:30,Feyenoord,Go Ahead Eagles,eaglepredict,over_under,Over  2.5 Goals,Over,,,,1.23,2026-08-16T10:35:42Z
2026-08-16|twente|vs|pec-zwolle,Eredivisie,2026-08-16,15:30,Twente,PEC Zwolle,eaglepredict,1x2,Twente Win,1,,,,1.15,2026-08-16T10:35:42Z
2026-08-16|twente|vs|pec-zwolle,Eredivisie,2026-08-16,15:30,Twente,PEC Zwolle,eaglepredict,over_under,Over  2.5 Goals,Over,,,,1.24,2026-08-16T10:35:42Z
2026-08-16|ajax|vs|heerenveen,Eredivisie,2026-08-16,17:45,Ajax,Heerenveen,eaglepredict,1x2,Ajax Win,1,,,,1.32,2026-08-16T10:35:42Z
2026-08-16|ajax|vs|heerenveen,Eredivisie,2026-08-16,17:45,Ajax,Heerenveen,eaglepredict,over_under,Over  2.5 Goals,Over,,,,1.29,2026-08-16T10:35:42Z
2026-08-16|racing-santander|vs|villarreal,La Liga,2026-08-16,18:00,Racing Santander,Villarreal,eaglepredict,1x2,Villarreal Win,2,,,,1.98,2026-08-16T10:35:42Z
2026-08-16|racing-santander|vs|villarreal,La Liga,2026-08-16,18:00,Racing Santander,Villarreal,eaglepredict,over_under,Over  2.5 Goals,Over,,,,1.61,2026-08-16T10:35:42Z
2026-08-16|espanyol|vs|levante,La Liga,2026-08-16,20:00,Espanyol,Levante UD,eaglepredict,1x2,Espanyol Win,1,,,,1.62,2026-08-16T10:35:42Z
2026-08-16|espanyol|vs|levante,La Liga,2026-08-16,20:00,Espanyol,Levante UD,eaglepredict,over_under,Over  2.5 Goals,Over,,,,1.99,2026-08-16T10:35:42Z
2026-08-16|fc-arouca|vs|moreirense-fc,Primeira Liga,2026-08-16,20:00,FC Arouca,Moreirense FC,eaglepredict,1x2,FC Arouca Win,1,,,,1.97,2026-08-16T10:35:42Z
2026-08-16|fc-arouca|vs|moreirense-fc,Primeira Liga,2026-08-16,20:00,FC Arouca,Moreirense FC,eaglepredict,over_under,Over  2.5 Goals,Over,,,,1.94,2026-08-16T10:35:42Z
2026-08-16|sporting-braga|vs|gil-vicente,Primeira Liga,2026-08-16,22:30,Sporting Braga,Gil Vicente,eaglepredict,1x2,Sporting Braga Win,1,,,,1.53,2026-08-16T10:35:42Z
2026-08-16|sporting-braga|vs|gil-vicente,Primeira Liga,2026-08-16,22:30,Sporting Braga,Gil Vicente,eaglepredict,over_under,Over  2.5 Goals,Over,,,,1.77,2026-08-16T10:35:42Z
2026-08-16|fc-famalic-o|vs|mar-timo,Primeira Liga,2026-08-16,22:30,Famalicão,CS Marítimo,eaglepredict,1x2,Famalicão Win,1,,,,1.75,2026-08-16T10:35:42Z
2026-08-16|fc-famalic-o|vs|mar-timo,Primeira Liga,2026-08-16,22:30,Famalicão,CS Marítimo,eaglepredict,over_under,Over  2.5 Goals,Over,,,,1.77,2026-08-16T10:35:42Z
2026-08-17|casa-pia-ac|vs|sl-benfica,Primeira Liga,2026-08-17,22:15,Casa Pia,Benfica,eaglepredict,1x2,Benfica Win,2,,,,1.15,2026-08-16T10:35:42Z
2026-08-17|casa-pia-ac|vs|sl-benfica,Primeira Liga,2026-08-17,22:15,Casa Pia,Benfica,eaglepredict,over_under,Over  2.5 Goals,Over,,,,1.49,2026-08-16T10:35:42Z
2026-08-17|deportivo-la-coru-a|vs|elche,La Liga,2026-08-17,22:00,Deportivo La Coruña,Elche CF,eaglepredict,1x2,Elche CF Win,2,,,,1.73,2026-08-17T05:24:37Z
2026-08-19|atl-tico-madrid|vs|m-laga-cf,La Liga,2026-08-19,22:00,Atlético Madrid,Málaga CF,eaglepredict,1x2,Atlético Madrid Win,1,,,,1.19,2026-08-17T05:24:37Z
2026-08-19|atl-tico-madrid|vs|m-laga-cf,La Liga,2026-08-19,22:00,Atlético Madrid,Málaga CF,eaglepredict,over_under,Over  2.5 Goals,Over,,,,1.61,2026-08-17T05:24:37Z
2026-08-20|rayo-vallecano|vs|deportivo-alav-s,La Liga,2026-08-20,22:00,Rayo Vallecano,Deportivo Alavés,eaglepredict,1x2,Rayo Vallecano Win,1,,,,1.67,2026-08-19T17:43:16Z
2026-08-21|real-betis|vs|real-sociedad,La Liga,2026-08-21,22:00,Betis,Real Sociedad,eaglepredict,1x2,Betis Win,1,,,,1.94,2026-08-19T17:43:16Z
2026-08-21|real-betis|vs|real-sociedad,La Liga,2026-08-21,22:00,Betis,Real Sociedad,eaglepredict,over_under,Over  2.5 Goals,Over,,,,1.82,2026-08-19T17:43:16Z
2026-08-22|fortuna-sittard|vs|az-alkmaar,Eredivisie,2026-08-22,17:30,Fortuna Sittard,AZ,eaglepredict,1x2,AZ Win,2,,,,1.48,2026-08-19T17:43:16Z
2026-08-22|fortuna-sittard|vs|az-alkmaar,Eredivisie,2026-08-22,17:30,Fortuna Sittard,AZ,eaglepredict,over_under,Over  2.5 Goals,Over,,,,1.35,2026-08-19T17:43:16Z
2026-08-22|heerenveen|vs|pec-zwolle,Eredivisie,2026-08-22,22:00,Heerenveen,PEC Zwolle,eaglepredict,1x2,Heerenveen Win,1,,,,1.45,2026-08-19T17:43:16Z
2026-08-22|heerenveen|vs|pec-zwolle,Eredivisie,2026-08-22,22:00,Heerenveen,PEC Zwolle,eaglepredict,over_under,Over  2.5 Goals,Over,,,,1.33,2026-08-19T17:43:16Z
2026-08-22|mar-timo|vs|acad-mico-viseu,Primeira Liga,2026-08-22,17:30,CS Marítimo,Academico Viseu,eaglepredict,1x2,CS Marítimo Win,1,,,,1.82,2026-08-19T17:43:16Z
2026-08-22|mar-timo|vs|acad-mico-viseu,Primeira Liga,2026-08-22,17:30,CS Marítimo,Academico Viseu,eaglepredict,over_under,Over  2.5 Goals,Over,,,,1.90,2026-08-19T17:43:16Z
2026-08-22|gd-estoril|vs|rio-ave,Primeira Liga,2026-08-22,20:00,GD Estoril Praia,Rio Ave FC,eaglepredict,1x2,GD Estoril Praia Win,1,,,,1.53,2026-08-19T17:43:16Z
2026-08-22|gd-estoril|vs|rio-ave,Primeira Liga,2026-08-22,20:00,GD Estoril Praia,Rio Ave FC,eaglepredict,over_under,Over  2.5 Goals,Over,,,,1.69,2026-08-19T17:43:16Z
2026-08-22|sporting-cp|vs|fc-alverca,Primeira Liga,2026-08-22,22:30,Sporting CP,Alverca,eaglepredict,1x2,Sporting CP Win,1,,,,1.15,2026-08-19T17:43:16Z
2026-08-22|sporting-cp|vs|fc-alverca,Primeira Liga,2026-08-22,22:30,Sporting CP,Alverca,eaglepredict,over_under,Over  2.5 Goals,Over,,,,1.32,2026-08-19T17:43:16Z
2026-08-22|athletic-bilbao|vs|sevilla,La Liga,2026-08-22,18:00,Athletic Bilbao,Sevilla,eaglepredict,1x2,Athletic Bilbao Win,1,,,,1.40,2026-08-19T17:43:16Z
2026-08-22|espanyol|vs|real-madrid,La Liga,2026-08-22,22:30,Espanyol,Real Madrid,eaglepredict,1x2,Real Madrid Win,2,,,,1.32,2026-08-19T17:43:16Z
2026-08-22|espanyol|vs|real-madrid,La Liga,2026-08-22,22:30,Espanyol,Real Madrid,eaglepredict,over_under,Over  2.5 Goals,Over,,,,1.58,2026-08-19T17:43:16Z
2026-08-21|olympique-marseille|vs|strasbourg,Ligue 1,2026-08-21,21:45,Olympique Marseille,Strasbourg,eaglepredict,1x2,Olympique Marseille Win,1,,,,1.58,2026-08-19T18:15:46Z
2026-08-21|olympique-marseille|vs|strasbourg,Ligue 1,2026-08-21,21:45,Olympique Marseille,Strasbourg,eaglepredict,over_under,Over  2.5 Goals,Over,,,,1.40,2026-08-19T18:15:46Z
2026-08-21|arsenal|vs|coventry,Premier League,2026-08-21,22:00,Arsenal,Coventry City,eaglepredict,1x2,Arsenal Win,1,,,,1.15,2026-08-19T18:15:46Z
2026-08-21|arsenal|vs|coventry,Premier League,2026-08-21,22:00,Arsenal,Coventry City,eaglepredict,over_under,Over  2.5 Goals,Over,,,,1.47,2026-08-19T18:15:46Z
2026-08-22|hull|vs|manchester-united,Premier League,2026-08-22,14:30,Hull City,Manchester United,eaglepredict,1x2,Manchester United Win,2,,,,1.26,2026-08-19T18:15:46Z
2026-08-22|hull|vs|manchester-united,Premier League,2026-08-22,14:30,Hull City,Manchester United,eaglepredict,over_under,Over  2.5 Goals,Over,,,,1.55,2026-08-19T18:15:46Z
2026-08-22|lens|vs|auxerre,Ligue 1,2026-08-22,18:15,Lens,Auxerre,eaglepredict,1x2,Lens Win,1,,,,1.48,2026-08-19T18:15:46Z
2026-08-22|lens|vs|auxerre,Ligue 1,2026-08-22,18:15,Lens,Auxerre,eaglepredict,over_under,Over  2.5 Goals,Over,,,,1.50,2026-08-19T18:15:46Z
2026-08-22|toulouse|vs|lyon,Ligue 1,2026-08-22,21:45,Toulouse,Lyon,eaglepredict,1x2,Lyon Win,2,,,,1.91,2026-08-19T18:15:46Z
2026-08-22|toulouse|vs|lyon,Ligue 1,2026-08-22,21:45,Toulouse,Lyon,eaglepredict,over_under,Over  2.5 Goals,Over,,,,1.56,2026-08-19T18:15:46Z
2026-08-22|nice|vs|lorient,Ligue 1,2026-08-22,21:45,Nice,Lorient,eaglepredict,1x2,Nice Win,1,,,,1.97,2026-08-19T18:15:46Z
2026-08-22|nice|vs|lorient,Ligue 1,2026-08-22,21:45,Nice,Lorient,eaglepredict,over_under,Over  2.5 Goals,Over,,,,1.65,2026-08-19T18:15:46Z
2026-08-22|troyes|vs|paris-fc,Ligue 1,2026-08-22,21:45,Troyes,Paris,eaglepredict,1x2,Troyes Win,1,,,,1.95,2026-08-19T18:15:46Z
2026-08-22|troyes|vs|paris-fc,Ligue 1,2026-08-22,21:45,Troyes,Paris,eaglepredict,over_under,Over  2.5 Goals,Over,,,,1.59,2026-08-19T18:15:46Z
2026-08-22|le-mans|vs|brest,Ligue 1,2026-08-22,21:45,Le Mans,Brest,eaglepredict,1x2,Le Mans Win,1,,,,1.75,2026-08-19T18:15:46Z
2026-08-22|le-mans|vs|brest,Ligue 1,2026-08-22,21:45,Le Mans,Brest,eaglepredict,over_under,Over  2.5 Goals,Over,,,,1.64,2026-08-19T18:15:46Z
2026-08-22|inter|vs|monza,Serie A,2026-08-22,19:30,Internazionale,Monza,eaglepredict,1x2,Internazionale Win,1,,,,1.15,2026-08-19T18:15:46Z
2026-08-22|inter|vs|monza,Serie A,2026-08-22,19:30,Internazionale,Monza,eaglepredict,over_under,Over  2.5 Goals,Over,,,,1.49,2026-08-19T18:15:46Z
2026-08-22|udinese|vs|como,Serie A,2026-08-22,19:30,Udinese,Como,eaglepredict,1x2,Como Win,2,,,,1.67,2026-08-19T18:15:46Z
2026-08-22|udinese|vs|como,Serie A,2026-08-22,19:30,Udinese,Como,eaglepredict,over_under,Over  2.5 Goals,Over,,,,1.97,2026-08-19T18:15:46Z
2026-08-22|brentford|vs|tottenham,Premier League,2026-08-22,19:30,Brentford,Tottenham,eaglepredict,1x2,Brentford Win,1,,,,1.91,2026-08-19T18:26:47Z
2026-08-22|brentford|vs|tottenham,Premier League,2026-08-22,19:30,Brentford,Tottenham,eaglepredict,over_under,Over  2.5 Goals,Over,,,,1.53,2026-08-19T18:26:47Z
2026-08-22|everton|vs|crystal-palace,Premier League,2026-08-22,17:00,Everton,Crystal Palace,eaglepredict,over_under,Over  2.5 Goals,Over,,,,1.78,2026-08-19T18:26:47Z
2026-08-22|nottingham-forest|vs|leeds-united,Premier League,2026-08-22,17:00,Nottingham Forest,Leeds United,eaglepredict,over_under,Over  2.5 Goals,Over,,,,1.75,2026-08-19T18:26:47Z
2026-08-22|sparta-rotterdam|vs|utrecht,Eredivisie,2026-08-22,19:45,Sparta Rotterdam,Utrecht,eaglepredict,over_under,Over  2.5 Goals,Over,,,,1.57,2026-08-19T18:26:47Z
2026-08-22|sparta-rotterdam|vs|utrecht,Eredivisie,2026-08-22,19:45,Sparta Rotterdam,Utrecht,eaglepredict,1x2,Utrecht Win,2,,,,1.67,2026-08-21T03:25:48Z
2026-08-22|genoa|vs|napoli,Serie A,2026-08-22,21:45,Genoa,Napoli,eaglepredict,1x2,Napoli Win,2,,,,1.77,2026-08-21T03:25:48Z
2026-08-23|go-ahead-eagles|vs|ado-den-haag,Eredivisie,2026-08-23,13:15,Go Ahead Eagles,ADO Den Haag,eaglepredict,1x2,Go Ahead Eagles Win,1,,,,1.50,2026-08-21T03:25:48Z
2026-08-23|go-ahead-eagles|vs|ado-den-haag,Eredivisie,2026-08-23,13:15,Go Ahead Eagles,ADO Den Haag,eaglepredict,over_under,Over  2.5 Goals,Over,,,,1.39,2026-08-21T03:25:48Z
2026-08-23|psv-eindhoven|vs|groningen,Eredivisie,2026-08-23,15:30,PSV,Groningen,eaglepredict,1x2,PSV Win,1,,,,1.27,2026-08-21T03:25:48Z
2026-08-23|psv-eindhoven|vs|groningen,Eredivisie,2026-08-23,15:30,PSV,Groningen,eaglepredict,over_under,Over  2.5 Goals,Over,,,,1.21,2026-08-21T03:25:48Z
2026-08-23|cambuur|vs|feyenoord,Eredivisie,2026-08-23,17:45,Cambuur,Feyenoord,eaglepredict,1x2,Feyenoord Win,2,,,,1.22,2026-08-21T03:25:48Z
2026-08-23|cambuur|vs|feyenoord,Eredivisie,2026-08-23,17:45,Cambuur,Feyenoord,eaglepredict,over_under,Over  2.5 Goals,Over,,,,1.31,2026-08-21T03:25:48Z
2026-08-23|manchester-city|vs|bournemouth,Premier League,2026-08-23,16:00,Manchester City,Bournemouth,eaglepredict,1x2,Manchester City Win,1,,,,1.41,2026-08-21T03:25:48Z
2026-08-23|manchester-city|vs|bournemouth,Premier League,2026-08-23,16:00,Manchester City,Bournemouth,eaglepredict,over_under,Over  2.5 Goals,Over,,,,1.32,2026-08-21T03:25:48Z
2026-08-23|newcastle|vs|liverpool,Premier League,2026-08-23,18:30,Newcastle,Liverpool,eaglepredict,1x2,Liverpool Win,2,,,,1.84,2026-08-21T03:25:48Z
2026-08-23|newcastle|vs|liverpool,Premier League,2026-08-23,18:30,Newcastle,Liverpool,eaglepredict,over_under,Over  2.5 Goals,Over,,,,1.36,2026-08-21T03:25:48Z
2026-08-23|angers|vs|lille,Ligue 1,2026-08-23,16:00,Angers,Lille,eaglepredict,1x2,Lille Win,2,,,,1.65,2026-08-21T03:25:48Z
2026-08-23|angers|vs|lille,Ligue 1,2026-08-23,16:00,Angers,Lille,eaglepredict,over_under,Over  2.5 Goals,Over,,,,1.83,2026-08-21T03:25:48Z
2026-08-23|le-havre|vs|monaco,Ligue 1,2026-08-23,18:15,Le Havre,Monaco,eaglepredict,1x2,Monaco Win,2,,,,1.81,2026-08-21T03:25:48Z
2026-08-23|le-havre|vs|monaco,Ligue 1,2026-08-23,18:15,Le Havre,Monaco,eaglepredict,over_under,Over  2.5 Goals,Over,,,,1.53,2026-08-21T03:25:48Z
2026-08-23|psg|vs|rennes,Ligue 1,2026-08-23,21:45,PSG,Rennes,eaglepredict,1x2,PSG Win,1,,,,1.35,2026-08-21T03:25:48Z
2026-08-23|psg|vs|rennes,Ligue 1,2026-08-23,21:45,PSG,Rennes,eaglepredict,over_under,Over  2.5 Goals,Over,,,,1.32,2026-08-21T03:25:48Z
2026-08-23|vit-ria|vs|nacional-madeira,Primeira Liga,2026-08-23,17:30,Vitória Guimarães,CD Nacional,eaglepredict,1x2,Vitória Guimarães Win,1,,,,1.40,2026-08-21T03:25:48Z
2026-08-23|vit-ria|vs|nacional-madeira,Primeira Liga,2026-08-23,17:30,Vitória Guimarães,CD Nacional,eaglepredict,over_under,Over  2.5 Goals,Over,,,,1.81,2026-08-21T03:25:48Z
2026-08-23|porto|vs|fc-arouca,Primeira Liga,2026-08-23,22:30,Porto,FC Arouca,eaglepredict,1x2,Porto Win,1,,,,1.15,2026-08-21T03:25:48Z
2026-08-23|porto|vs|fc-arouca,Primeira Liga,2026-08-23,22:30,Porto,FC Arouca,eaglepredict,over_under,Over  2.5 Goals,Over,,,,1.55,2026-08-21T03:25:48Z
2026-08-23|atl-tico-madrid|vs|villarreal,La Liga,2026-08-23,18:00,Atlético Madrid,Villarreal,eaglepredict,1x2,Atlético Madrid Win,1,,,,1.81,2026-08-21T03:25:48Z
2026-08-23|atl-tico-madrid|vs|villarreal,La Liga,2026-08-23,18:00,Atlético Madrid,Villarreal,eaglepredict,over_under,Over  2.5 Goals,Over,,,,1.77,2026-08-21T03:25:48Z
2026-08-23|elche|vs|barcelona,La Liga,2026-08-23,22:30,Elche CF,Barcelona,eaglepredict,1x2,Barcelona Win,2,,,,1.25,2026-08-21T03:25:48Z
2026-08-23|elche|vs|barcelona,La Liga,2026-08-23,22:30,Elche CF,Barcelona,eaglepredict,over_under,Over  2.5 Goals,Over,,,,1.35,2026-08-21T03:25:48Z
2026-08-23|frosinone|vs|juventus,Serie A,2026-08-23,19:30,Frosinone,Juventus,eaglepredict,1x2,Juventus Win,2,,,,1.40,2026-08-21T03:25:48Z
2026-08-23|frosinone|vs|juventus,Serie A,2026-08-23,19:30,Frosinone,Juventus,eaglepredict,over_under,Over  2.5 Goals,Over,,,,1.73,2026-08-21T03:25:48Z
2026-08-23|atalanta|vs|sassuolo,Serie A,2026-08-23,21:45,Atalanta,Sassuolo,eaglepredict,1x2,Atalanta Win,1,,,,1.46,2026-08-21T03:25:48Z
2026-08-23|atalanta|vs|sassuolo,Serie A,2026-08-23,21:45,Atalanta,Sassuolo,eaglepredict,over_under,Over  2.5 Goals,Over,,,,1.62,2026-08-21T03:25:48Z
2026-08-23|torino|vs|milan,Serie A,2026-08-23,21:45,Torino,Milan,eaglepredict,1x2,Milan Win,2,,,,1.71,2026-08-21T03:25:48Z
2026-08-23|torino|vs|milan,Serie A,2026-08-23,21:45,Torino,Milan,eaglepredict,over_under,Over  2.5 Goals,Over,,,,1.82,2026-08-21T03:25:48Z
2026-08-23|brighton|vs|aston-villa,Premier League,2026-08-23,16:00,Brighton,Aston Villa,eaglepredict,over_under,Over  2.5 Goals,Over,,,,1.60,2026-08-21T03:25:48Z
2026-08-23|brighton|vs|aston-villa,Premier League,2026-08-23,16:00,Brighton,Aston Villa,eaglepredict,1x2,Brighton Win,1,,,,1.73,2026-08-22T02:22:42Z
2026-08-22|parma|vs|cagliari,Serie A,2026-08-22,21:45,Parma,Cagliari,eaglepredict,1x2,Parma Win,1,,,,1.83,2026-08-22T02:22:42Z
2026-08-23|getafe|vs|racing-santander,La Liga,2026-08-23,20:30,Getafe,Racing Santander,eaglepredict,1x2,Getafe Win,1,,,,1.99,2026-08-22T02:22:42Z
2026-08-24|bologna|vs|lazio,Serie A,2026-08-24,19:30,Bologna,Lazio,eaglepredict,1x2,Bologna Win,1,,,,1.57,2026-08-22T02:22:42Z
2026-08-24|roma|vs|fiorentina,Serie A,2026-08-24,21:45,Roma,Fiorentina,eaglepredict,1x2,Roma Win,1,,,,1.44,2026-08-22T02:22:42Z
2026-08-24|roma|vs|fiorentina,Serie A,2026-08-24,21:45,Roma,Fiorentina,eaglepredict,over_under,Over  2.5 Goals,Over,,,,1.72,2026-08-22T02:22:42Z
2026-08-24|osasuna|vs|levante,La Liga,2026-08-24,20:30,Osasuna,Levante UD,eaglepredict,1x2,Osasuna Win,1,,,,1.69,2026-08-22T02:22:42Z
2026-08-24|osasuna|vs|levante,La Liga,2026-08-24,20:30,Osasuna,Levante UD,eaglepredict,over_under,Over  2.5 Goals,Over,,,,1.85,2026-08-22T02:22:42Z
2026-08-24|fulham|vs|chelsea,Premier League,2026-08-24,22:00,Fulham,Chelsea,eaglepredict,1x2,Chelsea Win,2,,,,1.76,2026-08-22T02:22:42Z
2026-08-24|fulham|vs|chelsea,Premier League,2026-08-24,22:00,Fulham,Chelsea,eaglepredict,over_under,Over  2.5 Goals,Over,,,,1.51,2026-08-22T02:22:42Z
2026-08-24|gil-vicente|vs|casa-pia-ac,Primeira Liga,2026-08-24,22:15,Gil Vicente,Casa Pia,eaglepredict,1x2,Gil Vicente Win,1,,,,1.40,2026-08-22T02:22:42Z
2026-08-22|ipswich|vs|sunderland,Premier League,2026-08-22,17:00,Ipswich Town,Sunderland,eaglepredict,correct_score,1 - 1,1 - 1,,,,5.91,2026-08-22T02:44:50Z
2026-08-22|ipswich|vs|sunderland,Premier League,2026-08-22,17:00,Ipswich Town,Sunderland,eaglepredict,1x2,X,X,,,,5.91,2026-08-22T04:00:49Z
2026-08-22|ipswich|vs|sunderland,Premier League,2026-08-22,17:00,Ipswich Town,Sunderland,eaglepredict,btts,Yes,Yes,,,,5.91,2026-08-22T04:00:49Z
2026-08-22|ipswich|vs|sunderland,Premier League,2026-08-22,17:00,Ipswich Town,Sunderland,eaglepredict,over_under,Under,Under,,,,5.91,2026-08-22T04:00:49Z
2026-08-25|valencia|vs|real-betis,La Liga,2026-08-25,22:00,Valencia,Betis,eaglepredict,1x2,Valencia Win,1,,,,1.75,2026-08-23T05:20:34Z
2026-08-25|valencia|vs|real-betis,La Liga,2026-08-25,22:00,Valencia,Betis,eaglepredict,over_under,Over  2.5 Goals,Over,,,,1.85,2026-08-23T05:20:34Z
2026-08-24|m-laga-cf|vs|deportivo-la-coru-a,La Liga,2026-08-24,22:30,Málaga CF,Deportivo La Coruña,eaglepredict,1x2,Málaga CF Win,1,,,,1.75,2026-08-24T06:41:54Z
2026-08-26|real-madrid|vs|real-sociedad,La Liga,2026-08-26,22:00,Real Madrid,Real Sociedad,eaglepredict,1x2,Real Madrid Win,1,,,,1.27,2026-08-24T06:41:54Z
2026-08-26|real-madrid|vs|real-sociedad,La Liga,2026-08-26,22:00,Real Madrid,Real Sociedad,eaglepredict,over_under,Over  2.5 Goals,Over,,,,1.38,2026-08-24T06:41:54Z
2026-08-27|celta-vigo|vs|osasuna,La Liga,2026-08-27,21:30,Celta de Vigo,Osasuna,eaglepredict,btts,BTTS - Yes,Yes,,,,1.78,2026-08-24T06:41:54Z
2026-08-27|celta-vigo|vs|osasuna,La Liga,2026-08-27,21:30,Celta de Vigo,Osasuna,eaglepredict,1x2,Celta de Vigo Win,1,,,,1.82,2026-08-25T09:35:42Z
2026-08-27|celta-vigo|vs|osasuna,La Liga,2026-08-27,21:30,Celta de Vigo,Osasuna,eaglepredict,over_under,Over  2.5 Goals,Over,,,,1.94,2026-08-25T09:35:42Z
2026-08-27|barcelona|vs|athletic-bilbao,La Liga,2026-08-27,22:00,Barcelona,Athletic Bilbao,eaglepredict,1x2,Barcelona Win,1,,,,1.23,2026-08-25T09:35:42Z
2026-08-27|barcelona|vs|athletic-bilbao,La Liga,2026-08-27,22:00,Barcelona,Athletic Bilbao,eaglepredict,over_under,Over  2.5 Goals,Over,,,,1.33,2026-08-25T09:35:42Z
2026-08-28|racing-santander|vs|elche,La Liga,2026-08-28,20:00,Racing Santander,Elche CF,eaglepredict,1x2,Racing Santander Win,1,,,,1.92,2026-08-27T18:45:34Z
2026-08-28|racing-santander|vs|elche,La Liga,2026-08-28,20:00,Racing Santander,Elche CF,eaglepredict,over_under,Over  2.5 Goals,Over,,,,1.59,2026-08-27T18:45:34Z
2026-08-28|deportivo-alav-s|vs|villarreal,La Liga,2026-08-28,22:30,Deportivo Alavés,Villarreal,eaglepredict,1x2,Villarreal Win,2,,,,1.78,2026-08-27T18:45:34Z
2026-08-28|deportivo-alav-s|vs|villarreal,La Liga,2026-08-28,22:30,Deportivo Alavés,Villarreal,eaglepredict,over_under,Over  2.5 Goals,Over,,,,1.71,2026-08-27T18:45:34Z
2026-08-28|groningen|vs|fortuna-sittard,Eredivisie,2026-08-28,21:00,Groningen,Fortuna Sittard,eaglepredict,1x2,Groningen Win,1,,,,1.34,2026-08-27T18:45:34Z
2026-08-28|groningen|vs|fortuna-sittard,Eredivisie,2026-08-28,21:00,Groningen,Fortuna Sittard,eaglepredict,over_under,Over  2.5 Goals,Over,,,,1.28,2026-08-27T18:45:34Z
2026-08-28|bayern-m-nchen|vs|stuttgart,Bundesliga,2026-08-28,21:30,Bayern München,Stuttgart,eaglepredict,1x2,Bayern München Win,1,,,,1.27,2026-08-27T18:45:34Z
2026-08-28|bayern-m-nchen|vs|stuttgart,Bundesliga,2026-08-28,21:30,Bayern München,Stuttgart,eaglepredict,over_under,Over  2.5 Goals,Over,,,,1.15,2026-08-27T18:45:34Z
2026-08-28|milan|vs|venezia,Serie A,2026-08-28,21:45,Milan,Venezia,eaglepredict,1x2,Milan Win,1,,,,1.15,2026-08-27T18:45:34Z
2026-08-28|milan|vs|venezia,Serie A,2026-08-28,21:45,Milan,Venezia,eaglepredict,over_under,Over  2.5 Goals,Over,,,,1.48,2026-08-27T18:45:34Z
2026-08-28|lille|vs|psg,Ligue 1,2026-08-28,21:45,Lille,PSG,eaglepredict,1x2,PSG Win,2,,,,1.57,2026-08-27T18:45:34Z
2026-08-28|lille|vs|psg,Ligue 1,2026-08-28,21:45,Lille,PSG,eaglepredict,over_under,Over  2.5 Goals,Over,,,,1.59,2026-08-27T18:45:34Z
2026-08-28|crystal-palace|vs|manchester-city,Premier League,2026-08-28,22:00,Crystal Palace,Manchester City,eaglepredict,1x2,Manchester City Win,2,,,,1.51,2026-08-27T18:45:34Z
2026-08-28|crystal-palace|vs|manchester-city,Premier League,2026-08-28,22:00,Crystal Palace,Manchester City,eaglepredict,over_under,Over  2.5 Goals,Over,,,,1.55,2026-08-27T18:45:34Z
2026-08-28|rio-ave|vs|sporting-cp,Primeira Liga,2026-08-28,22:15,Rio Ave FC,Sporting CP,eaglepredict,1x2,Sporting CP Win,2,,,,1.21,2026-08-27T18:45:34Z
2026-08-28|rio-ave|vs|sporting-cp,Primeira Liga,2026-08-28,22:15,Rio Ave FC,Sporting CP,eaglepredict,over_under,Over  2.5 Goals,Over,,,,1.34,2026-08-27T18:45:34Z
2026-08-29|liverpool|vs|nottingham-forest,Premier League,2026-08-29,14:30,Liverpool,Nottingham Forest,eaglepredict,1x2,Liverpool Win,1,,,,1.35,2026-08-27T18:45:34Z
2026-08-29|liverpool|vs|nottingham-forest,Premier League,2026-08-29,14:30,Liverpool,Nottingham Forest,eaglepredict,over_under,Over  2.5 Goals,Over,,,,1.52,2026-08-27T18:45:34Z
2026-08-29|bournemouth|vs|everton,Premier League,2026-08-29,17:00,Bournemouth,Everton,eaglepredict,1x2,Bournemouth Win,1,,,,1.50,2026-08-27T18:45:34Z
2026-08-29|bournemouth|vs|everton,Premier League,2026-08-29,17:00,Bournemouth,Everton,eaglepredict,over_under,Over  2.5 Goals,Over,,,,1.69,2026-08-27T18:45:34Z
2026-08-29|coventry|vs|hull,Premier League,2026-08-29,17:00,Coventry City,Hull City,eaglepredict,1x2,Hull City Win,2,,,,1.57,2026-08-27T18:45:34Z
2026-08-29|coventry|vs|hull,Premier League,2026-08-29,17:00,Coventry City,Hull City,eaglepredict,over_under,Over  2.5 Goals,Over,,,,1.75,2026-08-27T18:45:34Z
2026-08-29|tottenham|vs|newcastle,Premier League,2026-08-29,19:30,Tottenham,Newcastle,eaglepredict,1x2,Tottenham Win,1,,,,1.73,2026-08-27T18:45:34Z
2026-08-29|tottenham|vs|newcastle,Premier League,2026-08-29,19:30,Tottenham,Newcastle,eaglepredict,over_under,Over  2.5 Goals,Over,,,,1.54,2026-08-27T18:45:34Z
2026-08-29|rb-leipzig|vs|borussia-m-gladbach,Bundesliga,2026-08-29,16:30,RB Leipzig,Borussia M'gladbach,eaglepredict,1x2,RB Leipzig Win,1,,,,1.33,2026-08-27T18:45:34Z
2026-08-29|rb-leipzig|vs|borussia-m-gladbach,Bundesliga,2026-08-29,16:30,RB Leipzig,Borussia M'gladbach,eaglepredict,over_under,Over  2.5 Goals,Over,,,,1.36,2026-08-27T18:45:34Z
2026-08-29|elversberg|vs|bayer-leverkusen,Bundesliga,2026-08-29,16:30,Elversberg,Bayer Leverkusen,eaglepredict,1x2,Bayer Leverkusen Win,2,,,,1.47,2026-08-27T18:45:34Z
2026-08-29|elversberg|vs|bayer-leverkusen,Bundesliga,2026-08-29,16:30,Elversberg,Bayer Leverkusen,eaglepredict,over_under,Over  2.5 Goals,Over,,,,1.35,2026-08-27T18:45:34Z
2026-08-29|mainz-05|vs|paderborn,Bundesliga,2026-08-29,16:30,Mainz 05,Paderborn,eaglepredict,1x2,Mainz 05 Win,1,,,,1.56,2026-08-27T18:45:34Z
2026-08-29|mainz-05|vs|paderborn,Bundesliga,2026-08-29,16:30,Mainz 05,Paderborn,eaglepredict,over_under,Over  2.5 Goals,Over,,,,1.52,2026-08-27T18:45:34Z
2026-08-29|fc-koln|vs|hoffenheim,Bundesliga,2026-08-29,16:30,Köln,Hoffenheim,eaglepredict,1x2,Hoffenheim Win,2,,,,1.91,2026-08-27T18:45:34Z
2026-08-29|fc-koln|vs|hoffenheim,Bundesliga,2026-08-29,16:30,Köln,Hoffenheim,eaglepredict,over_under,Over  2.5 Goals,Over,,,,1.41,2026-08-27T18:45:34Z
2026-08-29|borussia-dortmund|vs|hamburger-sv,Bundesliga,2026-08-29,19:30,Borussia Dortmund,Hamburger SV,eaglepredict,1x2,Borussia Dortmund Win,1,,,,1.18,2026-08-27T18:45:34Z
2026-08-29|borussia-dortmund|vs|hamburger-sv,Bundesliga,2026-08-29,19:30,Borussia Dortmund,Hamburger SV,eaglepredict,over_under,Over  2.5 Goals,Over,,,,1.36,2026-08-27T18:45:34Z
2026-08-29|strasbourg|vs|lens,Ligue 1,2026-08-29,18:15,Strasbourg,Lens,eaglepredict,1x2,Lens Win,2,,,,1.93,2026-08-27T18:45:34Z
2026-08-29|strasbourg|vs|lens,Ligue 1,2026-08-29,18:15,Strasbourg,Lens,eaglepredict,over_under,Over  2.5 Goals,Over,,,,1.52,2026-08-27T18:45:34Z
2026-08-29|lyon|vs|le-havre,Ligue 1,2026-08-29,21:45,Lyon,Le Havre,eaglepredict,1x2,Lyon Win,1,,,,1.29,2026-08-27T18:45:34Z
2026-08-29|lyon|vs|le-havre,Ligue 1,2026-08-29,21:45,Lyon,Le Havre,eaglepredict,over_under,Over  2.5 Goals,Over,,,,1.58,2026-08-27T18:45:34Z
2026-08-29|lorient|vs|troyes,Ligue 1,2026-08-29,21:45,Lorient,Troyes,eaglepredict,1x2,Lorient Win,1,,,,1.75,2026-08-27T18:45:34Z
2026-08-29|lorient|vs|troyes,Ligue 1,2026-08-29,21:45,Lorient,Troyes,eaglepredict,over_under,Over  2.5 Goals,Over,,,,1.81,2026-08-27T18:45:34Z
2026-08-29|auxerre|vs|angers,Ligue 1,2026-08-29,21:45,Auxerre,Angers,eaglepredict,1x2,Auxerre Win,1,,,,1.80,2026-08-27T18:45:34Z
2026-08-29|auxerre|vs|angers,Ligue 1,2026-08-29,21:45,Auxerre,Angers,eaglepredict,over_under,Over  2.5 Goals,Over,,,,1.87,2026-08-27T18:45:34Z
2026-08-29|brest|vs|toulouse,Ligue 1,2026-08-29,21:45,Brest,Toulouse,eaglepredict,1x2,Toulouse Win,2,,,,1.91,2026-08-27T18:45:34Z
2026-08-29|brest|vs|toulouse,Ligue 1,2026-08-29,21:45,Brest,Toulouse,eaglepredict,over_under,Over  2.5 Goals,Over,,,,1.83,2026-08-27T18:45:34Z
2026-08-29|fiorentina|vs|frosinone,Serie A,2026-08-29,19:30,Fiorentina,Frosinone,eaglepredict,1x2,Fiorentina Win,1,,,,1.55,2026-08-27T18:45:34Z
2026-08-29|fiorentina|vs|frosinone,Serie A,2026-08-29,19:30,Fiorentina,Frosinone,eaglepredict,over_under,Over  2.5 Goals,Over,,,,1.69,2026-08-27T18:45:34Z
2026-08-29|juventus|vs|parma,Serie A,2026-08-29,21:45,Juventus,Parma,eaglepredict,1x2,Juventus Win,1,,,,1.15,2026-08-27T18:45:34Z
2026-08-29|juventus|vs|parma,Serie A,2026-08-29,21:45,Juventus,Parma,eaglepredict,over_under,Over  2.5 Goals,Over,,,,1.51,2026-08-27T18:45:34Z
2026-08-29|az-alkmaar|vs|go-ahead-eagles,Eredivisie,2026-08-29,19:45,AZ,Go Ahead Eagles,eaglepredict,1x2,AZ Win,1,,,,1.24,2026-08-27T18:45:34Z
2026-08-29|az-alkmaar|vs|go-ahead-eagles,Eredivisie,2026-08-29,19:45,AZ,Go Ahead Eagles,eaglepredict,over_under,Over  2.5 Goals,Over,,,,1.26,2026-08-27T18:45:34Z
2026-08-29|pec-zwolle|vs|nijmegen,Eredivisie,2026-08-29,22:00,PEC Zwolle,NEC,eaglepredict,1x2,NEC Win,2,,,,1.45,2026-08-27T18:45:34Z
2026-08-29|pec-zwolle|vs|nijmegen,Eredivisie,2026-08-29,22:00,PEC Zwolle,NEC,eaglepredict,over_under,Over  2.5 Goals,Over,,,,1.29,2026-08-27T18:45:34Z
2026-08-29|acad-mico-viseu|vs|porto,Primeira Liga,2026-08-29,20:00,Academico Viseu,Porto,eaglepredict,1x2,Porto Win,2,,,,1.22,2026-08-27T18:45:34Z
2026-08-29|acad-mico-viseu|vs|porto,Primeira Liga,2026-08-29,20:00,Academico Viseu,Porto,eaglepredict,over_under,Over  2.5 Goals,Over,,,,1.57,2026-08-27T18:45:34Z
2026-08-29|real-sociedad|vs|espanyol,La Liga,2026-08-29,20:00,Real Sociedad,Espanyol,eaglepredict,1x2,Real Sociedad Win,1,,,,1.53,2026-08-27T18:45:34Z
2026-08-29|real-sociedad|vs|espanyol,La Liga,2026-08-29,20:00,Real Sociedad,Espanyol,eaglepredict,over_under,Over  2.5 Goals,Over,,,,1.71,2026-08-27T18:45:34Z
2026-08-29|sevilla|vs|atl-tico-madrid,La Liga,2026-08-29,22:30,Sevilla,Atlético Madrid,eaglepredict,1x2,Atlético Madrid Win,2,,,,1.96,2026-08-27T18:45:34Z
2026-08-29|sevilla|vs|atl-tico-madrid,La Liga,2026-08-29,22:30,Sevilla,Atlético Madrid,eaglepredict,over_under,Over  2.5 Goals,Over,,,,1.80,2026-08-27T18:45:34Z
2026-08-29|union-berlin|vs|eintracht-frankfurt,Bundesliga,2026-08-29,16:30,Union Berlin,Eintracht Frankfurt,eaglepredict,over_under,Over  2.5 Goals,Over,,,,1.54,2026-08-27T18:45:34Z
2026-08-29|excelsior|vs|sparta-rotterdam,Eredivisie,2026-08-29,17:30,Excelsior,Sparta Rotterdam,eaglepredict,over_under,Over  2.5 Goals,Over,,,,1.36,2026-08-27T18:45:34Z
2026-08-29|excelsior|vs|sparta-rotterdam,Eredivisie,2026-08-29,17:30,Excelsior,Sparta Rotterdam,eaglepredict,1x2,Excelsior Win,1,,,,1.73,2026-08-29T03:23:38Z
2026-08-29|fc-arouca|vs|mar-timo,Primeira Liga,2026-08-29,17:30,FC Arouca,CS Marítimo,eaglepredict,over_under,Over  2.5 Goals,Over,,,,1.90,2026-08-27T18:45:34Z
2026-08-29|fc-arouca|vs|mar-timo,Primeira Liga,2026-08-29,17:30,FC Arouca,CS Marítimo,eaglepredict,1x2,FC Arouca Win,1,,,,1.87,2026-08-29T03:23:38Z
2026-08-29|levante|vs|real-betis,La Liga,2026-08-29,18:00,Levante UD,Betis,eaglepredict,over_under,Over  2.5 Goals,Over,,,,1.77,2026-08-27T18:45:34Z
2026-08-29|levante|vs|real-betis,La Liga,2026-08-29,18:00,Levante UD,Betis,eaglepredict,1x2,Betis Win,2,,,,1.82,2026-08-29T03:23:38Z
2026-08-29|sassuolo|vs|torino,Serie A,2026-08-29,19:30,Sassuolo,Torino,eaglepredict,over_under,Over  2.5 Goals,Over,,,,1.84,2026-08-27T18:45:34Z
2026-08-29|sassuolo|vs|torino,Serie A,2026-08-29,19:30,Sassuolo,Torino,eaglepredict,1x2,Sassuolo Win,1,,,,1.67,2026-08-29T03:23:38Z
2026-08-29|fc-alverca|vs|santa-clara,Primeira Liga,2026-08-29,17:30,Alverca,Santa Clara,eaglepredict,1x2,Alverca Win,1,,,,1.91,2026-08-29T03:23:38Z
2026-08-29|monza|vs|udinese,Serie A,2026-08-29,19:30,Monza,Udinese,eaglepredict,1x2,Udinese Win,2,,,,1.79,2026-08-29T03:23:38Z
2026-08-29|monza|vs|udinese,Serie A,2026-08-29,19:30,Monza,Udinese,eaglepredict,over_under,Over  2.5 Goals,Over,,,,1.70,2026-08-29T03:23:38Z
2026-08-30|utrecht|vs|psv-eindhoven,Eredivisie,2026-08-30,13:15,Utrecht,PSV,eaglepredict,1x2,PSV Win,2,,,,1.57,2026-08-29T03:23:38Z
2026-08-30|utrecht|vs|psv-eindhoven,Eredivisie,2026-08-30,13:15,Utrecht,PSV,eaglepredict,over_under,Over  2.5 Goals,Over,,,,1.26,2026-08-29T03:23:38Z
2026-08-30|feyenoord|vs|ado-den-haag,Eredivisie,2026-08-30,15:30,Feyenoord,ADO Den Haag,eaglepredict,1x2,Feyenoord Win,1,,,,1.15,2026-08-29T03:23:38Z
2026-08-30|feyenoord|vs|ado-den-haag,Eredivisie,2026-08-30,15:30,Feyenoord,ADO Den Haag,eaglepredict,over_under,Over  2.5 Goals,Over,,,,1.17,2026-08-29T03:23:38Z
2026-08-30|willem-ii-tilburg|vs|heerenveen,Eredivisie,2026-08-30,15:30,Willem II,Heerenveen,eaglepredict,1x2,Heerenveen Win,2,,,,1.57,2026-08-29T03:23:38Z
2026-08-30|willem-ii-tilburg|vs|heerenveen,Eredivisie,2026-08-30,15:30,Willem II,Heerenveen,eaglepredict,over_under,Over  2.5 Goals,Over,,,,1.31,2026-08-29T03:23:38Z
2026-08-30|sc-telstar|vs|ajax,Eredivisie,2026-08-30,17:45,Telstar,Ajax,eaglepredict,1x2,Ajax Win,2,,,,1.44,2026-08-29T03:23:38Z
2026-08-30|sc-telstar|vs|ajax,Eredivisie,2026-08-30,17:45,Telstar,Ajax,eaglepredict,over_under,Over  2.5 Goals,Over,,,,1.27,2026-08-29T03:23:38Z
2026-08-30|cambuur|vs|twente,Eredivisie,2026-08-30,21:00,Cambuur,Twente,eaglepredict,1x2,Twente Win,2,,,,1.29,2026-08-29T03:23:38Z
2026-08-30|cambuur|vs|twente,Eredivisie,2026-08-30,21:00,Cambuur,Twente,eaglepredict,over_under,Over  2.5 Goals,Over,,,,1.31,2026-08-29T03:23:38Z
2026-08-30|leeds-united|vs|brentford,Premier League,2026-08-30,16:00,Leeds United,Brentford,eaglepredict,1x2,Leeds United Win,1,,,,1.45,2026-08-29T03:23:38Z
2026-08-30|leeds-united|vs|brentford,Premier League,2026-08-30,16:00,Leeds United,Brentford,eaglepredict,over_under,Over  2.5 Goals,Over,,,,1.80,2026-08-29T03:23:38Z
2026-08-30|chelsea|vs|brighton,Premier League,2026-08-30,16:00,Chelsea,Brighton,eaglepredict,1x2,Chelsea Win,1,,,,1.75,2026-08-29T03:23:38Z
2026-08-30|chelsea|vs|brighton,Premier League,2026-08-30,16:00,Chelsea,Brighton,eaglepredict,over_under,Over  2.5 Goals,Over,,,,1.55,2026-08-29T03:23:38Z
2026-08-30|manchester-united|vs|ipswich,Premier League,2026-08-30,18:30,Manchester United,Ipswich Town,eaglepredict,1x2,Manchester United Win,1,,,,1.35,2026-08-29T03:23:38Z
2026-08-30|manchester-united|vs|ipswich,Premier League,2026-08-30,18:30,Manchester United,Ipswich Town,eaglepredict,over_under,Over  2.5 Goals,Over,,,,1.54,2026-08-29T03:23:38Z
2026-08-30|paris-fc|vs|nice,Ligue 1,2026-08-30,16:00,Paris,Nice,eaglepredict,1x2,Paris Win,1,,,,2.00,2026-08-29T03:23:38Z
2026-08-30|paris-fc|vs|nice,Ligue 1,2026-08-30,16:00,Paris,Nice,eaglepredict,over_under,Over  2.5 Goals,Over,,,,1.92,2026-08-29T03:23:38Z
2026-08-30|rennes|vs|le-mans,Ligue 1,2026-08-30,18:15,Rennes,Le Mans,eaglepredict,1x2,Rennes Win,1,,,,1.38,2026-08-29T03:23:38Z
2026-08-30|rennes|vs|le-mans,Ligue 1,2026-08-30,18:15,Rennes,Le Mans,eaglepredict,over_under,Over  2.5 Goals,Over,,,,1.44,2026-08-29T03:23:38Z
2026-08-30|freiburg|vs|werder-bremen,Bundesliga,2026-08-30,16:30,Freiburg,Werder Bremen,eaglepredict,1x2,Freiburg Win,1,,,,1.84,2026-08-29T03:23:38Z
2026-08-30|freiburg|vs|werder-bremen,Bundesliga,2026-08-30,16:30,Freiburg,Werder Bremen,eaglepredict,over_under,Over  2.5 Goals,Over,,,,1.67,2026-08-29T03:23:38Z
2026-08-30|real-madrid|vs|m-laga-cf,La Liga,2026-08-30,18:00,Real Madrid,Málaga CF,eaglepredict,1x2,Real Madrid Win,1,,,,1.15,2026-08-29T03:23:38Z
2026-08-30|real-madrid|vs|m-laga-cf,La Liga,2026-08-30,18:00,Real Madrid,Málaga CF,eaglepredict,over_under,Over  2.5 Goals,Over,,,,1.27,2026-08-29T03:23:38Z
2026-08-30|casa-pia-ac|vs|moreirense-fc,Primeira Liga,2026-08-30,20:00,Casa Pia,Moreirense FC,eaglepredict,1x2,Casa Pia Win,1,,,,1.67,2026-08-29T03:23:38Z
2026-08-30|lazio|vs|genoa,Serie A,2026-08-30,21:45,Lazio,Genoa,eaglepredict,1x2,Lazio Win,1,,,,1.83,2026-08-29T03:23:38Z
2026-08-30|lazio|vs|genoa,Serie A,2026-08-30,21:45,Lazio,Genoa,eaglepredict,over_under,Over  2.5 Goals,Over,,,,1.63,2026-08-30T04:22:03Z
2026-08-30|cagliari|vs|inter,Serie A,2026-08-30,21:45,Cagliari,Internazionale,eaglepredict,1x2,Internazionale Win,2,,,,1.32,2026-08-29T03:23:38Z
2026-08-30|cagliari|vs|inter,Serie A,2026-08-30,21:45,Cagliari,Internazionale,eaglepredict,over_under,Over  2.5 Goals,Over,,,,1.82,2026-08-29T03:23:38Z
2026-08-31|lecce|vs|roma,Serie A,2026-08-31,19:30,Lecce,Roma,eaglepredict,1x2,Roma Win,2,,,,1.58,2026-08-29T03:23:38Z
2026-08-31|lecce|vs|roma,Serie A,2026-08-31,19:30,Lecce,Roma,eaglepredict,over_under,Over  2.5 Goals,Over,,,,1.92,2026-08-29T03:23:38Z
2026-08-31|atalanta|vs|bologna,Serie A,2026-08-31,21:45,Atalanta,Bologna,eaglepredict,1x2,Atalanta Win,1,,,,1.76,2026-08-29T03:23:38Z
2026-08-31|atalanta|vs|bologna,Serie A,2026-08-31,21:45,Atalanta,Bologna,eaglepredict,over_under,Over  2.5 Goals,Over,,,,1.67,2026-08-29T03:23:38Z
2026-08-31|osasuna|vs|getafe,La Liga,2026-08-31,20:30,Osasuna,Getafe,eaglepredict,1x2,Osasuna Win,1,,,,1.99,2026-08-29T03:23:38Z
2026-08-31|osasuna|vs|getafe,La Liga,2026-08-31,20:30,Osasuna,Getafe,eaglepredict,btts,BTTS - No,No,,,,1.15,2026-08-30T04:22:03Z
2026-08-31|barcelona|vs|rayo-vallecano,La Liga,2026-08-31,22:30,Barcelona,Rayo Vallecano,eaglepredict,1x2,Barcelona Win,1,,,,1.15,2026-08-29T03:23:38Z
2026-08-31|barcelona|vs|rayo-vallecano,La Liga,2026-08-31,22:30,Barcelona,Rayo Vallecano,eaglepredict,over_under,Over  2.5 Goals,Over,,,,1.25,2026-08-29T03:23:38Z
2026-08-31|aston-villa|vs|arsenal,Premier League,2026-08-31,22:00,Aston Villa,Arsenal,eaglepredict,1x2,Arsenal Win,2,,,,1.43,2026-08-29T03:23:38Z
2026-08-31|aston-villa|vs|arsenal,Premier League,2026-08-31,22:00,Aston Villa,Arsenal,eaglepredict,over_under,Over  2.5 Goals,Over,,,,1.73,2026-08-29T03:23:38Z
2026-08-31|sporting-braga|vs|vit-ria,Primeira Liga,2026-08-31,22:15,Sporting Braga,Vitória Guimarães,eaglepredict,1x2,Sporting Braga Win,1,,,,1.63,2026-08-29T03:23:38Z
2026-08-31|sporting-braga|vs|vit-ria,Primeira Liga,2026-08-31,22:15,Sporting Braga,Vitória Guimarães,eaglepredict,over_under,Over  2.5 Goals,Over,,,,1.83,2026-08-29T03:23:38Z
2026-08-31|sl-benfica|vs|gd-estoril,Primeira Liga,2026-08-31,22:15,Benfica,GD Estoril Praia,eaglepredict,1x2,Benfica Win,1,,,,1.14,2026-08-29T03:23:38Z
2026-08-31|sl-benfica|vs|gd-estoril,Primeira Liga,2026-08-31,22:15,Benfica,GD Estoril Praia,eaglepredict,over_under,Over  2.5 Goals,Over,,,,1.27,2026-08-29T03:23:38Z
2026-08-30|sunderland|vs|fulham,Premier League,2026-08-30,16:00,Sunderland,Fulham,eaglepredict,over_under,Over  2.5 Goals,Over,,,,1.95,2026-08-29T03:23:38Z
2026-08-30|monaco|vs|olympique-marseille,Ligue 1,2026-08-30,21:45,Monaco,Olympique Marseille,eaglepredict,over_under,Over  2.5 Goals,Over,,,,1.44,2026-08-29T03:23:38Z
2026-08-30|augsburg|vs|schalke-04,Bundesliga,2026-08-30,18:30,Augsburg,Schalke 04,eaglepredict,over_under,Over  2.5 Goals,Over,,,,1.62,2026-08-29T03:23:38Z
2026-08-30|augsburg|vs|schalke-04,Bundesliga,2026-08-30,18:30,Augsburg,Schalke 04,eaglepredict,1x2,Augsburg Win,1,,,,2.00,2026-08-30T04:22:03Z
2026-08-30|nacional-madeira|vs|estrela-amadora,Primeira Liga,2026-08-30,17:30,CD Nacional,Estrela Amadora,eaglepredict,over_under,Over  2.5 Goals,Over,,,,1.87,2026-08-29T03:23:38Z
2026-08-30|nacional-madeira|vs|estrela-amadora,Primeira Liga,2026-08-30,17:30,CD Nacional,Estrela Amadora,eaglepredict,1x2,CD Nacional Win,1,,,,1.67,2026-08-30T04:22:03Z
2026-08-30|celta-vigo|vs|athletic-bilbao,La Liga,2026-08-30,22:30,Celta de Vigo,Athletic Bilbao,eaglepredict,over_under,Over  2.5 Goals,Over,,,,1.98,2026-08-29T03:23:38Z
2026-08-30|fc-famalic-o|vs|gil-vicente,Primeira Liga,2026-08-30,22:30,Famalicão,Gil Vicente,eaglepredict,1x2,Famalicão Win,1,,,,1.98,2026-08-30T04:22:03Z
2026-08-30|deportivo-la-coru-a|vs|valencia,La Liga,2026-08-30,20:30,Deportivo La Coruña,Valencia,eaglepredict,1x2,Valencia Win,2,,,,1.61,2026-08-30T04:22:03Z
2026-08-30|deportivo-la-coru-a|vs|valencia,La Liga,2026-08-30,20:30,Deportivo La Coruña,Valencia,eaglepredict,over_under,Over  2.5 Goals,Over,,,,1.76,2026-08-30T04:22:03Z
2026-08-30|napoli|vs|como,Serie A,2026-08-30,19:30,Napoli,Como,eaglepredict,1x2,Napoli Win,1,,,,1.30,2026-08-30T04:22:03Z
2026-08-30|napoli|vs|como,Serie A,2026-08-30,19:30,Napoli,Como,eaglepredict,over_under,Over  2.5 Goals,Over,,,,1.48,2026-08-30T04:22:03Z
2026-09-04|ipswich|vs|liverpool,Premier League,2026-09-04,20:00,Ipswich,Liverpool,whoscored,1x2,2,2,,,,1.48,2026-09-04T08:48:15Z
2026-09-04|ipswich|vs|liverpool,Premier League,2026-09-04,20:00,Ipswich,Liverpool,whoscored,over_under,Over,Over,,,,1.36,2026-09-04T08:48:15Z
2026-09-04|ipswich|vs|liverpool,Premier League,2026-09-04,20:00,Ipswich,Liverpool,whoscored,btts,No,No,,,,,2026-09-04T08:48:15Z
2026-09-04|ipswich|vs|liverpool,Premier League,2026-09-04,20:00,Ipswich,Liverpool,whoscored,correct_score,0 - 3,0 - 3,,,,9.3,2026-09-04T08:48:15Z
2026-09-05|newcastle|vs|bournemouth,Premier League,2026-09-05,12:30,Newcastle,Bournemouth,whoscored,1x2,2,2,,,,3.1,2026-09-04T08:48:15Z
2026-09-05|newcastle|vs|bournemouth,Premier League,2026-09-05,12:30,Newcastle,Bournemouth,whoscored,over_under,Over,Over,,,,1.5,2026-09-04T08:48:15Z
2026-09-05|newcastle|vs|bournemouth,Premier League,2026-09-05,12:30,Newcastle,Bournemouth,whoscored,btts,Yes,Yes,,,,,2026-09-04T08:48:15Z
2026-09-05|newcastle|vs|bournemouth,Premier League,2026-09-05,12:30,Newcastle,Bournemouth,whoscored,correct_score,1 - 2,1 - 2,,,,8.9,2026-09-04T08:48:15Z
2026-09-05|manchester-city|vs|coventry,Premier League,2026-09-05,15:00,Manchester City,Coventry,whoscored,1x2,1,1,,,,1.15,2026-09-04T08:48:15Z
2026-09-05|manchester-city|vs|coventry,Premier League,2026-09-05,15:00,Manchester City,Coventry,whoscored,over_under,Over,Over,,,,1.31,2026-09-04T08:48:15Z
2026-09-05|manchester-city|vs|coventry,Premier League,2026-09-05,15:00,Manchester City,Coventry,whoscored,btts,No,No,,,,,2026-09-04T08:48:15Z
2026-09-05|manchester-city|vs|coventry,Premier League,2026-09-05,15:00,Manchester City,Coventry,whoscored,correct_score,3 - 0,3 - 0,,,,6,2026-09-04T08:48:15Z
2026-09-05|nottingham-forest|vs|tottenham,Premier League,2026-09-05,15:00,Nottingham Forest,Tottenham,whoscored,1x2,X,X,,,,3.37,2026-09-04T08:48:15Z
2026-09-05|nottingham-forest|vs|tottenham,Premier League,2026-09-05,15:00,Nottingham Forest,Tottenham,whoscored,over_under,Under,Under,,,,1.79,2026-09-04T08:48:15Z
2026-09-05|nottingham-forest|vs|tottenham,Premier League,2026-09-05,15:00,Nottingham Forest,Tottenham,whoscored,btts,Yes,Yes,,,,,2026-09-04T08:48:15Z
2026-09-05|nottingham-forest|vs|tottenham,Premier League,2026-09-05,15:00,Nottingham Forest,Tottenham,whoscored,correct_score,1 - 1,1 - 1,,,,5.2,2026-09-04T08:48:15Z
2026-09-05|fulham|vs|crystal-palace,Premier League,2026-09-05,15:00,Fulham,Crystal Palace,whoscored,1x2,X,X,,,,3.25,2026-09-04T08:48:15Z
2026-09-05|fulham|vs|crystal-palace,Premier League,2026-09-05,15:00,Fulham,Crystal Palace,whoscored,over_under,Under,Under,,,,1.85,2026-09-04T08:48:15Z
2026-09-05|fulham|vs|crystal-palace,Premier League,2026-09-05,15:00,Fulham,Crystal Palace,whoscored,btts,Yes,Yes,,,,,2026-09-04T08:48:15Z
2026-09-05|fulham|vs|crystal-palace,Premier League,2026-09-05,15:00,Fulham,Crystal Palace,whoscored,correct_score,1 - 1,1 - 1,,,,5,2026-09-04T08:48:15Z
2026-09-05|brentford|vs|sunderland,Premier League,2026-09-05,15:00,Brentford,Sunderland,whoscored,1x2,1,1,,,,1.58,2026-09-04T08:48:15Z
2026-09-05|brentford|vs|sunderland,Premier League,2026-09-05,15:00,Brentford,Sunderland,whoscored,over_under,Over,Over,,,,1.73,2026-09-04T08:48:15Z
2026-09-05|brentford|vs|sunderland,Premier League,2026-09-05,15:00,Brentford,Sunderland,whoscored,btts,Yes,Yes,,,,,2026-09-04T08:48:15Z
2026-09-05|brentford|vs|sunderland,Premier League,2026-09-05,15:00,Brentford,Sunderland,whoscored,correct_score,2 - 1,2 - 1,,,,6.3,2026-09-04T08:48:15Z
2026-09-05|brighton|vs|leeds-united,Premier League,2026-09-05,15:00,Brighton,Leeds,whoscored,1x2,1,1,,,,1.93,2026-09-04T08:48:15Z
2026-09-05|brighton|vs|leeds-united,Premier League,2026-09-05,15:00,Brighton,Leeds,whoscored,over_under,Over,Over,,,,1.76,2026-09-04T08:48:15Z
2026-09-05|brighton|vs|leeds-united,Premier League,2026-09-05,15:00,Brighton,Leeds,whoscored,btts,Yes,Yes,,,,,2026-09-04T08:48:15Z
2026-09-05|brighton|vs|leeds-united,Premier League,2026-09-05,15:00,Brighton,Leeds,whoscored,correct_score,2 - 1,2 - 1,,,,6.6,2026-09-04T08:48:15Z
2026-09-05|hull|vs|aston-villa,Premier League,2026-09-05,17:30,Hull,Aston Villa,whoscored,1x2,2,2,,,,1.78,2026-09-04T08:48:15Z
2026-09-05|hull|vs|aston-villa,Premier League,2026-09-05,17:30,Hull,Aston Villa,whoscored,over_under,Under,Under,,,,1.87,2026-09-04T08:48:15Z
2026-09-05|hull|vs|aston-villa,Premier League,2026-09-05,17:30,Hull,Aston Villa,whoscored,btts,No,No,,,,,2026-09-04T08:48:15Z
2026-09-05|hull|vs|aston-villa,Premier League,2026-09-05,17:30,Hull,Aston Villa,whoscored,correct_score,0 - 1,0 - 1,,,,6,2026-09-04T08:48:15Z
2026-09-06|everton|vs|manchester-united,Premier League,2026-09-06,14:00,Everton,Manchester United,whoscored,1x2,2,2,,,,2.03,2026-09-04T08:48:15Z
2026-09-06|everton|vs|manchester-united,Premier League,2026-09-06,14:00,Everton,Manchester United,whoscored,over_under,Over,Over,,,,1.6,2026-09-04T08:48:15Z
2026-09-06|everton|vs|manchester-united,Premier League,2026-09-06,14:00,Everton,Manchester United,whoscored,btts,Yes,Yes,,,,,2026-09-04T08:48:15Z
2026-09-06|everton|vs|manchester-united,Premier League,2026-09-06,14:00,Everton,Manchester United,whoscored,correct_score,1 - 2,1 - 2,,,,6.7,2026-09-04T08:48:15Z
2026-09-06|arsenal|vs|chelsea,Premier League,2026-09-06,16:30,Arsenal,Chelsea,whoscored,1x2,1,1,,,,1.6,2026-09-04T08:48:15Z
2026-09-06|arsenal|vs|chelsea,Premier League,2026-09-06,16:30,Arsenal,Chelsea,whoscored,over_under,Over,Over,,,,1.65,2026-09-04T08:48:15Z
2026-09-06|arsenal|vs|chelsea,Premier League,2026-09-06,16:30,Arsenal,Chelsea,whoscored,btts,Yes,Yes,,,,,2026-09-04T08:48:15Z
2026-09-06|arsenal|vs|chelsea,Premier League,2026-09-06,16:30,Arsenal,Chelsea,whoscored,correct_score,2 - 1,2 - 1,,,,6.2,2026-09-04T08:48:15Z
2026-09-04|real-betis|vs|real-madrid,LaLiga,2026-09-04,20:00,Real Betis,Real Madrid,whoscored,1x2,2,2,,,,1.38,2026-09-04T08:48:15Z
2026-09-04|real-betis|vs|real-madrid,LaLiga,2026-09-04,20:00,Real Betis,Real Madrid,whoscored,over_under,Over,Over,,,,1.33,2026-09-04T08:48:15Z
2026-09-04|real-betis|vs|real-madrid,LaLiga,2026-09-04,20:00,Real Betis,Real Madrid,whoscored,btts,Yes,Yes,,,,,2026-09-04T08:48:15Z
2026-09-04|real-betis|vs|real-madrid,LaLiga,2026-09-04,20:00,Real Betis,Real Madrid,whoscored,correct_score,2 - 3,2 - 3,,,,13,2026-09-04T08:48:15Z
2026-09-05|athletic-bilbao|vs|atl-tico-madrid,LaLiga,2026-09-05,15:15,Athletic Club,Atletico Madrid,whoscored,1x2,X,X,,,,3.3,2026-09-04T08:48:15Z
2026-09-05|athletic-bilbao|vs|atl-tico-madrid,LaLiga,2026-09-05,15:15,Athletic Club,Atletico Madrid,whoscored,over_under,Under,Under,,,,1.84,2026-09-04T08:48:15Z
2026-09-05|athletic-bilbao|vs|atl-tico-madrid,LaLiga,2026-09-05,15:15,Athletic Club,Atletico Madrid,whoscored,btts,Yes,Yes,,,,,2026-09-04T08:48:15Z
2026-09-05|athletic-bilbao|vs|atl-tico-madrid,LaLiga,2026-09-05,15:15,Athletic Club,Atletico Madrid,whoscored,correct_score,1 - 1,1 - 1,,,,5.1,2026-09-04T08:48:15Z
2026-09-05|rayo-vallecano|vs|racing-santander,LaLiga,2026-09-05,17:30,Rayo Vallecano,Racing Santander,whoscored,1x2,1,1,,,,2.13,2026-09-04T08:48:15Z
2026-09-05|rayo-vallecano|vs|racing-santander,LaLiga,2026-09-05,17:30,Rayo Vallecano,Racing Santander,whoscored,over_under,Over,Over,,,,1.7,2026-09-04T08:48:15Z
2026-09-05|rayo-vallecano|vs|racing-santander,LaLiga,2026-09-05,17:30,Rayo Vallecano,Racing Santander,whoscored,btts,Yes,Yes,,,,,2026-09-04T08:48:15Z
2026-09-05|rayo-vallecano|vs|racing-santander,LaLiga,2026-09-05,17:30,Rayo Vallecano,Racing Santander,whoscored,correct_score,2 - 1,2 - 1,,,,6.8,2026-09-04T08:48:15Z
2026-09-05|villarreal|vs|deportivo-la-coru-a,LaLiga,2026-09-05,20:00,Villarreal,Deportivo de A Coruna,whoscored,1x2,1,1,,,,,2026-09-04T08:48:15Z
2026-09-05|villarreal|vs|deportivo-la-coru-a,LaLiga,2026-09-05,20:00,Villarreal,Deportivo de A Coruna,whoscored,over_under,Over,Over,,,,,2026-09-04T08:48:15Z
2026-09-05|villarreal|vs|deportivo-la-coru-a,LaLiga,2026-09-05,20:00,Villarreal,Deportivo de A Coruna,whoscored,btts,Yes,Yes,,,,,2026-09-04T08:48:15Z
2026-09-05|villarreal|vs|deportivo-la-coru-a,LaLiga,2026-09-05,20:00,Villarreal,Deportivo de A Coruna,whoscored,correct_score,2 - 1,2 - 1,,,,,2026-09-04T08:48:15Z
2026-09-04|vfb-stuttgart|vs|fc-koln,Bundesliga,2026-09-04,19:30,VfB Stuttgart,FC Koln,whoscored,1x2,1,1,,,,1.45,2026-09-04T08:48:15Z
2026-09-04|vfb-stuttgart|vs|fc-koln,Bundesliga,2026-09-04,19:30,VfB Stuttgart,FC Koln,whoscored,over_under,Over,Over,,,,1.33,2026-09-04T08:48:15Z
2026-09-04|vfb-stuttgart|vs|fc-koln,Bundesliga,2026-09-04,19:30,VfB Stuttgart,FC Koln,whoscored,btts,Yes,Yes,,,,,2026-09-04T08:48:15Z
2026-09-04|vfb-stuttgart|vs|fc-koln,Bundesliga,2026-09-04,19:30,VfB Stuttgart,FC Koln,whoscored,correct_score,2 - 1,2 - 1,,,,6.5,2026-09-04T08:48:15Z
2026-09-05|werder-bremen|vs|rb-leipzig,Bundesliga,2026-09-05,14:30,Werder Bremen,RB Leipzig,whoscored,1x2,2,2,,,,1.7,2026-09-04T08:48:15Z
2026-09-05|werder-bremen|vs|rb-leipzig,Bundesliga,2026-09-05,14:30,Werder Bremen,RB Leipzig,whoscored,over_under,Under,Under,,,,2.57,2026-09-04T08:48:15Z
2026-09-05|werder-bremen|vs|rb-leipzig,Bundesliga,2026-09-05,14:30,Werder Bremen,RB Leipzig,whoscored,btts,No,No,,,,,2026-09-04T08:48:15Z
2026-09-05|werder-bremen|vs|rb-leipzig,Bundesliga,2026-09-05,14:30,Werder Bremen,RB Leipzig,whoscored,correct_score,0 - 2,0 - 2,,,,8.9,2026-09-04T08:48:15Z
2026-09-05|bayer-leverkusen|vs|union-berlin,Bundesliga,2026-09-05,14:30,Bayer Leverkusen,Union Berlin,whoscored,1x2,1,1,,,,1.4,2026-09-04T08:48:15Z
2026-09-05|bayer-leverkusen|vs|union-berlin,Bundesliga,2026-09-05,14:30,Bayer Leverkusen,Union Berlin,whoscored,over_under,Over,Over,,,,1.39,2026-09-04T08:48:15Z
2026-09-05|bayer-leverkusen|vs|union-berlin,Bundesliga,2026-09-05,14:30,Bayer Leverkusen,Union Berlin,whoscored,btts,Yes,Yes,,,,,2026-09-04T08:48:15Z
2026-09-05|bayer-leverkusen|vs|union-berlin,Bundesliga,2026-09-05,14:30,Bayer Leverkusen,Union Berlin,whoscored,correct_score,2 - 1,2 - 1,,,,6.7,2026-09-04T08:48:15Z
2026-09-05|borussia-m-gladbach|vs|elversberg,Bundesliga,2026-09-05,14:30,Borussia M.Gladbach,Elversberg,whoscored,1x2,2,2,,,,3.6,2026-09-04T08:48:15Z
2026-09-05|borussia-m-gladbach|vs|elversberg,Bundesliga,2026-09-05,14:30,Borussia M.Gladbach,Elversberg,whoscored,over_under,Over,Over,,,,1.52,2026-09-04T08:48:15Z
2026-09-05|borussia-m-gladbach|vs|elversberg,Bundesliga,2026-09-05,14:30,Borussia M.Gladbach,Elversberg,whoscored,btts,Yes,Yes,,,,,2026-09-04T08:48:15Z
2026-09-05|borussia-m-gladbach|vs|elversberg,Bundesliga,2026-09-05,14:30,Borussia M.Gladbach,Elversberg,whoscored,correct_score,1 - 2,1 - 2,,,,9.8,2026-09-04T08:48:15Z
2026-09-05|hoffenheim|vs|borussia-dortmund,Bundesliga,2026-09-05,14:30,Hoffenheim,Borussia Dortmund,whoscored,1x2,2,2,,,,2.15,2026-09-04T08:48:15Z
2026-09-05|hoffenheim|vs|borussia-dortmund,Bundesliga,2026-09-05,14:30,Hoffenheim,Borussia Dortmund,whoscored,over_under,Over,Over,,,,1.41,2026-09-04T08:48:15Z
2026-09-05|hoffenheim|vs|borussia-dortmund,Bundesliga,2026-09-05,14:30,Hoffenheim,Borussia Dortmund,whoscored,btts,Yes,Yes,,,,,2026-09-04T08:48:15Z
2026-09-05|hoffenheim|vs|borussia-dortmund,Bundesliga,2026-09-05,14:30,Hoffenheim,Borussia Dortmund,whoscored,correct_score,1 - 2,1 - 2,,,,7,2026-09-04T08:48:15Z
2026-09-05|paderborn|vs|freiburg,Bundesliga,2026-09-05,14:30,Paderborn,Freiburg,whoscored,1x2,2,2,,,,1.95,2026-09-04T08:48:15Z
2026-09-05|paderborn|vs|freiburg,Bundesliga,2026-09-05,14:30,Paderborn,Freiburg,whoscored,over_under,Over,Over,,,,1.62,2026-09-04T08:48:15Z
2026-09-05|paderborn|vs|freiburg,Bundesliga,2026-09-05,14:30,Paderborn,Freiburg,whoscored,btts,Yes,Yes,,,,,2026-09-04T08:48:15Z
2026-09-05|paderborn|vs|freiburg,Bundesliga,2026-09-05,14:30,Paderborn,Freiburg,whoscored,correct_score,1 - 2,1 - 2,,,,6.5,2026-09-04T08:48:15Z
2026-09-05|schalke-04|vs|bayern-munich,Bundesliga,2026-09-05,17:30,Schalke 04,Bayern Munich,whoscored,1x2,2,2,,,,1.12,2026-09-04T08:48:15Z
2026-09-05|schalke-04|vs|bayern-munich,Bundesliga,2026-09-05,17:30,Schalke 04,Bayern Munich,whoscored,over_under,Over,Over,,,,1.2,2026-09-04T08:48:15Z
2026-09-05|schalke-04|vs|bayern-munich,Bundesliga,2026-09-05,17:30,Schalke 04,Bayern Munich,whoscored,btts,No,No,,,,,2026-09-04T08:48:15Z
2026-09-05|schalke-04|vs|bayern-munich,Bundesliga,2026-09-05,17:30,Schalke 04,Bayern Munich,whoscored,correct_score,0 - 4,0 - 4,,,,7.8,2026-09-04T08:48:15Z
2026-09-04|genoa|vs|como,Serie A,2026-09-04,19:45,Genoa,Como,whoscored,1x2,2,2,,,,1.72,2026-09-04T08:48:15Z
2026-09-04|genoa|vs|como,Serie A,2026-09-04,19:45,Genoa,Como,whoscored,over_under,Over,Over,,,,1.94,2026-09-04T08:48:15Z
2026-09-04|genoa|vs|como,Serie A,2026-09-04,19:45,Genoa,Como,whoscored,btts,No,No,,,,,2026-09-04T08:48:15Z
2026-09-04|genoa|vs|como,Serie A,2026-09-04,19:45,Genoa,Como,whoscored,correct_score,0 - 3,0 - 3,,,,10,2026-09-04T08:48:15Z
2026-09-05|fiorentina|vs|torino,Serie A,2026-09-05,14:00,Fiorentina,Torino,whoscored,1x2,1,1,,,,1.86,2026-09-04T08:48:15Z
2026-09-05|fiorentina|vs|torino,Serie A,2026-09-05,14:00,Fiorentina,Torino,whoscored,over_under,Over,Over,,,,2,2026-09-04T08:48:15Z
2026-09-05|fiorentina|vs|torino,Serie A,2026-09-05,14:00,Fiorentina,Torino,whoscored,btts,Yes,Yes,,,,,2026-09-04T08:48:15Z
2026-09-05|fiorentina|vs|torino,Serie A,2026-09-05,14:00,Fiorentina,Torino,whoscored,correct_score,3 - 1,3 - 1,,,,13,2026-09-04T08:48:15Z
2026-09-05|inter|vs|napoli,Serie A,2026-09-05,17:00,Inter,Napoli,whoscored,1x2,1,1,,,,1.57,2026-09-04T08:48:15Z
2026-09-05|inter|vs|napoli,Serie A,2026-09-05,17:00,Inter,Napoli,whoscored,over_under,Over,Over,,,,1.94,2026-09-04T08:48:15Z
2026-09-05|inter|vs|napoli,Serie A,2026-09-05,17:00,Inter,Napoli,whoscored,btts,Yes,Yes,,,,,2026-09-04T08:48:15Z
2026-09-05|inter|vs|napoli,Serie A,2026-09-05,17:00,Inter,Napoli,whoscored,correct_score,2 - 1,2 - 1,,,,6.6,2026-09-04T08:48:15Z
2026-09-05|roma|vs|atalanta,Serie A,2026-09-05,19:45,Roma,Atalanta,whoscored,1x2,1,1,,,,1.63,2026-09-04T08:48:15Z
2026-09-05|roma|vs|atalanta,Serie A,2026-09-05,19:45,Roma,Atalanta,whoscored,over_under,Over,Over,,,,1.82,2026-09-04T08:48:15Z
2026-09-05|roma|vs|atalanta,Serie A,2026-09-05,19:45,Roma,Atalanta,whoscored,btts,Yes,Yes,,,,,2026-09-04T08:48:15Z
2026-09-05|roma|vs|atalanta,Serie A,2026-09-05,19:45,Roma,Atalanta,whoscored,correct_score,3 - 1,3 - 1,,,,11,2026-09-04T08:48:15Z
2026-09-06|frosinone|vs|venezia,Serie A,2026-09-06,14:00,Frosinone,Venezia,whoscored,1x2,1,1,,,,2.59,2026-09-04T08:48:15Z
2026-09-06|frosinone|vs|venezia,Serie A,2026-09-06,14:00,Frosinone,Venezia,whoscored,over_under,Over,Over,,,,1.73,2026-09-04T08:48:15Z
2026-09-06|frosinone|vs|venezia,Serie A,2026-09-06,14:00,Frosinone,Venezia,whoscored,btts,Yes,Yes,,,,,2026-09-04T08:48:15Z
2026-09-06|frosinone|vs|venezia,Serie A,2026-09-06,14:00,Frosinone,Venezia,whoscored,correct_score,3 - 1,3 - 1,,,,15,2026-09-04T08:48:15Z
2026-09-04|lyon|vs|auxerre,Ligue 1,2026-09-04,18:00,Lyon,Auxerre,whoscored,1x2,1,1,,,,1.4,2026-09-04T08:48:15Z
2026-09-04|lyon|vs|auxerre,Ligue 1,2026-09-04,18:00,Lyon,Auxerre,whoscored,over_under,Under,Under,,,,2.22,2026-09-04T08:48:15Z
2026-09-04|lyon|vs|auxerre,Ligue 1,2026-09-04,18:00,Lyon,Auxerre,whoscored,btts,No,No,,,,,2026-09-04T08:48:15Z
2026-09-04|lyon|vs|auxerre,Ligue 1,2026-09-04,18:00,Lyon,Auxerre,whoscored,correct_score,2 - 0,2 - 0,,,,6.2,2026-09-04T08:48:15Z
2026-09-04|psg|vs|monaco,Ligue 1,2026-09-04,20:05,Paris Saint-Germain,Monaco,whoscored,1x2,1,1,,,,1.3,2026-09-04T08:48:15Z
2026-09-04|psg|vs|monaco,Ligue 1,2026-09-04,20:05,Paris Saint-Germain,Monaco,whoscored,over_under,Over,Over,,,,1.32,2026-09-04T08:48:15Z
2026-09-04|psg|vs|monaco,Ligue 1,2026-09-04,20:05,Paris Saint-Germain,Monaco,whoscored,btts,Yes,Yes,,,,,2026-09-04T08:48:15Z
2026-09-04|psg|vs|monaco,Ligue 1,2026-09-04,20:05,Paris Saint-Germain,Monaco,whoscored,correct_score,2 - 1,2 - 1,,,,6.8,2026-09-04T08:48:15Z
2026-09-05|lens|vs|lorient,Ligue 1,2026-09-05,16:15,Lens,Lorient,whoscored,1x2,1,1,,,,1.44,2026-09-04T08:48:15Z
2026-09-05|lens|vs|lorient,Ligue 1,2026-09-05,16:15,Lens,Lorient,whoscored,over_under,Over,Over,,,,1.57,2026-09-04T08:48:15Z
2026-09-05|lens|vs|lorient,Ligue 1,2026-09-05,16:15,Lens,Lorient,whoscored,btts,Yes,Yes,,,,,2026-09-04T08:48:15Z
2026-09-05|lens|vs|lorient,Ligue 1,2026-09-05,16:15,Lens,Lorient,whoscored,correct_score,2 - 1,2 - 1,,,,6.4,2026-09-04T08:48:15Z
2026-09-05|nice|vs|le-mans,Ligue 1,2026-09-05,19:45,Nice,Le Mans,whoscored,1x2,1,1,,,,1.77,2026-09-04T08:48:15Z
2026-09-05|nice|vs|le-mans,Ligue 1,2026-09-05,19:45,Nice,Le Mans,whoscored,over_under,Under,Under,,,,1.87,2026-09-04T08:48:15Z
2026-09-05|nice|vs|le-mans,Ligue 1,2026-09-05,19:45,Nice,Le Mans,whoscored,btts,No,No,,,,,2026-09-04T08:48:15Z
2026-09-05|nice|vs|le-mans,Ligue 1,2026-09-05,19:45,Nice,Le Mans,whoscored,correct_score,2 - 0,2 - 0,,,,7.3,2026-09-04T08:48:15Z
2026-09-05|le-havre|vs|brest,Ligue 1,2026-09-05,19:45,Le Havre,Brest,whoscored,1x2,X,X,,,,3.12,2026-09-04T08:48:15Z
2026-09-05|le-havre|vs|brest,Ligue 1,2026-09-05,19:45,Le Havre,Brest,whoscored,over_under,Under,Under,,,,1.65,2026-09-04T08:48:15Z
2026-09-05|le-havre|vs|brest,Ligue 1,2026-09-05,19:45,Le Havre,Brest,whoscored,btts,Yes,Yes,,,,,2026-09-04T08:48:15Z
2026-09-05|le-havre|vs|brest,Ligue 1,2026-09-05,19:45,Le Havre,Brest,whoscored,correct_score,1 - 1,1 - 1,,,,4.9,2026-09-04T08:48:15Z
2026-09-04|sparta-rotterdam|vs|pec-zwolle,Eredivisie,2026-09-04,19:00,Sparta Rotterdam,PEC Zwolle,whoscored,1x2,1,1,,,,1.77,2026-09-04T08:48:15Z
2026-09-04|sparta-rotterdam|vs|pec-zwolle,Eredivisie,2026-09-04,19:00,Sparta Rotterdam,PEC Zwolle,whoscored,over_under,Over,Over,,,,1.4,2026-09-04T08:48:15Z
2026-09-04|sparta-rotterdam|vs|pec-zwolle,Eredivisie,2026-09-04,19:00,Sparta Rotterdam,PEC Zwolle,whoscored,btts,Yes,Yes,,,,,2026-09-04T08:48:15Z
2026-09-04|sparta-rotterdam|vs|pec-zwolle,Eredivisie,2026-09-04,19:00,Sparta Rotterdam,PEC Zwolle,whoscored,correct_score,2 - 1,2 - 1,,,,5.8,2026-09-04T08:48:15Z
2026-09-05|nijmegen|vs|feyenoord,Eredivisie,2026-09-05,15:30,NEC Nijmegen,Feyenoord,whoscored,1x2,2,2,,,,1.99,2026-09-04T08:48:15Z
2026-09-05|nijmegen|vs|feyenoord,Eredivisie,2026-09-05,15:30,NEC Nijmegen,Feyenoord,whoscored,over_under,Over,Over,,,,1.24,2026-09-04T08:48:15Z
2026-09-05|nijmegen|vs|feyenoord,Eredivisie,2026-09-05,15:30,NEC Nijmegen,Feyenoord,whoscored,btts,Yes,Yes,,,,,2026-09-04T08:48:15Z
2026-09-05|nijmegen|vs|feyenoord,Eredivisie,2026-09-05,15:30,NEC Nijmegen,Feyenoord,whoscored,correct_score,1 - 2,1 - 2,,,,6.5,2026-09-04T08:48:15Z
2026-09-05|utrecht|vs|go-ahead-eagles,Eredivisie,2026-09-05,17:45,FC Utrecht,Go Ahead Eagles,whoscored,1x2,2,2,,,,2.87,2026-09-04T08:48:15Z
2026-09-05|utrecht|vs|go-ahead-eagles,Eredivisie,2026-09-05,17:45,FC Utrecht,Go Ahead Eagles,whoscored,over_under,Over,Over,,,,1.38,2026-09-04T08:48:15Z
2026-09-05|utrecht|vs|go-ahead-eagles,Eredivisie,2026-09-05,17:45,FC Utrecht,Go Ahead Eagles,whoscored,btts,Yes,Yes,,,,,2026-09-04T08:48:15Z
2026-09-05|utrecht|vs|go-ahead-eagles,Eredivisie,2026-09-05,17:45,FC Utrecht,Go Ahead Eagles,whoscored,correct_score,2 - 3,2 - 3,,,,15,2026-09-04T08:48:15Z
2026-09-05|ajax|vs|psv-eindhoven,Eredivisie,2026-09-05,19:00,Ajax,PSV Eindhoven,whoscored,1x2,X,X,,,,3.5,2026-09-04T08:48:15Z
2026-09-05|ajax|vs|psv-eindhoven,Eredivisie,2026-09-05,19:00,Ajax,PSV Eindhoven,whoscored,over_under,Over,Over,,,,1.19,2026-09-04T08:48:15Z
2026-09-05|ajax|vs|psv-eindhoven,Eredivisie,2026-09-05,19:00,Ajax,PSV Eindhoven,whoscored,btts,Yes,Yes,,,,,2026-09-04T08:48:15Z
2026-09-05|ajax|vs|psv-eindhoven,Eredivisie,2026-09-05,19:00,Ajax,PSV Eindhoven,whoscored,correct_score,2 - 2,2 - 2,,,,6.7,2026-09-04T08:48:15Z
2026-09-05|willem-ii-tilburg|vs|excelsior,Eredivisie,2026-09-05,20:00,Willem II,Excelsior,whoscored,1x2,2,2,,,,2.12,2026-09-04T08:48:15Z
2026-09-05|willem-ii-tilburg|vs|excelsior,Eredivisie,2026-09-05,20:00,Willem II,Excelsior,whoscored,over_under,Over,Over,,,,1.48,2026-09-04T08:48:15Z
2026-09-05|willem-ii-tilburg|vs|excelsior,Eredivisie,2026-09-05,20:00,Willem II,Excelsior,whoscored,btts,Yes,Yes,,,,,2026-09-04T08:48:15Z
2026-09-05|willem-ii-tilburg|vs|excelsior,Eredivisie,2026-09-05,20:00,Willem II,Excelsior,whoscored,correct_score,1 - 2,1 - 2,,,,6.2,2026-09-04T08:48:15Z
2026-09-06|groningen|vs|twente,Eredivisie,2026-09-06,11:15,FC Groningen,Twente,whoscored,1x2,2,2,,,,1.86,2026-09-04T08:48:15Z
2026-09-06|groningen|vs|twente,Eredivisie,2026-09-06,11:15,FC Groningen,Twente,whoscored,over_under,Over,Over,,,,1.36,2026-09-04T08:48:15Z
2026-09-06|groningen|vs|twente,Eredivisie,2026-09-06,11:15,FC Groningen,Twente,whoscored,btts,Yes,Yes,,,,,2026-09-04T08:48:15Z
2026-09-06|groningen|vs|twente,Eredivisie,2026-09-06,11:15,FC Groningen,Twente,whoscored,correct_score,2 - 3,2 - 3,,,,11,2026-09-04T08:48:15Z
2026-09-06|heerenveen|vs|az-alkmaar,Eredivisie,2026-09-06,13:30,SC Heerenveen,AZ Alkmaar,whoscored,1x2,2,2,,,,1.68,2026-09-04T08:48:15Z
2026-09-06|heerenveen|vs|az-alkmaar,Eredivisie,2026-09-06,13:30,SC Heerenveen,AZ Alkmaar,whoscored,over_under,Over,Over,,,,1.33,2026-09-04T08:48:15Z
2026-09-06|heerenveen|vs|az-alkmaar,Eredivisie,2026-09-06,13:30,SC Heerenveen,AZ Alkmaar,whoscored,btts,Yes,Yes,,,,,2026-09-04T08:48:15Z
2026-09-06|heerenveen|vs|az-alkmaar,Eredivisie,2026-09-06,13:30,SC Heerenveen,AZ Alkmaar,whoscored,correct_score,1 - 2,1 - 2,,,,5.9,2026-09-04T08:48:15Z
2026-09-06|sc-telstar|vs|cambuur,Eredivisie,2026-09-06,13:30,Telstar,Cambuur,whoscored,1x2,1,1,,,,1.52,2026-09-04T08:48:15Z
2026-09-06|sc-telstar|vs|cambuur,Eredivisie,2026-09-06,13:30,Telstar,Cambuur,whoscored,over_under,Over,Over,,,,1.33,2026-09-04T08:48:15Z
2026-09-06|sc-telstar|vs|cambuur,Eredivisie,2026-09-06,13:30,Telstar,Cambuur,whoscored,btts,Yes,Yes,,,,,2026-09-04T08:48:15Z
2026-09-06|sc-telstar|vs|cambuur,Eredivisie,2026-09-06,13:30,Telstar,Cambuur,whoscored,correct_score,2 - 1,2 - 1,,,,5.8,2026-09-04T08:48:15Z
2026-09-06|ado-den-haag|vs|fortuna-sittard,Eredivisie,2026-09-06,15:45,ADO Den Haag,Fortuna Sittard,whoscored,1x2,2,2,,,,,2026-09-04T08:48:15Z
2026-09-06|ado-den-haag|vs|fortuna-sittard,Eredivisie,2026-09-06,15:45,ADO Den Haag,Fortuna Sittard,whoscored,over_under,Over,Over,,,,,2026-09-04T08:48:15Z
2026-09-06|ado-den-haag|vs|fortuna-sittard,Eredivisie,2026-09-06,15:45,ADO Den Haag,Fortuna Sittard,whoscored,btts,Yes,Yes,,,,,2026-09-04T08:48:15Z
2026-09-06|ado-den-haag|vs|fortuna-sittard,Eredivisie,2026-09-06,15:45,ADO Den Haag,Fortuna Sittard,whoscored,correct_score,1 - 2,1 - 2,,,,,2026-09-04T08:48:15Z
2026-09-04|porto|vs|moreirense-fc,Liga Portugal,2026-09-04,20:15,FC Porto,Moreirense,whoscored,1x2,1,1,,,,1.12,2026-09-04T08:48:15Z
2026-09-04|porto|vs|moreirense-fc,Liga Portugal,2026-09-04,20:15,FC Porto,Moreirense,whoscored,over_under,Over,Over,,,,1.55,2026-09-04T08:48:15Z
2026-09-04|porto|vs|moreirense-fc,Liga Portugal,2026-09-04,20:15,FC Porto,Moreirense,whoscored,btts,No,No,,,,,2026-09-04T08:48:15Z
2026-09-04|porto|vs|moreirense-fc,Liga Portugal,2026-09-04,20:15,FC Porto,Moreirense,whoscored,correct_score,3 - 0,3 - 0,,,,5.5,2026-09-04T08:48:15Z
2026-09-05|estrela-amadora|vs|fc-famalic-o,Liga Portugal,2026-09-05,15:30,Estrela da Amadora,Famalicao,whoscored,1x2,1,1,,,,2.9,2026-09-04T08:48:15Z
2026-09-05|estrela-amadora|vs|fc-famalic-o,Liga Portugal,2026-09-05,15:30,Estrela da Amadora,Famalicao,whoscored,over_under,Over,Over,,,,2.15,2026-09-04T08:48:15Z
2026-09-05|estrela-amadora|vs|fc-famalic-o,Liga Portugal,2026-09-05,15:30,Estrela da Amadora,Famalicao,whoscored,btts,Yes,Yes,,,,,2026-09-04T08:48:15Z
2026-09-05|estrela-amadora|vs|fc-famalic-o,Liga Portugal,2026-09-05,15:30,Estrela da Amadora,Famalicao,whoscored,correct_score,2 - 1,2 - 1,,,,10,2026-09-04T08:48:15Z
2026-09-05|fc-alverca|vs|sporting-braga,Liga Portugal,2026-09-05,18:00,Alverca,Braga,whoscored,1x2,2,2,,,,1.71,2026-09-04T08:48:15Z
2026-09-05|fc-alverca|vs|sporting-braga,Liga Portugal,2026-09-05,18:00,Alverca,Braga,whoscored,over_under,Under,Under,,,,1.727,2026-09-04T08:48:15Z
2026-09-05|fc-alverca|vs|sporting-braga,Liga Portugal,2026-09-05,18:00,Alverca,Braga,whoscored,btts,No,No,,,,,2026-09-04T08:48:15Z
2026-09-05|fc-alverca|vs|sporting-braga,Liga Portugal,2026-09-05,18:00,Alverca,Braga,whoscored,correct_score,0 - 2,0 - 2,,,,7,2026-09-04T08:48:15Z
2026-09-05|mar-timo|vs|sl-benfica,Liga Portugal,2026-09-05,18:00,Maritimo,Benfica,whoscored,1x2,2,2,,,,1.22,2026-09-04T08:48:15Z
2026-09-05|mar-timo|vs|sl-benfica,Liga Portugal,2026-09-05,18:00,Maritimo,Benfica,whoscored,over_under,Over,Over,,,,1.5,2026-09-04T08:48:15Z
2026-09-05|mar-timo|vs|sl-benfica,Liga Portugal,2026-09-05,18:00,Maritimo,Benfica,whoscored,btts,Yes,Yes,,,,,2026-09-04T08:48:15Z
2026-09-05|mar-timo|vs|sl-benfica,Liga Portugal,2026-09-05,18:00,Maritimo,Benfica,whoscored,correct_score,1 - 3,1 - 3,,,,9.5,2026-09-04T08:48:15Z
2026-09-05|sporting-cp|vs|nacional-madeira,Liga Portugal,2026-09-05,20:30,Sporting CP,Nacional,whoscored,1x2,1,1,,,,1.17,2026-09-04T08:48:15Z
2026-09-05|sporting-cp|vs|nacional-madeira,Liga Portugal,2026-09-05,20:30,Sporting CP,Nacional,whoscored,over_under,Over,Over,,,,1.41,2026-09-04T08:48:15Z
2026-09-05|sporting-cp|vs|nacional-madeira,Liga Portugal,2026-09-05,20:30,Sporting CP,Nacional,whoscored,btts,No,No,,,,,2026-09-04T08:48:15Z
2026-09-05|sporting-cp|vs|nacional-madeira,Liga Portugal,2026-09-05,20:30,Sporting CP,Nacional,whoscored,correct_score,3 - 0,3 - 0,,,,7,2026-09-04T08:48:15Z
2026-08-16|feyenoord|vs|go-ahead-eagles,Eredivisie,2026-08-16,14:30,Feyenoord,Go Ahead Eagles,whoscored,1x2,1,1,,,,1.18,2026-08-16T14:00:00Z
2026-08-16|feyenoord|vs|go-ahead-eagles,Eredivisie,2026-08-16,14:30,Feyenoord,Go Ahead Eagles,whoscored,over_under,Over,Over,,,,1.22,2026-08-16T14:00:00Z
2026-08-16|feyenoord|vs|go-ahead-eagles,Eredivisie,2026-08-16,14:30,Feyenoord,Go Ahead Eagles,whoscored,btts,Yes,Yes,,,,,2026-08-16T14:00:00Z
2026-08-16|feyenoord|vs|go-ahead-eagles,Eredivisie,2026-08-16,14:30,Feyenoord,Go Ahead Eagles,whoscored,correct_score,2 - 1,2 - 1,,,,6.6,2026-08-16T14:00:00Z
2026-08-16|twente|vs|pec-zwolle,Eredivisie,2026-08-16,14:30,Twente,PEC Zwolle,whoscored,1x2,1,1,,,,1.18,2026-08-16T14:00:00Z
2026-08-16|twente|vs|pec-zwolle,Eredivisie,2026-08-16,14:30,Twente,PEC Zwolle,whoscored,over_under,Under,Under,,,,2.36,2026-08-16T14:00:00Z
2026-08-16|twente|vs|pec-zwolle,Eredivisie,2026-08-16,14:30,Twente,PEC Zwolle,whoscored,btts,No,No,,,,,2026-08-16T14:00:00Z
2026-08-16|twente|vs|pec-zwolle,Eredivisie,2026-08-16,14:30,Twente,PEC Zwolle,whoscored,correct_score,2 - 0,2 - 0,,,,5.4,2026-08-16T14:00:00Z
2026-08-16|ajax|vs|heerenveen,Eredivisie,2026-08-16,16:45,Ajax,SC Heerenveen,whoscored,1x2,1,1,,,,1.39,2026-08-16T14:00:00Z
2026-08-16|ajax|vs|heerenveen,Eredivisie,2026-08-16,16:45,Ajax,SC Heerenveen,whoscored,over_under,Under,Under,,,,2.35,2026-08-16T14:00:00Z
2026-08-16|ajax|vs|heerenveen,Eredivisie,2026-08-16,16:45,Ajax,SC Heerenveen,whoscored,btts,No,No,,,,,2026-08-16T14:00:00Z
2026-08-16|ajax|vs|heerenveen,Eredivisie,2026-08-16,16:45,Ajax,SC Heerenveen,whoscored,correct_score,2 - 0,2 - 0,,,,6.5,2026-08-16T14:00:00Z
2026-08-16|racing-santander|vs|villarreal,LaLiga,2026-08-16,17:00,Racing Santander,Villarreal,whoscored,1x2,1,1,,,,3.4,2026-08-16T14:00:00Z
2026-08-16|racing-santander|vs|villarreal,LaLiga,2026-08-16,17:00,Racing Santander,Villarreal,whoscored,over_under,Under,Under,,,,2.08,2026-08-16T14:00:00Z
2026-08-16|racing-santander|vs|villarreal,LaLiga,2026-08-16,17:00,Racing Santander,Villarreal,whoscored,btts,No,No,,,,,2026-08-16T14:00:00Z
2026-08-16|racing-santander|vs|villarreal,LaLiga,2026-08-16,17:00,Racing Santander,Villarreal,whoscored,correct_score,2 - 0,2 - 0,,,,15,2026-08-16T14:00:00Z
2026-08-16|espanyol|vs|levante,LaLiga,2026-08-16,19:00,Espanyol,Levante,whoscored,1x2,X,X,,,,3.12,2026-08-16T14:00:00Z
2026-08-16|espanyol|vs|levante,LaLiga,2026-08-16,19:00,Espanyol,Levante,whoscored,over_under,Under,Under,,,,1.64,2026-08-16T14:00:00Z
2026-08-16|espanyol|vs|levante,LaLiga,2026-08-16,19:00,Espanyol,Levante,whoscored,btts,Yes,Yes,,,,,2026-08-16T14:00:00Z
2026-08-16|espanyol|vs|levante,LaLiga,2026-08-16,19:00,Espanyol,Levante,whoscored,correct_score,1 - 1,1 - 1,,,,4.75,2026-08-16T14:00:00Z
2026-08-17|deportivo-la-coru-a|vs|elche,LaLiga,2026-08-17,21:00,Deportivo de A Coruna,Elche,whoscored,1x2,2,2,,,,3.25,2026-08-16T14:00:00Z
2026-08-17|deportivo-la-coru-a|vs|elche,LaLiga,2026-08-17,21:00,Deportivo de A Coruna,Elche,whoscored,over_under,Under,Under,,,,1.6,2026-08-16T14:00:00Z
2026-08-17|deportivo-la-coru-a|vs|elche,LaLiga,2026-08-17,21:00,Deportivo de A Coruna,Elche,whoscored,btts,No,No,,,,,2026-08-16T14:00:00Z
2026-08-17|deportivo-la-coru-a|vs|elche,LaLiga,2026-08-17,21:00,Deportivo de A Coruna,Elche,whoscored,correct_score,0 - 1,0 - 1,,,,8,2026-08-16T14:00:00Z
2026-08-16|nacional-madeira|vs|gd-estoril,Liga Portugal,2026-08-16,16:30,Nacional,Estoril,whoscored,1x2,X,X,,,,3.14,2026-08-16T14:00:00Z
2026-08-16|nacional-madeira|vs|gd-estoril,Liga Portugal,2026-08-16,16:30,Nacional,Estoril,whoscored,over_under,Over,Over,,,,1.87,2026-08-16T14:00:00Z
2026-08-16|nacional-madeira|vs|gd-estoril,Liga Portugal,2026-08-16,16:30,Nacional,Estoril,whoscored,btts,Yes,Yes,,,,,2026-08-16T14:00:00Z
2026-08-16|nacional-madeira|vs|gd-estoril,Liga Portugal,2026-08-16,16:30,Nacional,Estoril,whoscored,correct_score,2 - 2,2 - 2,,,,12,2026-08-16T14:00:00Z
2026-08-16|fc-arouca|vs|moreirense-fc,Liga Portugal,2026-08-16,19:00,Arouca,Moreirense,whoscored,1x2,1,1,,,,1.9,2026-08-16T14:00:00Z
2026-08-16|fc-arouca|vs|moreirense-fc,Liga Portugal,2026-08-16,19:00,Arouca,Moreirense,whoscored,over_under,Over,Over,,,,2.08,2026-08-16T14:00:00Z
2026-08-16|fc-arouca|vs|moreirense-fc,Liga Portugal,2026-08-16,19:00,Arouca,Moreirense,whoscored,btts,Yes,Yes,,,,,2026-08-16T14:00:00Z
2026-08-16|fc-arouca|vs|moreirense-fc,Liga Portugal,2026-08-16,19:00,Arouca,Moreirense,whoscored,correct_score,2 - 1,2 - 1,,,,8,2026-08-16T14:00:00Z
2026-08-16|fc-famalic-o|vs|mar-timo,Liga Portugal,2026-08-16,21:30,Famalicao,Maritimo,whoscored,1x2,1,1,,,,1.69,2026-08-16T14:00:00Z
2026-08-16|fc-famalic-o|vs|mar-timo,Liga Portugal,2026-08-16,21:30,Famalicao,Maritimo,whoscored,over_under,Under,Under,,,,1.65,2026-08-16T14:00:00Z
2026-08-16|fc-famalic-o|vs|mar-timo,Liga Portugal,2026-08-16,21:30,Famalicao,Maritimo,whoscored,btts,No,No,,,,,2026-08-16T14:00:00Z
2026-08-16|fc-famalic-o|vs|mar-timo,Liga Portugal,2026-08-16,21:30,Famalicao,Maritimo,whoscored,correct_score,2 - 0,2 - 0,,,,7,2026-08-16T14:00:00Z
2026-08-17|casa-pia-ac|vs|sl-benfica,Liga Portugal,2026-08-17,21:15,Casa Pia AC,Benfica,whoscored,1x2,2,2,,,,1.2,2026-08-16T14:00:00Z
2026-08-17|casa-pia-ac|vs|sl-benfica,Liga Portugal,2026-08-17,21:15,Casa Pia AC,Benfica,whoscored,over_under,Over,Over,,,,1.55,2026-08-16T14:00:00Z
2026-08-17|casa-pia-ac|vs|sl-benfica,Liga Portugal,2026-08-17,21:15,Casa Pia AC,Benfica,whoscored,btts,Yes,Yes,,,,,2026-08-16T14:00:00Z
2026-08-17|casa-pia-ac|vs|sl-benfica,Liga Portugal,2026-08-17,21:15,Casa Pia AC,Benfica,whoscored,correct_score,1 - 2,1 - 2,,,,9,2026-08-16T14:00:00Z
2026-08-17|casa-pia-ac|vs|sl-benfica,Liga Portugal,2026-08-17,20:15,Casa Pia AC,Benfica,whoscored,1x2,2,2,,,,1.19,2026-08-17T05:42:56Z
2026-08-17|casa-pia-ac|vs|sl-benfica,Liga Portugal,2026-08-17,20:15,Casa Pia AC,Benfica,whoscored,over_under,Over,Over,,,,1.57,2026-08-17T05:42:56Z
2026-08-17|casa-pia-ac|vs|sl-benfica,Liga Portugal,2026-08-17,20:15,Casa Pia AC,Benfica,whoscored,btts,Yes,Yes,,,,,2026-08-17T05:42:56Z
2026-08-17|casa-pia-ac|vs|sl-benfica,Liga Portugal,2026-08-17,20:15,Casa Pia AC,Benfica,whoscored,correct_score,1 - 2,1 - 2,,,,9,2026-08-17T05:42:56Z
2026-08-21|arsenal|vs|coventry,Premier League,2026-08-21,20:00,Arsenal,Coventry,whoscored,1x2,1,1,,,,1.14,2026-08-19T17:43:16Z
2026-08-21|arsenal|vs|coventry,Premier League,2026-08-21,20:00,Arsenal,Coventry,whoscored,over_under,Over,Over,,,,1.52,2026-08-19T17:43:16Z
2026-08-21|arsenal|vs|coventry,Premier League,2026-08-21,20:00,Arsenal,Coventry,whoscored,btts,No,No,,,,,2026-08-19T17:43:16Z
2026-08-21|arsenal|vs|coventry,Premier League,2026-08-21,20:00,Arsenal,Coventry,whoscored,correct_score,3 - 0,3 - 0,,,,5.3,2026-08-19T17:43:16Z
2026-08-22|hull|vs|manchester-united,Premier League,2026-08-22,12:30,Hull,Manchester United,whoscored,1x2,2,2,,,,1.33,2026-08-19T17:43:16Z
2026-08-22|hull|vs|manchester-united,Premier League,2026-08-22,12:30,Hull,Manchester United,whoscored,over_under,Under,Under,,,,2.08,2026-08-19T17:43:16Z
2026-08-22|hull|vs|manchester-united,Premier League,2026-08-22,12:30,Hull,Manchester United,whoscored,btts,No,No,,,,,2026-08-19T17:43:16Z
2026-08-22|hull|vs|manchester-united,Premier League,2026-08-22,12:30,Hull,Manchester United,whoscored,correct_score,0 - 2,0 - 2,,,,5.7,2026-08-19T17:43:16Z
2026-08-22|brentford|vs|tottenham,Premier League,2026-08-22,17:30,Brentford,Tottenham,whoscored,1x2,X,X,,,,3.39,2026-08-19T17:43:16Z
2026-08-22|brentford|vs|tottenham,Premier League,2026-08-22,17:30,Brentford,Tottenham,whoscored,over_under,Over,Over,,,,1.58,2026-08-19T17:43:16Z
2026-08-22|brentford|vs|tottenham,Premier League,2026-08-22,17:30,Brentford,Tottenham,whoscored,btts,Yes,Yes,,,,,2026-08-19T17:43:16Z
2026-08-22|brentford|vs|tottenham,Premier League,2026-08-22,17:30,Brentford,Tottenham,whoscored,correct_score,2 - 2,2 - 2,,,,9,2026-08-19T17:43:16Z
2026-08-19|atl-tico-madrid|vs|m-laga-cf,LaLiga,2026-08-19,20:00,Atletico Madrid,Malaga,whoscored,1x2,1,1,,,,1.31,2026-08-19T17:43:16Z
2026-08-19|atl-tico-madrid|vs|m-laga-cf,LaLiga,2026-08-19,20:00,Atletico Madrid,Malaga,whoscored,over_under,Under,Under,,,,2.24,2026-08-19T17:43:16Z
2026-08-19|atl-tico-madrid|vs|m-laga-cf,LaLiga,2026-08-19,20:00,Atletico Madrid,Malaga,whoscored,btts,No,No,,,,,2026-08-19T17:43:16Z
2026-08-19|atl-tico-madrid|vs|m-laga-cf,LaLiga,2026-08-19,20:00,Atletico Madrid,Malaga,whoscored,correct_score,2 - 0,2 - 0,,,,5.9,2026-08-19T17:43:16Z
2026-08-20|rayo-vallecano|vs|deportivo-alav-s,LaLiga,2026-08-20,20:00,Rayo Vallecano,Deportivo Alaves,whoscored,1x2,X,X,,,,2.96,2026-08-19T17:43:16Z
2026-08-20|rayo-vallecano|vs|deportivo-alav-s,LaLiga,2026-08-20,20:00,Rayo Vallecano,Deportivo Alaves,whoscored,over_under,Under,Under,,,,1.44,2026-08-19T17:43:16Z
2026-08-20|rayo-vallecano|vs|deportivo-alav-s,LaLiga,2026-08-20,20:00,Rayo Vallecano,Deportivo Alaves,whoscored,btts,Yes,Yes,,,,,2026-08-19T17:43:16Z
2026-08-20|rayo-vallecano|vs|deportivo-alav-s,LaLiga,2026-08-20,20:00,Rayo Vallecano,Deportivo Alaves,whoscored,correct_score,1 - 1,1 - 1,,,,4.8,2026-08-19T17:43:16Z
2026-08-21|real-betis|vs|real-sociedad,LaLiga,2026-08-21,20:00,Real Betis,Real Sociedad,whoscored,1x2,1,1,,,,1.94,2026-08-19T17:43:16Z
2026-08-21|real-betis|vs|real-sociedad,LaLiga,2026-08-21,20:00,Real Betis,Real Sociedad,whoscored,over_under,Over,Over,,,,1.89,2026-08-19T17:43:16Z
2026-08-21|real-betis|vs|real-sociedad,LaLiga,2026-08-21,20:00,Real Betis,Real Sociedad,whoscored,btts,Yes,Yes,,,,,2026-08-19T17:43:16Z
2026-08-21|real-betis|vs|real-sociedad,LaLiga,2026-08-21,20:00,Real Betis,Real Sociedad,whoscored,correct_score,2 - 1,2 - 1,,,,6.7,2026-08-19T17:43:16Z
2026-08-21|olympique-marseille|vs|strasbourg,Ligue 1,2026-08-21,19:45,Marseille,Strasbourg,whoscored,1x2,X,X,,,,3.8,2026-08-19T17:43:16Z
2026-08-21|olympique-marseille|vs|strasbourg,Ligue 1,2026-08-21,19:45,Marseille,Strasbourg,whoscored,over_under,Under,Under,,,,2.35,2026-08-19T17:43:16Z
2026-08-21|olympique-marseille|vs|strasbourg,Ligue 1,2026-08-21,19:45,Marseille,Strasbourg,whoscored,btts,Yes,Yes,,,,,2026-08-19T17:43:16Z
2026-08-21|olympique-marseille|vs|strasbourg,Ligue 1,2026-08-21,19:45,Marseille,Strasbourg,whoscored,correct_score,1 - 1,1 - 1,,,,6.3,2026-08-19T17:43:16Z
2026-08-22|fortuna-sittard|vs|az-alkmaar,Eredivisie,2026-08-22,15:30,Fortuna Sittard,AZ Alkmaar,whoscored,1x2,2,2,,,,1.47,2026-08-19T17:43:16Z
2026-08-22|fortuna-sittard|vs|az-alkmaar,Eredivisie,2026-08-22,15:30,Fortuna Sittard,AZ Alkmaar,whoscored,over_under,Under,Under,,,,2.2,2026-08-19T17:43:16Z
2026-08-22|fortuna-sittard|vs|az-alkmaar,Eredivisie,2026-08-22,15:30,Fortuna Sittard,AZ Alkmaar,whoscored,btts,No,No,,,,,2026-08-19T17:43:16Z
2026-08-22|fortuna-sittard|vs|az-alkmaar,Eredivisie,2026-08-22,15:30,Fortuna Sittard,AZ Alkmaar,whoscored,correct_score,0 - 1,0 - 1,,,,7,2026-08-19T17:43:16Z
2026-08-22|sparta-rotterdam|vs|utrecht,Eredivisie,2026-08-22,17:45,Sparta Rotterdam,FC Utrecht,whoscored,1x2,1,1,,,,2.36,2026-08-19T17:43:16Z
2026-08-22|sparta-rotterdam|vs|utrecht,Eredivisie,2026-08-22,17:45,Sparta Rotterdam,FC Utrecht,whoscored,over_under,Over,Over,,,,1.54,2026-08-19T17:43:16Z
2026-08-22|sparta-rotterdam|vs|utrecht,Eredivisie,2026-08-22,17:45,Sparta Rotterdam,FC Utrecht,whoscored,btts,Yes,Yes,,,,,2026-08-19T17:43:16Z
2026-08-22|sparta-rotterdam|vs|utrecht,Eredivisie,2026-08-22,17:45,Sparta Rotterdam,FC Utrecht,whoscored,correct_score,2 - 1,2 - 1,,,,6.6,2026-08-19T17:43:16Z
2026-08-22|heerenveen|vs|pec-zwolle,Eredivisie,2026-08-22,20:00,SC Heerenveen,PEC Zwolle,whoscored,1x2,1,1,,,,1.47,2026-08-19T17:43:16Z
2026-08-22|heerenveen|vs|pec-zwolle,Eredivisie,2026-08-22,20:00,SC Heerenveen,PEC Zwolle,whoscored,over_under,Over,Over,,,,1.34,2026-08-19T17:43:16Z
2026-08-22|heerenveen|vs|pec-zwolle,Eredivisie,2026-08-22,20:00,SC Heerenveen,PEC Zwolle,whoscored,btts,Yes,Yes,,,,,2026-08-19T17:43:16Z
2026-08-22|heerenveen|vs|pec-zwolle,Eredivisie,2026-08-22,20:00,SC Heerenveen,PEC Zwolle,whoscored,correct_score,2 - 1,2 - 1,,,,5.7,2026-08-19T17:43:16Z
2026-08-22|mar-timo|vs|acad-mico-viseu,Liga Portugal,2026-08-22,15:30,Maritimo,Academico Viseu,whoscored,1x2,1,1,,,,1.93,2026-08-19T17:43:16Z
2026-08-22|mar-timo|vs|acad-mico-viseu,Liga Portugal,2026-08-22,15:30,Maritimo,Academico Viseu,whoscored,over_under,Over,Over,,,,2,2026-08-19T17:43:16Z
2026-08-22|mar-timo|vs|acad-mico-viseu,Liga Portugal,2026-08-22,15:30,Maritimo,Academico Viseu,whoscored,btts,Yes,Yes,,,,,2026-08-19T17:43:16Z
2026-08-22|mar-timo|vs|acad-mico-viseu,Liga Portugal,2026-08-22,15:30,Maritimo,Academico Viseu,whoscored,correct_score,2 - 1,2 - 1,,,,8,2026-08-19T17:43:16Z
2026-08-22|gd-estoril|vs|rio-ave,Liga Portugal,2026-08-22,18:00,Estoril,Rio Ave,whoscored,1x2,1,1,,,,1.86,2026-08-19T17:43:16Z
2026-08-22|gd-estoril|vs|rio-ave,Liga Portugal,2026-08-22,18:00,Estoril,Rio Ave,whoscored,over_under,Under,Under,,,,1.92,2026-08-19T17:43:16Z
2026-08-22|gd-estoril|vs|rio-ave,Liga Portugal,2026-08-22,18:00,Estoril,Rio Ave,whoscored,btts,No,No,,,,,2026-08-19T17:43:16Z
2026-08-22|gd-estoril|vs|rio-ave,Liga Portugal,2026-08-22,18:00,Estoril,Rio Ave,whoscored,correct_score,1 - 0,1 - 0,,,,7.5,2026-08-19T17:43:16Z
2026-08-22|sporting-cp|vs|fc-alverca,Liga Portugal,2026-08-22,20:30,Sporting CP,Alverca,whoscored,1x2,1,1,,,,1.17,2026-08-19T17:43:16Z
2026-08-22|sporting-cp|vs|fc-alverca,Liga Portugal,2026-08-22,20:30,Sporting CP,Alverca,whoscored,over_under,Under,Under,,,,2.57,2026-08-19T17:43:16Z
2026-08-22|sporting-cp|vs|fc-alverca,Liga Portugal,2026-08-22,20:30,Sporting CP,Alverca,whoscored,btts,No,No,,,,,2026-08-19T17:43:16Z
2026-08-22|sporting-cp|vs|fc-alverca,Liga Portugal,2026-08-22,20:30,Sporting CP,Alverca,whoscored,correct_score,2 - 0,2 - 0,,,,6,2026-08-19T17:43:16Z
2026-08-22|everton|vs|crystal-palace,Premier League,2026-08-22,15:00,Everton,Crystal Palace,whoscored,1x2,X,X,,,,3.17,2026-08-21T03:25:48Z
2026-08-22|everton|vs|crystal-palace,Premier League,2026-08-22,15:00,Everton,Crystal Palace,whoscored,over_under,Under,Under,,,,1.83,2026-08-21T03:25:48Z
2026-08-22|everton|vs|crystal-palace,Premier League,2026-08-22,15:00,Everton,Crystal Palace,whoscored,btts,Yes,Yes,,,,,2026-08-21T03:25:48Z
2026-08-22|everton|vs|crystal-palace,Premier League,2026-08-22,15:00,Everton,Crystal Palace,whoscored,correct_score,1 - 1,1 - 1,,,,5,2026-08-21T03:25:48Z
2026-08-22|ipswich|vs|sunderland,Premier League,2026-08-22,15:00,Ipswich,Sunderland,whoscored,1x2,2,2,,,,2.5,2026-08-21T03:25:48Z
2026-08-22|ipswich|vs|sunderland,Premier League,2026-08-22,15:00,Ipswich,Sunderland,whoscored,over_under,Under,Under,,,,1.72,2026-08-21T03:25:48Z
2026-08-22|ipswich|vs|sunderland,Premier League,2026-08-22,15:00,Ipswich,Sunderland,whoscored,btts,No,No,,,,,2026-08-21T03:25:48Z
2026-08-22|ipswich|vs|sunderland,Premier League,2026-08-22,15:00,Ipswich,Sunderland,whoscored,correct_score,0 - 2,0 - 2,,,,11,2026-08-21T03:25:48Z
2026-08-22|nottingham-forest|vs|leeds-united,Premier League,2026-08-22,15:00,Nottingham Forest,Leeds,whoscored,1x2,X,X,,,,3.16,2026-08-21T03:25:48Z
2026-08-22|nottingham-forest|vs|leeds-united,Premier League,2026-08-22,15:00,Nottingham Forest,Leeds,whoscored,over_under,Over,Over,,,,1.81,2026-08-21T03:25:48Z
2026-08-22|nottingham-forest|vs|leeds-united,Premier League,2026-08-22,15:00,Nottingham Forest,Leeds,whoscored,btts,Yes,Yes,,,,,2026-08-21T03:25:48Z
2026-08-22|nottingham-forest|vs|leeds-united,Premier League,2026-08-22,15:00,Nottingham Forest,Leeds,whoscored,correct_score,2 - 2,2 - 2,,,,9.8,2026-08-21T03:25:48Z
2026-08-22|athletic-bilbao|vs|sevilla,LaLiga,2026-08-22,16:00,Athletic Club,Sevilla,whoscored,1x2,X,X,,,,3.41,2026-08-21T03:25:48Z
2026-08-22|athletic-bilbao|vs|sevilla,LaLiga,2026-08-22,16:00,Athletic Club,Sevilla,whoscored,over_under,Under,Under,,,,1.58,2026-08-21T03:25:48Z
2026-08-22|athletic-bilbao|vs|sevilla,LaLiga,2026-08-22,16:00,Athletic Club,Sevilla,whoscored,btts,Yes,Yes,,,,,2026-08-21T03:25:48Z
2026-08-22|athletic-bilbao|vs|sevilla,LaLiga,2026-08-22,16:00,Athletic Club,Sevilla,whoscored,correct_score,1 - 1,1 - 1,,,,5.7,2026-08-21T03:25:48Z
2026-08-22|valencia|vs|celta-vigo,LaLiga,2026-08-22,18:30,Valencia,Celta Vigo,whoscored,1x2,2,2,,,,3,2026-08-21T03:25:48Z
2026-08-22|valencia|vs|celta-vigo,LaLiga,2026-08-22,18:30,Valencia,Celta Vigo,whoscored,over_under,Over,Over,,,,2.17,2026-08-21T03:25:48Z
2026-08-22|valencia|vs|celta-vigo,LaLiga,2026-08-22,18:30,Valencia,Celta Vigo,whoscored,btts,Yes,Yes,,,,,2026-08-21T03:25:48Z
2026-08-22|valencia|vs|celta-vigo,LaLiga,2026-08-22,18:30,Valencia,Celta Vigo,whoscored,correct_score,1 - 2,1 - 2,,,,9,2026-08-21T03:25:48Z
2026-08-22|espanyol|vs|real-madrid,LaLiga,2026-08-22,20:30,Espanyol,Real Madrid,whoscored,1x2,2,2,,,,1.37,2026-08-21T03:25:48Z
2026-08-22|espanyol|vs|real-madrid,LaLiga,2026-08-22,20:30,Espanyol,Real Madrid,whoscored,over_under,Over,Over,,,,1.62,2026-08-21T03:25:48Z
2026-08-22|espanyol|vs|real-madrid,LaLiga,2026-08-22,20:30,Espanyol,Real Madrid,whoscored,btts,Yes,Yes,,,,,2026-08-21T03:25:48Z
2026-08-22|espanyol|vs|real-madrid,LaLiga,2026-08-22,20:30,Espanyol,Real Madrid,whoscored,correct_score,1 - 2,1 - 2,,,,6.4,2026-08-21T03:25:48Z
2026-08-22|inter|vs|monza,Serie A,2026-08-22,17:30,Inter,Monza,whoscored,1x2,1,1,,,,1.18,2026-08-21T03:25:48Z
2026-08-22|inter|vs|monza,Serie A,2026-08-22,17:30,Inter,Monza,whoscored,over_under,Under,Under,,,,2.23,2026-08-21T03:25:48Z
2026-08-22|inter|vs|monza,Serie A,2026-08-22,17:30,Inter,Monza,whoscored,btts,No,No,,,,,2026-08-21T03:25:48Z
2026-08-22|inter|vs|monza,Serie A,2026-08-22,17:30,Inter,Monza,whoscored,correct_score,2 - 0,2 - 0,,,,4.6,2026-08-21T03:25:48Z
2026-08-22|udinese|vs|como,Serie A,2026-08-22,17:30,Udinese,Como,whoscored,1x2,2,2,,,,1.76,2026-08-21T03:25:48Z
2026-08-22|udinese|vs|como,Serie A,2026-08-22,17:30,Udinese,Como,whoscored,over_under,Under,Under,,,,1.66,2026-08-21T03:25:48Z
2026-08-22|udinese|vs|como,Serie A,2026-08-22,17:30,Udinese,Como,whoscored,btts,No,No,,,,,2026-08-21T03:25:48Z
2026-08-22|udinese|vs|como,Serie A,2026-08-22,17:30,Udinese,Como,whoscored,correct_score,0 - 1,0 - 1,,,,5,2026-08-21T03:25:48Z
2026-08-22|parma|vs|cagliari,Serie A,2026-08-22,19:45,Parma Calcio 1913,Cagliari,whoscored,1x2,X,X,,,,2.85,2026-08-21T03:25:48Z
2026-08-22|parma|vs|cagliari,Serie A,2026-08-22,19:45,Parma Calcio 1913,Cagliari,whoscored,over_under,Under,Under,,,,1.48,2026-08-21T03:25:48Z
2026-08-22|parma|vs|cagliari,Serie A,2026-08-22,19:45,Parma Calcio 1913,Cagliari,whoscored,btts,Yes,Yes,,,,,2026-08-21T03:25:48Z
2026-08-22|parma|vs|cagliari,Serie A,2026-08-22,19:45,Parma Calcio 1913,Cagliari,whoscored,correct_score,1 - 1,1 - 1,,,,4.4,2026-08-21T03:25:48Z
2026-08-22|genoa|vs|napoli,Serie A,2026-08-22,19:45,Genoa,Napoli,whoscored,1x2,2,2,,,,1.8,2026-08-21T03:25:48Z
2026-08-22|genoa|vs|napoli,Serie A,2026-08-22,19:45,Genoa,Napoli,whoscored,over_under,Over,Over,,,,2.2,2026-08-21T03:25:48Z
2026-08-22|genoa|vs|napoli,Serie A,2026-08-22,19:45,Genoa,Napoli,whoscored,btts,Yes,Yes,,,,,2026-08-21T03:25:48Z
2026-08-22|genoa|vs|napoli,Serie A,2026-08-22,19:45,Genoa,Napoli,whoscored,correct_score,1 - 2,1 - 2,,,,6.6,2026-08-21T03:25:48Z
2026-08-22|lens|vs|auxerre,Ligue 1,2026-08-22,16:15,Lens,Auxerre,whoscored,1x2,1,1,,,,1.51,2026-08-21T03:25:48Z
2026-08-22|lens|vs|auxerre,Ligue 1,2026-08-22,16:15,Lens,Auxerre,whoscored,over_under,Under,Under,,,,2.13,2026-08-21T03:25:48Z
2026-08-22|lens|vs|auxerre,Ligue 1,2026-08-22,16:15,Lens,Auxerre,whoscored,btts,No,No,,,,,2026-08-21T03:25:48Z
2026-08-22|lens|vs|auxerre,Ligue 1,2026-08-22,16:15,Lens,Auxerre,whoscored,correct_score,2 - 0,2 - 0,,,,6.5,2026-08-21T03:25:48Z
2026-08-23|frosinone|vs|juventus,Serie A,2026-08-23,17:30,Frosinone,Juventus,whoscored,1x2,2,2,,,,1.42,2026-08-22T02:22:42Z
2026-08-23|frosinone|vs|juventus,Serie A,2026-08-23,17:30,Frosinone,Juventus,whoscored,over_under,Under,Under,,,,1.88,2026-08-22T02:22:42Z
2026-08-23|frosinone|vs|juventus,Serie A,2026-08-23,17:30,Frosinone,Juventus,whoscored,btts,No,No,,,,,2026-08-22T02:22:42Z
2026-08-23|frosinone|vs|juventus,Serie A,2026-08-23,17:30,Frosinone,Juventus,whoscored,correct_score,0 - 2,0 - 2,,,,5.3,2026-08-22T02:22:42Z
2026-08-23|venezia|vs|lecce,Serie A,2026-08-23,17:30,Venezia,Lecce,whoscored,1x2,X,X,,,,3,2026-08-22T02:22:42Z
2026-08-23|venezia|vs|lecce,Serie A,2026-08-23,17:30,Venezia,Lecce,whoscored,over_under,Under,Under,,,,1.55,2026-08-22T02:22:42Z
2026-08-23|venezia|vs|lecce,Serie A,2026-08-23,17:30,Venezia,Lecce,whoscored,btts,Yes,Yes,,,,,2026-08-22T02:22:42Z
2026-08-23|venezia|vs|lecce,Serie A,2026-08-23,17:30,Venezia,Lecce,whoscored,correct_score,1 - 1,1 - 1,,,,4.7,2026-08-22T02:22:42Z
2026-08-23|torino|vs|milan,Serie A,2026-08-23,19:45,Torino,AC Milan,whoscored,1x2,2,2,,,,1.73,2026-08-22T02:22:42Z
2026-08-23|torino|vs|milan,Serie A,2026-08-23,19:45,Torino,AC Milan,whoscored,over_under,Over,Over,,,,1.84,2026-08-22T02:22:42Z
2026-08-23|torino|vs|milan,Serie A,2026-08-23,19:45,Torino,AC Milan,whoscored,btts,Yes,Yes,,,,,2026-08-22T02:22:42Z
2026-08-23|torino|vs|milan,Serie A,2026-08-23,19:45,Torino,AC Milan,whoscored,correct_score,1 - 2,1 - 2,,,,6.3,2026-08-22T02:22:42Z
2026-08-23|atalanta|vs|sassuolo,Serie A,2026-08-23,19:45,Atalanta,Sassuolo,whoscored,1x2,X,X,,,,,2026-08-22T02:22:42Z
2026-08-23|atalanta|vs|sassuolo,Serie A,2026-08-23,19:45,Atalanta,Sassuolo,whoscored,over_under,Over,Over,,,,,2026-08-22T02:22:42Z
2026-08-23|atalanta|vs|sassuolo,Serie A,2026-08-23,19:45,Atalanta,Sassuolo,whoscored,btts,Yes,Yes,,,,,2026-08-22T02:22:42Z
2026-08-23|atalanta|vs|sassuolo,Serie A,2026-08-23,19:45,Atalanta,Sassuolo,whoscored,correct_score,2 - 2,2 - 2,,,,,2026-08-22T02:22:42Z
2026-08-24|bologna|vs|lazio,Serie A,2026-08-24,17:30,Bologna,Lazio,whoscored,1x2,X,X,,,,2.97,2026-08-22T02:22:42Z
2026-08-24|bologna|vs|lazio,Serie A,2026-08-24,17:30,Bologna,Lazio,whoscored,over_under,Under,Under,,,,1.57,2026-08-22T02:22:42Z
2026-08-24|bologna|vs|lazio,Serie A,2026-08-24,17:30,Bologna,Lazio,whoscored,btts,Yes,Yes,,,,,2026-08-22T02:22:42Z
2026-08-24|bologna|vs|lazio,Serie A,2026-08-24,17:30,Bologna,Lazio,whoscored,correct_score,1 - 1,1 - 1,,,,4.75,2026-08-22T02:22:42Z
2026-08-24|roma|vs|fiorentina,Serie A,2026-08-24,19:45,Roma,Fiorentina,whoscored,1x2,1,1,,,,1.55,2026-08-22T02:22:42Z
2026-08-24|roma|vs|fiorentina,Serie A,2026-08-24,19:45,Roma,Fiorentina,whoscored,over_under,Over,Over,,,,1.79,2026-08-22T02:22:42Z
2026-08-24|roma|vs|fiorentina,Serie A,2026-08-24,19:45,Roma,Fiorentina,whoscored,btts,Yes,Yes,,,,,2026-08-22T02:22:42Z
2026-08-24|roma|vs|fiorentina,Serie A,2026-08-24,19:45,Roma,Fiorentina,whoscored,correct_score,2 - 1,2 - 1,,,,6.4,2026-08-22T02:22:42Z
2026-08-22|toulouse|vs|lyon,Ligue 1,2026-08-22,19:45,Toulouse,Lyon,whoscored,1x2,2,2,,,,2.55,2026-08-22T02:22:42Z
2026-08-22|toulouse|vs|lyon,Ligue 1,2026-08-22,19:45,Toulouse,Lyon,whoscored,over_under,Over,Over,,,,1.86,2026-08-22T02:22:42Z
2026-08-22|toulouse|vs|lyon,Ligue 1,2026-08-22,19:45,Toulouse,Lyon,whoscored,btts,Yes,Yes,,,,,2026-08-22T02:22:42Z
2026-08-22|toulouse|vs|lyon,Ligue 1,2026-08-22,19:45,Toulouse,Lyon,whoscored,correct_score,1 - 2,1 - 2,,,,7.7,2026-08-22T02:22:42Z
2026-08-22|troyes|vs|paris-fc,Ligue 1,2026-08-22,19:45,Troyes,Paris FC,whoscored,1x2,2,2,,,,2.1,2026-08-22T02:22:42Z
2026-08-22|troyes|vs|paris-fc,Ligue 1,2026-08-22,19:45,Troyes,Paris FC,whoscored,over_under,Over,Over,,,,1.7,2026-08-22T02:22:42Z
2026-08-22|troyes|vs|paris-fc,Ligue 1,2026-08-22,19:45,Troyes,Paris FC,whoscored,btts,Yes,Yes,,,,,2026-08-22T02:22:42Z
2026-08-22|troyes|vs|paris-fc,Ligue 1,2026-08-22,19:45,Troyes,Paris FC,whoscored,correct_score,1 - 2,1 - 2,,,,6.7,2026-08-22T02:22:42Z
2026-08-22|le-mans|vs|brest,Ligue 1,2026-08-22,19:45,Le Mans,Brest,whoscored,1x2,2,2,,,,,2026-08-22T02:22:42Z
2026-08-22|le-mans|vs|brest,Ligue 1,2026-08-22,19:45,Le Mans,Brest,whoscored,over_under,Under,Under,,,,,2026-08-22T02:22:42Z
2026-08-22|le-mans|vs|brest,Ligue 1,2026-08-22,19:45,Le Mans,Brest,whoscored,btts,No,No,,,,,2026-08-22T02:22:42Z
2026-08-22|le-mans|vs|brest,Ligue 1,2026-08-22,19:45,Le Mans,Brest,whoscored,correct_score,0 - 1,0 - 1,,,,,2026-08-22T02:22:42Z
2026-08-22|nice|vs|lorient,Ligue 1,2026-08-22,19:45,Nice,Lorient,whoscored,1x2,X,X,,,,3.4,2026-08-22T02:22:42Z
2026-08-22|nice|vs|lorient,Ligue 1,2026-08-22,19:45,Nice,Lorient,whoscored,over_under,Under,Under,,,,1.84,2026-08-22T02:22:42Z
2026-08-22|nice|vs|lorient,Ligue 1,2026-08-22,19:45,Nice,Lorient,whoscored,btts,Yes,Yes,,,,,2026-08-22T02:22:42Z
2026-08-22|nice|vs|lorient,Ligue 1,2026-08-22,19:45,Nice,Lorient,whoscored,correct_score,1 - 1,1 - 1,,,,5.55,2026-08-22T02:22:42Z
2026-08-23|angers|vs|lille,Ligue 1,2026-08-23,14:00,Angers,Lille,whoscored,1x2,2,2,,,,1.67,2026-08-22T02:22:42Z
2026-08-23|angers|vs|lille,Ligue 1,2026-08-23,14:00,Angers,Lille,whoscored,over_under,Under,Under,,,,1.76,2026-08-22T02:22:42Z
2026-08-23|angers|vs|lille,Ligue 1,2026-08-23,14:00,Angers,Lille,whoscored,btts,No,No,,,,,2026-08-22T02:22:42Z
2026-08-23|angers|vs|lille,Ligue 1,2026-08-23,14:00,Angers,Lille,whoscored,correct_score,0 - 2,0 - 2,,,,6.3,2026-08-22T02:22:42Z
2026-08-23|le-havre|vs|monaco,Ligue 1,2026-08-23,16:15,Le Havre,Monaco,whoscored,1x2,X,X,,,,3.7,2026-08-22T02:22:42Z
2026-08-23|le-havre|vs|monaco,Ligue 1,2026-08-23,16:15,Le Havre,Monaco,whoscored,over_under,Under,Under,,,,2.17,2026-08-22T02:22:42Z
2026-08-23|le-havre|vs|monaco,Ligue 1,2026-08-23,16:15,Le Havre,Monaco,whoscored,btts,Yes,Yes,,,,,2026-08-22T02:22:42Z
2026-08-23|le-havre|vs|monaco,Ligue 1,2026-08-23,16:15,Le Havre,Monaco,whoscored,correct_score,1 - 1,1 - 1,,,,6,2026-08-22T02:22:42Z
2026-08-23|psg|vs|rennes,Ligue 1,2026-08-23,19:45,Paris Saint-Germain,Rennes,whoscored,1x2,1,1,,,,1.5,2026-08-22T02:22:42Z
2026-08-23|psg|vs|rennes,Ligue 1,2026-08-23,19:45,Paris Saint-Germain,Rennes,whoscored,over_under,Over,Over,,,,1.4,2026-08-22T02:22:42Z
2026-08-23|psg|vs|rennes,Ligue 1,2026-08-23,19:45,Paris Saint-Germain,Rennes,whoscored,btts,Yes,Yes,,,,,2026-08-22T02:22:42Z
2026-08-23|psg|vs|rennes,Ligue 1,2026-08-23,19:45,Paris Saint-Germain,Rennes,whoscored,correct_score,2 - 1,2 - 1,,,,8,2026-08-22T02:22:42Z
2026-08-23|go-ahead-eagles|vs|ado-den-haag,Eredivisie,2026-08-23,11:15,Go Ahead Eagles,ADO Den Haag,whoscored,1x2,1,1,,,,,2026-08-22T02:22:42Z
2026-08-23|go-ahead-eagles|vs|ado-den-haag,Eredivisie,2026-08-23,11:15,Go Ahead Eagles,ADO Den Haag,whoscored,over_under,Over,Over,,,,,2026-08-22T02:22:42Z
2026-08-23|go-ahead-eagles|vs|ado-den-haag,Eredivisie,2026-08-23,11:15,Go Ahead Eagles,ADO Den Haag,whoscored,btts,Yes,Yes,,,,,2026-08-22T02:22:42Z
2026-08-23|go-ahead-eagles|vs|ado-den-haag,Eredivisie,2026-08-23,11:15,Go Ahead Eagles,ADO Den Haag,whoscored,correct_score,3 - 1,3 - 1,,,,,2026-08-22T02:22:42Z
2026-08-23|psv-eindhoven|vs|groningen,Eredivisie,2026-08-23,13:30,PSV Eindhoven,FC Groningen,whoscored,1x2,1,1,,,,1.27,2026-08-22T02:22:42Z
2026-08-23|psv-eindhoven|vs|groningen,Eredivisie,2026-08-23,13:30,PSV Eindhoven,FC Groningen,whoscored,over_under,Over,Over,,,,1.23,2026-08-22T02:22:42Z
2026-08-23|psv-eindhoven|vs|groningen,Eredivisie,2026-08-23,13:30,PSV Eindhoven,FC Groningen,whoscored,btts,Yes,Yes,,,,,2026-08-22T02:22:42Z
2026-08-23|psv-eindhoven|vs|groningen,Eredivisie,2026-08-23,13:30,PSV Eindhoven,FC Groningen,whoscored,correct_score,3 - 1,3 - 1,,,,5.8,2026-08-22T02:22:42Z
2026-08-23|cambuur|vs|feyenoord,Eredivisie,2026-08-23,15:45,Cambuur,Feyenoord,whoscored,1x2,2,2,,,,1.22,2026-08-22T02:22:42Z
2026-08-23|cambuur|vs|feyenoord,Eredivisie,2026-08-23,15:45,Cambuur,Feyenoord,whoscored,over_under,Over,Over,,,,1.31,2026-08-22T02:22:42Z
2026-08-23|cambuur|vs|feyenoord,Eredivisie,2026-08-23,15:45,Cambuur,Feyenoord,whoscored,btts,Yes,Yes,,,,,2026-08-22T02:22:42Z
2026-08-23|cambuur|vs|feyenoord,Eredivisie,2026-08-23,15:45,Cambuur,Feyenoord,whoscored,correct_score,1 - 3,1 - 3,,,,6.9,2026-08-22T02:22:42Z
2026-08-23|vit-ria|vs|nacional-madeira,Liga Portugal,2026-08-23,15:30,Vitoria de Guimaraes,Nacional,whoscored,1x2,X,X,,,,3.6,2026-08-22T02:22:42Z
2026-08-23|vit-ria|vs|nacional-madeira,Liga Portugal,2026-08-23,15:30,Vitoria de Guimaraes,Nacional,whoscored,over_under,Over,Over,,,,1.86,2026-08-22T02:22:42Z
2026-08-23|vit-ria|vs|nacional-madeira,Liga Portugal,2026-08-23,15:30,Vitoria de Guimaraes,Nacional,whoscored,btts,Yes,Yes,,,,,2026-08-22T02:22:42Z
2026-08-23|vit-ria|vs|nacional-madeira,Liga Portugal,2026-08-23,15:30,Vitoria de Guimaraes,Nacional,whoscored,correct_score,2 - 2,2 - 2,,,,15,2026-08-22T02:22:42Z
2026-08-23|santa-clara|vs|fc-famalic-o,Liga Portugal,2026-08-23,18:00,Santa Clara,Famalicao,whoscored,1x2,X,X,,,,2.87,2026-08-22T02:22:42Z
2026-08-23|santa-clara|vs|fc-famalic-o,Liga Portugal,2026-08-23,18:00,Santa Clara,Famalicao,whoscored,over_under,Under,Under,,,,1.53,2026-08-22T02:22:42Z
2026-08-23|santa-clara|vs|fc-famalic-o,Liga Portugal,2026-08-23,18:00,Santa Clara,Famalicao,whoscored,btts,Yes,Yes,,,,,2026-08-22T02:22:42Z
2026-08-23|santa-clara|vs|fc-famalic-o,Liga Portugal,2026-08-23,18:00,Santa Clara,Famalicao,whoscored,correct_score,1 - 1,1 - 1,,,,5.33,2026-08-22T02:22:42Z
2026-08-23|porto|vs|fc-arouca,Liga Portugal,2026-08-23,20:30,FC Porto,Arouca,whoscored,1x2,1,1,,,,1.18,2026-08-22T02:22:42Z
2026-08-23|porto|vs|fc-arouca,Liga Portugal,2026-08-23,20:30,FC Porto,Arouca,whoscored,over_under,Over,Over,,,,1.57,2026-08-22T02:22:42Z
2026-08-23|porto|vs|fc-arouca,Liga Portugal,2026-08-23,20:30,FC Porto,Arouca,whoscored,btts,Yes,Yes,,,,,2026-08-22T02:22:42Z
2026-08-23|porto|vs|fc-arouca,Liga Portugal,2026-08-23,20:30,FC Porto,Arouca,whoscored,correct_score,2 - 1,2 - 1,,,,9,2026-08-22T02:22:42Z
2026-08-24|gil-vicente|vs|casa-pia-ac,Liga Portugal,2026-08-24,20:15,Gil Vicente,Casa Pia AC,whoscored,1x2,1,1,,,,1.65,2026-08-22T02:22:42Z
2026-08-24|gil-vicente|vs|casa-pia-ac,Liga Portugal,2026-08-24,20:15,Gil Vicente,Casa Pia AC,whoscored,over_under,Under,Under,,,,1.57,2026-08-22T02:22:42Z
2026-08-24|gil-vicente|vs|casa-pia-ac,Liga Portugal,2026-08-24,20:15,Gil Vicente,Casa Pia AC,whoscored,btts,No,No,,,,,2026-08-22T02:22:42Z
2026-08-24|gil-vicente|vs|casa-pia-ac,Liga Portugal,2026-08-24,20:15,Gil Vicente,Casa Pia AC,whoscored,correct_score,2 - 0,2 - 0,,,,6.33,2026-08-22T02:22:42Z
2026-08-23|brighton|vs|aston-villa,Premier League,2026-08-23,14:00,Brighton,Aston Villa,whoscored,1x2,X,X,,,,,2026-08-23T05:20:34Z
2026-08-23|brighton|vs|aston-villa,Premier League,2026-08-23,14:00,Brighton,Aston Villa,whoscored,over_under,Under,Under,,,,,2026-08-23T05:20:34Z
2026-08-23|brighton|vs|aston-villa,Premier League,2026-08-23,14:00,Brighton,Aston Villa,whoscored,btts,Yes,Yes,,,,,2026-08-23T05:20:34Z
2026-08-23|brighton|vs|aston-villa,Premier League,2026-08-23,14:00,Brighton,Aston Villa,whoscored,correct_score,1 - 1,1 - 1,,,,5.2,2026-08-23T05:20:34Z
2026-08-23|newcastle|vs|liverpool,Premier League,2026-08-23,16:30,Newcastle,Liverpool,whoscored,1x2,2,2,,,,,2026-08-23T05:20:34Z
2026-08-23|newcastle|vs|liverpool,Premier League,2026-08-23,16:30,Newcastle,Liverpool,whoscored,over_under,Over,Over,,,,,2026-08-23T05:20:34Z
2026-08-23|newcastle|vs|liverpool,Premier League,2026-08-23,16:30,Newcastle,Liverpool,whoscored,btts,Yes,Yes,,,,,2026-08-23T05:20:34Z
2026-08-23|newcastle|vs|liverpool,Premier League,2026-08-23,16:30,Newcastle,Liverpool,whoscored,correct_score,1 - 2,1 - 2,,,,,2026-08-23T05:20:34Z
2026-08-24|fulham|vs|chelsea,Premier League,2026-08-24,20:00,Fulham,Chelsea,whoscored,1x2,2,2,,,,,2026-08-23T05:20:34Z
2026-08-24|fulham|vs|chelsea,Premier League,2026-08-24,20:00,Fulham,Chelsea,whoscored,over_under,Over,Over,,,,,2026-08-23T05:20:34Z
2026-08-24|fulham|vs|chelsea,Premier League,2026-08-24,20:00,Fulham,Chelsea,whoscored,btts,Yes,Yes,,,,,2026-08-23T05:20:34Z
2026-08-24|fulham|vs|chelsea,Premier League,2026-08-24,20:00,Fulham,Chelsea,whoscored,correct_score,1 - 2,1 - 2,,,,,2026-08-23T05:20:34Z
2026-08-23|getafe|vs|racing-santander,LaLiga,2026-08-23,18:30,Getafe,Racing Santander,whoscored,1x2,X,X,,,,2.9,2026-08-23T05:20:34Z
2026-08-23|getafe|vs|racing-santander,LaLiga,2026-08-23,18:30,Getafe,Racing Santander,whoscored,over_under,Under,Under,,,,1.44,2026-08-23T05:20:34Z
2026-08-23|getafe|vs|racing-santander,LaLiga,2026-08-23,18:30,Getafe,Racing Santander,whoscored,btts,Yes,Yes,,,,,2026-08-23T05:20:34Z
2026-08-23|getafe|vs|racing-santander,LaLiga,2026-08-23,18:30,Getafe,Racing Santander,whoscored,correct_score,1 - 1,1 - 1,,,,4.6,2026-08-23T05:20:34Z
2026-08-23|elche|vs|barcelona,LaLiga,2026-08-23,20:30,Elche,Barcelona,whoscored,1x2,2,2,,,,,2026-08-23T05:20:34Z
2026-08-23|elche|vs|barcelona,LaLiga,2026-08-23,20:30,Elche,Barcelona,whoscored,over_under,Over,Over,,,,,2026-08-23T05:20:34Z
2026-08-23|elche|vs|barcelona,LaLiga,2026-08-23,20:30,Elche,Barcelona,whoscored,btts,Yes,Yes,,,,,2026-08-23T05:20:34Z
2026-08-23|elche|vs|barcelona,LaLiga,2026-08-23,20:30,Elche,Barcelona,whoscored,correct_score,1 - 3,1 - 3,,,,,2026-08-23T05:20:34Z
2026-08-23|manchester-city|vs|bournemouth,Premier League,2026-08-23,14:00,Manchester City,Bournemouth,whoscored,1x2,1,1,,,,,2026-08-23T11:01:49Z
2026-08-23|manchester-city|vs|bournemouth,Premier League,2026-08-23,14:00,Manchester City,Bournemouth,whoscored,over_under,Over,Over,,,,,2026-08-23T11:01:49Z
2026-08-23|manchester-city|vs|bournemouth,Premier League,2026-08-23,14:00,Manchester City,Bournemouth,whoscored,btts,Yes,Yes,,,,,2026-08-23T11:01:49Z
2026-08-23|manchester-city|vs|bournemouth,Premier League,2026-08-23,14:00,Manchester City,Bournemouth,whoscored,correct_score,3 - 1,3 - 1,,,,,2026-08-23T11:01:49Z
2026-08-23|atl-tico-madrid|vs|villarreal,LaLiga,2026-08-23,16:00,Atletico Madrid,Villarreal,whoscored,1x2,1,1,,,,1.78,2026-08-23T11:01:49Z
2026-08-23|atl-tico-madrid|vs|villarreal,LaLiga,2026-08-23,16:00,Atletico Madrid,Villarreal,whoscored,over_under,Over,Over,,,,1.65,2026-08-23T11:01:49Z
2026-08-23|atl-tico-madrid|vs|villarreal,LaLiga,2026-08-23,16:00,Atletico Madrid,Villarreal,whoscored,btts,Yes,Yes,,,,,2026-08-23T11:01:49Z
2026-08-23|atl-tico-madrid|vs|villarreal,LaLiga,2026-08-23,16:00,Atletico Madrid,Villarreal,whoscored,correct_score,2 - 1,2 - 1,,,,6.3,2026-08-23T11:01:49Z
2026-08-26|real-madrid|vs|real-sociedad,LaLiga,2026-08-26,20:00,Real Madrid,Real Sociedad,whoscored,1x2,1,1,,,,1.3,2026-08-25T09:38:10Z
2026-08-26|real-madrid|vs|real-sociedad,LaLiga,2026-08-26,20:00,Real Madrid,Real Sociedad,whoscored,over_under,Under,Under,,,,2.6,2026-08-25T09:38:10Z
2026-08-26|real-madrid|vs|real-sociedad,LaLiga,2026-08-26,20:00,Real Madrid,Real Sociedad,whoscored,btts,No,No,,,,,2026-08-25T09:38:10Z
2026-08-26|real-madrid|vs|real-sociedad,LaLiga,2026-08-26,20:00,Real Madrid,Real Sociedad,whoscored,correct_score,2 - 0,2 - 0,,,,6.2,2026-08-25T09:38:10Z
2026-08-28|crystal-palace|vs|manchester-city,Premier League,2026-08-28,20:00,Crystal Palace,Manchester City,whoscored,1x2,2,2,,,,1.62,2026-08-27T18:45:34Z
2026-08-28|crystal-palace|vs|manchester-city,Premier League,2026-08-28,20:00,Crystal Palace,Manchester City,whoscored,over_under,Over,Over,,,,1.48,2026-08-27T18:45:34Z
2026-08-28|crystal-palace|vs|manchester-city,Premier League,2026-08-28,20:00,Crystal Palace,Manchester City,whoscored,btts,Yes,Yes,,,,,2026-08-27T18:45:34Z
2026-08-28|crystal-palace|vs|manchester-city,Premier League,2026-08-28,20:00,Crystal Palace,Manchester City,whoscored,correct_score,1 - 3,1 - 3,,,,9.5,2026-08-27T18:45:34Z
2026-08-29|liverpool|vs|nottingham-forest,Premier League,2026-08-29,12:30,Liverpool,Nottingham Forest,whoscored,1x2,1,1,,,,1.47,2026-08-27T18:45:34Z
2026-08-29|liverpool|vs|nottingham-forest,Premier League,2026-08-29,12:30,Liverpool,Nottingham Forest,whoscored,over_under,Over,Over,,,,1.57,2026-08-27T18:45:34Z
2026-08-29|liverpool|vs|nottingham-forest,Premier League,2026-08-29,12:30,Liverpool,Nottingham Forest,whoscored,btts,Yes,Yes,,,,,2026-08-27T18:45:34Z
2026-08-29|liverpool|vs|nottingham-forest,Premier League,2026-08-29,12:30,Liverpool,Nottingham Forest,whoscored,correct_score,3 - 1,3 - 1,,,,8.8,2026-08-27T18:45:34Z
2026-08-29|coventry|vs|hull,Premier League,2026-08-29,15:00,Coventry,Hull,whoscored,1x2,X,X,,,,3.32,2026-08-27T18:45:34Z
2026-08-29|coventry|vs|hull,Premier League,2026-08-29,15:00,Coventry,Hull,whoscored,over_under,Under,Under,,,,1.86,2026-08-27T18:45:34Z
2026-08-29|coventry|vs|hull,Premier League,2026-08-29,15:00,Coventry,Hull,whoscored,btts,No,No,,,,,2026-08-27T18:45:34Z
2026-08-29|coventry|vs|hull,Premier League,2026-08-29,15:00,Coventry,Hull,whoscored,correct_score,0 - 0,0 - 0,,,,10,2026-08-27T18:45:34Z
2026-08-29|bournemouth|vs|everton,Premier League,2026-08-29,15:00,Bournemouth,Everton,whoscored,1x2,1,1,,,,1.95,2026-08-27T18:45:34Z
2026-08-29|bournemouth|vs|everton,Premier League,2026-08-29,15:00,Bournemouth,Everton,whoscored,over_under,Over,Over,,,,1.76,2026-08-27T18:45:34Z
2026-08-29|bournemouth|vs|everton,Premier League,2026-08-29,15:00,Bournemouth,Everton,whoscored,btts,Yes,Yes,,,,,2026-08-27T18:45:34Z
2026-08-29|bournemouth|vs|everton,Premier League,2026-08-29,15:00,Bournemouth,Everton,whoscored,correct_score,2 - 1,2 - 1,,,,6.6,2026-08-27T18:45:34Z
2026-08-29|tottenham|vs|newcastle,Premier League,2026-08-29,17:30,Tottenham,Newcastle,whoscored,1x2,1,1,,,,2.18,2026-08-27T18:45:34Z
2026-08-29|tottenham|vs|newcastle,Premier League,2026-08-29,17:30,Tottenham,Newcastle,whoscored,over_under,Over,Over,,,,1.52,2026-08-27T18:45:34Z
2026-08-29|tottenham|vs|newcastle,Premier League,2026-08-29,17:30,Tottenham,Newcastle,whoscored,btts,Yes,Yes,,,,,2026-08-27T18:45:34Z
2026-08-29|tottenham|vs|newcastle,Premier League,2026-08-29,17:30,Tottenham,Newcastle,whoscored,correct_score,2 - 1,2 - 1,,,,7,2026-08-27T18:45:34Z
2026-08-30|leeds-united|vs|brentford,Premier League,2026-08-30,14:00,Leeds,Brentford,whoscored,1x2,X,X,,,,3.19,2026-08-27T18:45:34Z
2026-08-30|leeds-united|vs|brentford,Premier League,2026-08-30,14:00,Leeds,Brentford,whoscored,over_under,Over,Over,,,,1.77,2026-08-27T18:45:34Z
2026-08-30|leeds-united|vs|brentford,Premier League,2026-08-30,14:00,Leeds,Brentford,whoscored,btts,Yes,Yes,,,,,2026-08-27T18:45:34Z
2026-08-30|leeds-united|vs|brentford,Premier League,2026-08-30,14:00,Leeds,Brentford,whoscored,correct_score,2 - 2,2 - 2,,,,9.7,2026-08-27T18:45:34Z
2026-08-27|barcelona|vs|athletic-bilbao,LaLiga,2026-08-27,20:00,Barcelona,Athletic Club,whoscored,1x2,1,1,,,,1.19,2026-08-27T18:45:34Z
2026-08-27|barcelona|vs|athletic-bilbao,LaLiga,2026-08-27,20:00,Barcelona,Athletic Club,whoscored,over_under,Over,Over,,,,1.29,2026-08-27T18:45:34Z
2026-08-27|barcelona|vs|athletic-bilbao,LaLiga,2026-08-27,20:00,Barcelona,Athletic Club,whoscored,btts,No,No,,,,,2026-08-27T18:45:34Z
2026-08-27|barcelona|vs|athletic-bilbao,LaLiga,2026-08-27,20:00,Barcelona,Athletic Club,whoscored,correct_score,3 - 0,3 - 0,,,,7,2026-08-27T18:45:34Z
2026-08-28|racing-santander|vs|elche,LaLiga,2026-08-28,18:00,Racing Santander,Elche,whoscored,1x2,X,X,,,,3.31,2026-08-27T18:45:34Z
2026-08-28|racing-santander|vs|elche,LaLiga,2026-08-28,18:00,Racing Santander,Elche,whoscored,over_under,Under,Under,,,,1.93,2026-08-27T18:45:34Z
2026-08-28|racing-santander|vs|elche,LaLiga,2026-08-28,18:00,Racing Santander,Elche,whoscored,btts,Yes,Yes,,,,,2026-08-27T18:45:34Z
2026-08-28|racing-santander|vs|elche,LaLiga,2026-08-28,18:00,Racing Santander,Elche,whoscored,correct_score,1 - 1,1 - 1,,,,5.1,2026-08-27T18:45:34Z
2026-08-28|deportivo-alav-s|vs|villarreal,LaLiga,2026-08-28,20:30,Deportivo Alaves,Villarreal,whoscored,1x2,X,X,,,,3.4,2026-08-27T18:45:34Z
2026-08-28|deportivo-alav-s|vs|villarreal,LaLiga,2026-08-28,20:30,Deportivo Alaves,Villarreal,whoscored,over_under,Under,Under,,,,1.93,2026-08-27T18:45:34Z
2026-08-28|deportivo-alav-s|vs|villarreal,LaLiga,2026-08-28,20:30,Deportivo Alaves,Villarreal,whoscored,btts,Yes,Yes,,,,,2026-08-27T18:45:34Z
2026-08-28|deportivo-alav-s|vs|villarreal,LaLiga,2026-08-28,20:30,Deportivo Alaves,Villarreal,whoscored,correct_score,1 - 1,1 - 1,,,,5.2,2026-08-27T18:45:34Z
2026-08-29|levante|vs|real-betis,LaLiga,2026-08-29,16:00,Levante,Real Betis,whoscored,1x2,2,2,,,,2.05,2026-08-27T18:45:34Z
2026-08-29|levante|vs|real-betis,LaLiga,2026-08-29,16:00,Levante,Real Betis,whoscored,over_under,Over,Over,,,,1.83,2026-08-27T18:45:34Z
2026-08-29|levante|vs|real-betis,LaLiga,2026-08-29,16:00,Levante,Real Betis,whoscored,btts,Yes,Yes,,,,,2026-08-27T18:45:34Z
2026-08-29|levante|vs|real-betis,LaLiga,2026-08-29,16:00,Levante,Real Betis,whoscored,correct_score,1 - 2,1 - 2,,,,6.8,2026-08-27T18:45:34Z
2026-08-29|real-sociedad|vs|espanyol,LaLiga,2026-08-29,18:00,Real Sociedad,Espanyol,whoscored,1x2,X,X,,,,3.45,2026-08-27T18:45:34Z
2026-08-29|real-sociedad|vs|espanyol,LaLiga,2026-08-29,18:00,Real Sociedad,Espanyol,whoscored,over_under,Under,Under,,,,1.84,2026-08-27T18:45:34Z
2026-08-29|real-sociedad|vs|espanyol,LaLiga,2026-08-29,18:00,Real Sociedad,Espanyol,whoscored,btts,Yes,Yes,,,,,2026-08-27T18:45:34Z
2026-08-29|real-sociedad|vs|espanyol,LaLiga,2026-08-29,18:00,Real Sociedad,Espanyol,whoscored,correct_score,1 - 1,1 - 1,,,,5.5,2026-08-27T18:45:34Z
2026-08-29|sevilla|vs|atl-tico-madrid,LaLiga,2026-08-29,20:30,Sevilla,Atletico Madrid,whoscored,1x2,X,X,,,,3.15,2026-08-27T18:45:34Z
2026-08-29|sevilla|vs|atl-tico-madrid,LaLiga,2026-08-29,20:30,Sevilla,Atletico Madrid,whoscored,over_under,Over,Over,,,,1.83,2026-08-27T18:45:34Z
2026-08-29|sevilla|vs|atl-tico-madrid,LaLiga,2026-08-29,20:30,Sevilla,Atletico Madrid,whoscored,btts,Yes,Yes,,,,,2026-08-27T18:45:34Z
2026-08-29|sevilla|vs|atl-tico-madrid,LaLiga,2026-08-29,20:30,Sevilla,Atletico Madrid,whoscored,correct_score,2 - 2,2 - 2,,,,10,2026-08-27T18:45:34Z
2026-08-28|milan|vs|venezia,Serie A,2026-08-28,19:45,AC Milan,Venezia,whoscored,1x2,1,1,,,,1.35,2026-08-27T18:45:34Z
2026-08-28|milan|vs|venezia,Serie A,2026-08-28,19:45,AC Milan,Venezia,whoscored,over_under,Over,Over,,,,1.7,2026-08-27T18:45:34Z
2026-08-28|milan|vs|venezia,Serie A,2026-08-28,19:45,AC Milan,Venezia,whoscored,btts,No,No,,,,,2026-08-27T18:45:34Z
2026-08-28|milan|vs|venezia,Serie A,2026-08-28,19:45,AC Milan,Venezia,whoscored,correct_score,3 - 0,3 - 0,,,,6.8,2026-08-27T18:45:34Z
2026-08-29|sassuolo|vs|torino,Serie A,2026-08-29,17:30,Sassuolo,Torino,whoscored,1x2,X,X,,,,3.07,2026-08-27T18:45:34Z
2026-08-29|sassuolo|vs|torino,Serie A,2026-08-29,17:30,Sassuolo,Torino,whoscored,over_under,Under,Under,,,,1.7,2026-08-27T18:45:34Z
2026-08-29|sassuolo|vs|torino,Serie A,2026-08-29,17:30,Sassuolo,Torino,whoscored,btts,Yes,Yes,,,,,2026-08-27T18:45:34Z
2026-08-29|sassuolo|vs|torino,Serie A,2026-08-29,17:30,Sassuolo,Torino,whoscored,correct_score,1 - 1,1 - 1,,,,4.85,2026-08-27T18:45:34Z
2026-08-29|fiorentina|vs|frosinone,Serie A,2026-08-29,17:30,Fiorentina,Frosinone,whoscored,1x2,1,1,,,,1.55,2026-08-27T18:45:34Z
2026-08-29|fiorentina|vs|frosinone,Serie A,2026-08-29,17:30,Fiorentina,Frosinone,whoscored,over_under,Over,Over,,,,1.68,2026-08-27T18:45:34Z
2026-08-29|fiorentina|vs|frosinone,Serie A,2026-08-29,17:30,Fiorentina,Frosinone,whoscored,btts,Yes,Yes,,,,,2026-08-27T18:45:34Z
2026-08-29|fiorentina|vs|frosinone,Serie A,2026-08-29,17:30,Fiorentina,Frosinone,whoscored,correct_score,2 - 1,2 - 1,,,,6.4,2026-08-27T18:45:34Z
2026-08-29|monza|vs|udinese,Serie A,2026-08-29,17:30,Monza,Udinese,whoscored,1x2,X,X,,,,2.94,2026-08-27T18:45:34Z
2026-08-29|monza|vs|udinese,Serie A,2026-08-29,17:30,Monza,Udinese,whoscored,over_under,Under,Under,,,,1.57,2026-08-27T18:45:34Z
2026-08-29|monza|vs|udinese,Serie A,2026-08-29,17:30,Monza,Udinese,whoscored,btts,Yes,Yes,,,,,2026-08-27T18:45:34Z
2026-08-29|monza|vs|udinese,Serie A,2026-08-29,17:30,Monza,Udinese,whoscored,correct_score,1 - 1,1 - 1,,,,,2026-08-27T18:45:34Z
2026-08-29|juventus|vs|parma,Serie A,2026-08-29,19:45,Juventus,Parma Calcio 1913,whoscored,1x2,1,1,,,,1.17,2026-08-27T18:45:34Z
2026-08-29|juventus|vs|parma,Serie A,2026-08-29,19:45,Juventus,Parma Calcio 1913,whoscored,over_under,Under,Under,,,,2.06,2026-08-27T18:45:34Z
2026-08-29|juventus|vs|parma,Serie A,2026-08-29,19:45,Juventus,Parma Calcio 1913,whoscored,btts,No,No,,,,,2026-08-27T18:45:34Z
2026-08-29|juventus|vs|parma,Serie A,2026-08-29,19:45,Juventus,Parma Calcio 1913,whoscored,correct_score,2 - 0,2 - 0,,,,4.5,2026-08-27T18:45:34Z
2026-08-28|lille|vs|psg,Ligue 1,2026-08-28,19:45,Lille,Paris Saint-Germain,whoscored,1x2,2,2,,,,1.73,2026-08-27T18:45:34Z
2026-08-28|lille|vs|psg,Ligue 1,2026-08-28,19:45,Lille,Paris Saint-Germain,whoscored,over_under,Over,Over,,,,1.65,2026-08-27T18:45:34Z
2026-08-28|lille|vs|psg,Ligue 1,2026-08-28,19:45,Lille,Paris Saint-Germain,whoscored,btts,Yes,Yes,,,,,2026-08-27T18:45:34Z
2026-08-28|lille|vs|psg,Ligue 1,2026-08-28,19:45,Lille,Paris Saint-Germain,whoscored,correct_score,1 - 2,1 - 2,,,,6.2,2026-08-27T18:45:34Z
2026-08-29|strasbourg|vs|lens,Ligue 1,2026-08-29,16:15,Strasbourg,Lens,whoscored,1x2,2,2,,,,1.96,2026-08-27T18:45:34Z
2026-08-29|strasbourg|vs|lens,Ligue 1,2026-08-29,16:15,Strasbourg,Lens,whoscored,over_under,Over,Over,,,,1.55,2026-08-27T18:45:34Z
2026-08-29|strasbourg|vs|lens,Ligue 1,2026-08-29,16:15,Strasbourg,Lens,whoscored,btts,Yes,Yes,,,,,2026-08-27T18:45:34Z
2026-08-29|strasbourg|vs|lens,Ligue 1,2026-08-29,16:15,Strasbourg,Lens,whoscored,correct_score,1 - 2,1 - 2,,,,6.5,2026-08-27T18:45:34Z
2026-08-29|auxerre|vs|angers,Ligue 1,2026-08-29,19:45,Auxerre,Angers,whoscored,1x2,1,1,,,,1.84,2026-08-27T18:45:34Z
2026-08-29|auxerre|vs|angers,Ligue 1,2026-08-29,19:45,Auxerre,Angers,whoscored,over_under,Under,Under,,,,1.73,2026-08-27T18:45:34Z
2026-08-29|auxerre|vs|angers,Ligue 1,2026-08-29,19:45,Auxerre,Angers,whoscored,btts,No,No,,,,,2026-08-27T18:45:34Z
2026-08-29|auxerre|vs|angers,Ligue 1,2026-08-29,19:45,Auxerre,Angers,whoscored,correct_score,1 - 0,1 - 0,,,,5.5,2026-08-27T18:45:34Z
2026-08-29|brest|vs|toulouse,Ligue 1,2026-08-29,19:45,Brest,Toulouse,whoscored,1x2,X,X,,,,3.17,2026-08-27T18:45:34Z
2026-08-29|brest|vs|toulouse,Ligue 1,2026-08-29,19:45,Brest,Toulouse,whoscored,over_under,Under,Under,,,,1.75,2026-08-27T18:45:34Z
2026-08-29|brest|vs|toulouse,Ligue 1,2026-08-29,19:45,Brest,Toulouse,whoscored,btts,Yes,Yes,,,,,2026-08-27T18:45:34Z
2026-08-29|brest|vs|toulouse,Ligue 1,2026-08-29,19:45,Brest,Toulouse,whoscored,correct_score,1 - 1,1 - 1,,,,5,2026-08-27T18:45:34Z
2026-08-29|lorient|vs|troyes,Ligue 1,2026-08-29,19:45,Lorient,Troyes,whoscored,1x2,1,1,,,,1.78,2026-08-27T18:45:34Z
2026-08-29|lorient|vs|troyes,Ligue 1,2026-08-29,19:45,Lorient,Troyes,whoscored,over_under,Under,Under,,,,1.72,2026-08-27T18:45:34Z
2026-08-29|lorient|vs|troyes,Ligue 1,2026-08-29,19:45,Lorient,Troyes,whoscored,btts,No,No,,,,,2026-08-27T18:45:34Z
2026-08-29|lorient|vs|troyes,Ligue 1,2026-08-29,19:45,Lorient,Troyes,whoscored,correct_score,1 - 0,1 - 0,,,,5.5,2026-08-27T18:45:34Z
2026-08-29|lyon|vs|le-havre,Ligue 1,2026-08-29,19:45,Lyon,Le Havre,whoscored,1x2,1,1,,,,1.44,2026-08-27T18:45:34Z
2026-08-29|lyon|vs|le-havre,Ligue 1,2026-08-29,19:45,Lyon,Le Havre,whoscored,over_under,Under,Under,,,,1.96,2026-08-27T18:45:34Z
2026-08-29|lyon|vs|le-havre,Ligue 1,2026-08-29,19:45,Lyon,Le Havre,whoscored,btts,No,No,,,,,2026-08-27T18:45:34Z
2026-08-29|lyon|vs|le-havre,Ligue 1,2026-08-29,19:45,Lyon,Le Havre,whoscored,correct_score,2 - 0,2 - 0,,,,5.8,2026-08-27T18:45:34Z
2026-08-28|groningen|vs|fortuna-sittard,Eredivisie,2026-08-28,19:00,FC Groningen,Fortuna Sittard,whoscored,1x2,1,1,,,,1.45,2026-08-27T18:45:34Z
2026-08-28|groningen|vs|fortuna-sittard,Eredivisie,2026-08-28,19:00,FC Groningen,Fortuna Sittard,whoscored,over_under,Over,Over,,,,1.32,2026-08-27T18:45:34Z
2026-08-28|groningen|vs|fortuna-sittard,Eredivisie,2026-08-28,19:00,FC Groningen,Fortuna Sittard,whoscored,btts,Yes,Yes,,,,,2026-08-27T18:45:34Z
2026-08-28|groningen|vs|fortuna-sittard,Eredivisie,2026-08-28,19:00,FC Groningen,Fortuna Sittard,whoscored,correct_score,2 - 1,2 - 1,,,,5.8,2026-08-27T18:45:34Z
2026-08-29|excelsior|vs|sparta-rotterdam,Eredivisie,2026-08-29,15:30,Excelsior,Sparta Rotterdam,whoscored,1x2,X,X,,,,3.29,2026-08-27T18:45:34Z
2026-08-29|excelsior|vs|sparta-rotterdam,Eredivisie,2026-08-29,15:30,Excelsior,Sparta Rotterdam,whoscored,over_under,Over,Over,,,,1.4,2026-08-27T18:45:34Z
2026-08-29|excelsior|vs|sparta-rotterdam,Eredivisie,2026-08-29,15:30,Excelsior,Sparta Rotterdam,whoscored,btts,Yes,Yes,,,,,2026-08-27T18:45:34Z
2026-08-29|excelsior|vs|sparta-rotterdam,Eredivisie,2026-08-29,15:30,Excelsior,Sparta Rotterdam,whoscored,correct_score,2 - 2,2 - 2,,,,6.9,2026-08-27T18:45:34Z
2026-08-29|az-alkmaar|vs|go-ahead-eagles,Eredivisie,2026-08-29,17:45,AZ Alkmaar,Go Ahead Eagles,whoscored,1x2,1,1,,,,1.3,2026-08-27T18:45:34Z
2026-08-29|az-alkmaar|vs|go-ahead-eagles,Eredivisie,2026-08-29,17:45,AZ Alkmaar,Go Ahead Eagles,whoscored,over_under,Over,Over,,,,1.28,2026-08-27T18:45:34Z
2026-08-29|az-alkmaar|vs|go-ahead-eagles,Eredivisie,2026-08-29,17:45,AZ Alkmaar,Go Ahead Eagles,whoscored,btts,Yes,Yes,,,,,2026-08-27T18:45:34Z
2026-08-29|az-alkmaar|vs|go-ahead-eagles,Eredivisie,2026-08-29,17:45,AZ Alkmaar,Go Ahead Eagles,whoscored,correct_score,2 - 1,2 - 1,,,,5.9,2026-08-27T18:45:34Z
2026-08-29|pec-zwolle|vs|nijmegen,Eredivisie,2026-08-29,20:00,PEC Zwolle,NEC Nijmegen,whoscored,1x2,2,2,,,,1.54,2026-08-27T18:45:34Z
2026-08-29|pec-zwolle|vs|nijmegen,Eredivisie,2026-08-29,20:00,PEC Zwolle,NEC Nijmegen,whoscored,over_under,Over,Over,,,,1.3,2026-08-27T18:45:34Z
2026-08-29|pec-zwolle|vs|nijmegen,Eredivisie,2026-08-29,20:00,PEC Zwolle,NEC Nijmegen,whoscored,btts,Yes,Yes,,,,,2026-08-27T18:45:34Z
2026-08-29|pec-zwolle|vs|nijmegen,Eredivisie,2026-08-29,20:00,PEC Zwolle,NEC Nijmegen,whoscored,correct_score,1 - 2,1 - 2,,,,5.9,2026-08-27T18:45:34Z
2026-08-28|rio-ave|vs|sporting-cp,Liga Portugal,2026-08-28,20:15,Rio Ave,Sporting CP,whoscored,1x2,2,2,,,,1.3,2026-08-27T18:45:34Z
2026-08-28|rio-ave|vs|sporting-cp,Liga Portugal,2026-08-28,20:15,Rio Ave,Sporting CP,whoscored,over_under,Under,Under,,,,2.4,2026-08-27T18:45:34Z
2026-08-28|rio-ave|vs|sporting-cp,Liga Portugal,2026-08-28,20:15,Rio Ave,Sporting CP,whoscored,btts,No,No,,,,,2026-08-27T18:45:34Z
2026-08-28|rio-ave|vs|sporting-cp,Liga Portugal,2026-08-28,20:15,Rio Ave,Sporting CP,whoscored,correct_score,0 - 2,0 - 2,,,,6.33,2026-08-27T18:45:34Z
2026-08-29|fc-alverca|vs|santa-clara,Liga Portugal,2026-08-29,15:30,Alverca,Santa Clara,whoscored,1x2,2,2,,,,2.62,2026-08-27T18:45:34Z
2026-08-29|fc-alverca|vs|santa-clara,Liga Portugal,2026-08-29,15:30,Alverca,Santa Clara,whoscored,over_under,Under,Under,,,,1.57,2026-08-27T18:45:34Z
2026-08-29|fc-alverca|vs|santa-clara,Liga Portugal,2026-08-29,15:30,Alverca,Santa Clara,whoscored,btts,No,No,,,,,2026-08-27T18:45:34Z
2026-08-29|fc-alverca|vs|santa-clara,Liga Portugal,2026-08-29,15:30,Alverca,Santa Clara,whoscored,correct_score,0 - 1,0 - 1,,,,7,2026-08-27T18:45:34Z
2026-08-29|fc-arouca|vs|mar-timo,Liga Portugal,2026-08-29,15:30,Arouca,Maritimo,whoscored,1x2,1,1,,,,2.1,2026-08-27T18:45:34Z
2026-08-29|fc-arouca|vs|mar-timo,Liga Portugal,2026-08-29,15:30,Arouca,Maritimo,whoscored,over_under,Over,Over,,,,2.05,2026-08-27T18:45:34Z
2026-08-29|fc-arouca|vs|mar-timo,Liga Portugal,2026-08-29,15:30,Arouca,Maritimo,whoscored,btts,Yes,Yes,,,,,2026-08-27T18:45:34Z
2026-08-29|fc-arouca|vs|mar-timo,Liga Portugal,2026-08-29,15:30,Arouca,Maritimo,whoscored,correct_score,2 - 1,2 - 1,,,,8.5,2026-08-27T18:45:34Z
2026-08-29|acad-mico-viseu|vs|porto,Liga Portugal,2026-08-29,18:00,Academico Viseu,FC Porto,whoscored,1x2,2,2,,,,1.3,2026-08-27T18:45:34Z
2026-08-29|acad-mico-viseu|vs|porto,Liga Portugal,2026-08-29,18:00,Academico Viseu,FC Porto,whoscored,over_under,Over,Over,,,,1.67,2026-08-27T18:45:34Z
2026-08-29|acad-mico-viseu|vs|porto,Liga Portugal,2026-08-29,18:00,Academico Viseu,FC Porto,whoscored,btts,No,No,,,,,2026-08-27T18:45:34Z
2026-08-29|acad-mico-viseu|vs|porto,Liga Portugal,2026-08-29,18:00,Academico Viseu,FC Porto,whoscored,correct_score,0 - 3,0 - 3,,,,7.5,2026-08-27T18:45:34Z
2026-08-30|sunderland|vs|fulham,Premier League,2026-08-30,14:00,Sunderland,Fulham,whoscored,1x2,1,1,,,,2.36,2026-08-28T19:07:41Z
2026-08-30|sunderland|vs|fulham,Premier League,2026-08-30,14:00,Sunderland,Fulham,whoscored,over_under,Over,Over,,,,1.94,2026-08-28T19:07:41Z
2026-08-30|sunderland|vs|fulham,Premier League,2026-08-30,14:00,Sunderland,Fulham,whoscored,btts,Yes,Yes,,,,,2026-08-28T19:07:41Z
2026-08-30|sunderland|vs|fulham,Premier League,2026-08-30,14:00,Sunderland,Fulham,whoscored,correct_score,2 - 1,2 - 1,,,,7.2,2026-08-28T19:07:41Z
2026-08-30|chelsea|vs|brighton,Premier League,2026-08-30,14:00,Chelsea,Brighton,whoscored,1x2,1,1,,,,1.76,2026-08-28T19:07:41Z
2026-08-30|chelsea|vs|brighton,Premier League,2026-08-30,14:00,Chelsea,Brighton,whoscored,over_under,Over,Over,,,,1.55,2026-08-28T19:07:41Z
2026-08-30|chelsea|vs|brighton,Premier League,2026-08-30,14:00,Chelsea,Brighton,whoscored,btts,Yes,Yes,,,,,2026-08-28T19:07:41Z
2026-08-30|chelsea|vs|brighton,Premier League,2026-08-30,14:00,Chelsea,Brighton,whoscored,correct_score,2 - 1,2 - 1,,,,6.5,2026-08-28T19:07:41Z
2026-08-30|manchester-united|vs|ipswich,Premier League,2026-08-30,16:30,Manchester United,Ipswich,whoscored,1x2,1,1,,,,1.39,2026-08-28T19:07:41Z
2026-08-30|manchester-united|vs|ipswich,Premier League,2026-08-30,16:30,Manchester United,Ipswich,whoscored,over_under,Under,Under,,,,2.18,2026-08-28T19:07:41Z
2026-08-30|manchester-united|vs|ipswich,Premier League,2026-08-30,16:30,Manchester United,Ipswich,whoscored,btts,No,No,,,,,2026-08-28T19:07:41Z
2026-08-30|manchester-united|vs|ipswich,Premier League,2026-08-30,16:30,Manchester United,Ipswich,whoscored,correct_score,2 - 0,2 - 0,,,,5.9,2026-08-28T19:07:41Z
2026-08-31|aston-villa|vs|arsenal,Premier League,2026-08-31,20:00,Aston Villa,Arsenal,whoscored,1x2,2,2,,,,1.46,2026-08-28T19:07:41Z
2026-08-31|aston-villa|vs|arsenal,Premier League,2026-08-31,20:00,Aston Villa,Arsenal,whoscored,over_under,Over,Over,,,,1.72,2026-08-28T19:07:41Z
2026-08-31|aston-villa|vs|arsenal,Premier League,2026-08-31,20:00,Aston Villa,Arsenal,whoscored,btts,Yes,Yes,,,,,2026-08-28T19:07:41Z
2026-08-31|aston-villa|vs|arsenal,Premier League,2026-08-31,20:00,Aston Villa,Arsenal,whoscored,correct_score,1 - 3,1 - 3,,,,9.5,2026-08-28T19:07:41Z
2026-08-30|real-madrid|vs|m-laga-cf,LaLiga,2026-08-30,16:00,Real Madrid,Malaga,whoscored,1x2,1,1,,,,1.08,2026-08-28T19:07:41Z
2026-08-30|real-madrid|vs|m-laga-cf,LaLiga,2026-08-30,16:00,Real Madrid,Malaga,whoscored,over_under,Under,Under,,,,3.05,2026-08-28T19:07:41Z
2026-08-30|real-madrid|vs|m-laga-cf,LaLiga,2026-08-30,16:00,Real Madrid,Malaga,whoscored,btts,No,No,,,,,2026-08-28T19:07:41Z
2026-08-30|real-madrid|vs|m-laga-cf,LaLiga,2026-08-30,16:00,Real Madrid,Malaga,whoscored,correct_score,2 - 0,2 - 0,,,,5.6,2026-08-28T19:07:41Z
2026-08-30|deportivo-la-coru-a|vs|valencia,LaLiga,2026-08-30,18:30,Deportivo de A Coruna,Valencia,whoscored,1x2,2,2,,,,,2026-08-28T19:07:41Z
2026-08-30|deportivo-la-coru-a|vs|valencia,LaLiga,2026-08-30,18:30,Deportivo de A Coruna,Valencia,whoscored,over_under,Over,Over,,,,,2026-08-28T19:07:41Z
2026-08-30|deportivo-la-coru-a|vs|valencia,LaLiga,2026-08-30,18:30,Deportivo de A Coruna,Valencia,whoscored,btts,Yes,Yes,,,,,2026-08-28T19:07:41Z
2026-08-30|deportivo-la-coru-a|vs|valencia,LaLiga,2026-08-30,18:30,Deportivo de A Coruna,Valencia,whoscored,correct_score,1 - 2,1 - 2,,,,,2026-08-28T19:07:41Z
2026-08-30|celta-vigo|vs|athletic-bilbao,LaLiga,2026-08-30,20:30,Celta Vigo,Athletic Club,whoscored,1x2,1,1,,,,2.3,2026-08-28T19:07:41Z
2026-08-30|celta-vigo|vs|athletic-bilbao,LaLiga,2026-08-30,20:30,Celta Vigo,Athletic Club,whoscored,over_under,Over,Over,,,,1.93,2026-08-28T19:07:41Z
2026-08-30|celta-vigo|vs|athletic-bilbao,LaLiga,2026-08-30,20:30,Celta Vigo,Athletic Club,whoscored,btts,Yes,Yes,,,,,2026-08-28T19:07:41Z
2026-08-30|celta-vigo|vs|athletic-bilbao,LaLiga,2026-08-30,20:30,Celta Vigo,Athletic Club,whoscored,correct_score,2 - 1,2 - 1,,,,7.1,2026-08-28T19:07:41Z
2026-08-31|osasuna|vs|getafe,LaLiga,2026-08-31,18:30,Osasuna,Getafe,whoscored,1x2,X,X,,,,2.79,2026-08-28T19:07:41Z
2026-08-31|osasuna|vs|getafe,LaLiga,2026-08-31,18:30,Osasuna,Getafe,whoscored,over_under,Under,Under,,,,1.34,2026-08-28T19:07:41Z
2026-08-31|osasuna|vs|getafe,LaLiga,2026-08-31,18:30,Osasuna,Getafe,whoscored,btts,Yes,Yes,,,,,2026-08-28T19:07:41Z
2026-08-31|osasuna|vs|getafe,LaLiga,2026-08-31,18:30,Osasuna,Getafe,whoscored,correct_score,1 - 1,1 - 1,,,,5,2026-08-28T19:07:41Z
2026-08-31|barcelona|vs|rayo-vallecano,LaLiga,2026-08-31,20:30,Barcelona,Rayo Vallecano,whoscored,1x2,1,1,,,,1.13,2026-08-28T19:07:41Z
2026-08-31|barcelona|vs|rayo-vallecano,LaLiga,2026-08-31,20:30,Barcelona,Rayo Vallecano,whoscored,over_under,Over,Over,,,,1.31,2026-08-28T19:07:41Z
2026-08-31|barcelona|vs|rayo-vallecano,LaLiga,2026-08-31,20:30,Barcelona,Rayo Vallecano,whoscored,btts,No,No,,,,,2026-08-28T19:07:41Z
2026-08-31|barcelona|vs|rayo-vallecano,LaLiga,2026-08-31,20:30,Barcelona,Rayo Vallecano,whoscored,correct_score,3 - 0,3 - 0,,,,6,2026-08-28T19:07:41Z
2026-08-29|union-berlin|vs|eintracht-frankfurt,Bundesliga,2026-08-29,14:30,Union Berlin,Eintracht Frankfurt,whoscored,1x2,X,X,,,,3.5,2026-08-28T19:07:41Z
2026-08-29|union-berlin|vs|eintracht-frankfurt,Bundesliga,2026-08-29,14:30,Union Berlin,Eintracht Frankfurt,whoscored,over_under,Under,Under,,,,2.15,2026-08-28T19:07:41Z
2026-08-29|union-berlin|vs|eintracht-frankfurt,Bundesliga,2026-08-29,14:30,Union Berlin,Eintracht Frankfurt,whoscored,btts,No,No,,,,,2026-08-28T19:07:41Z
2026-08-29|union-berlin|vs|eintracht-frankfurt,Bundesliga,2026-08-29,14:30,Union Berlin,Eintracht Frankfurt,whoscored,correct_score,0 - 0,0 - 0,,,,9,2026-08-28T19:07:41Z
2026-08-29|elversberg|vs|bayer-leverkusen,Bundesliga,2026-08-29,14:30,Elversberg,Bayer Leverkusen,whoscored,1x2,2,2,,,,1.53,2026-08-28T19:07:41Z
2026-08-29|elversberg|vs|bayer-leverkusen,Bundesliga,2026-08-29,14:30,Elversberg,Bayer Leverkusen,whoscored,over_under,Under,Under,,,,2.6,2026-08-28T19:07:41Z
2026-08-29|elversberg|vs|bayer-leverkusen,Bundesliga,2026-08-29,14:30,Elversberg,Bayer Leverkusen,whoscored,btts,No,No,,,,,2026-08-28T19:07:41Z
2026-08-29|elversberg|vs|bayer-leverkusen,Bundesliga,2026-08-29,14:30,Elversberg,Bayer Leverkusen,whoscored,correct_score,0 - 2,0 - 2,,,,7.8,2026-08-28T19:07:41Z
2026-08-29|fc-koln|vs|hoffenheim,Bundesliga,2026-08-29,14:30,FC Koln,Hoffenheim,whoscored,1x2,2,2,,,,2.15,2026-08-28T19:07:41Z
2026-08-29|fc-koln|vs|hoffenheim,Bundesliga,2026-08-29,14:30,FC Koln,Hoffenheim,whoscored,over_under,Over,Over,,,,1.45,2026-08-28T19:07:41Z
2026-08-29|fc-koln|vs|hoffenheim,Bundesliga,2026-08-29,14:30,FC Koln,Hoffenheim,whoscored,btts,Yes,Yes,,,,,2026-08-28T19:07:41Z
2026-08-29|fc-koln|vs|hoffenheim,Bundesliga,2026-08-29,14:30,FC Koln,Hoffenheim,whoscored,correct_score,1 - 2,1 - 2,,,,6.9,2026-08-28T19:07:41Z
2026-08-29|rb-leipzig|vs|borussia-m-gladbach,Bundesliga,2026-08-29,14:30,RB Leipzig,Borussia M.Gladbach,whoscored,1x2,1,1,,,,1.53,2026-08-28T19:07:41Z
2026-08-29|rb-leipzig|vs|borussia-m-gladbach,Bundesliga,2026-08-29,14:30,RB Leipzig,Borussia M.Gladbach,whoscored,over_under,Over,Over,,,,1.42,2026-08-28T19:07:41Z
2026-08-29|rb-leipzig|vs|borussia-m-gladbach,Bundesliga,2026-08-29,14:30,RB Leipzig,Borussia M.Gladbach,whoscored,btts,Yes,Yes,,,,,2026-08-28T19:07:41Z
2026-08-29|rb-leipzig|vs|borussia-m-gladbach,Bundesliga,2026-08-29,14:30,RB Leipzig,Borussia M.Gladbach,whoscored,correct_score,2 - 1,2 - 1,,,,6.4,2026-08-28T19:07:41Z
2026-08-29|mainz-05|vs|paderborn,Bundesliga,2026-08-29,14:30,Mainz 05,Paderborn,whoscored,1x2,1,1,,,,1.6,2026-08-28T19:07:41Z
2026-08-29|mainz-05|vs|paderborn,Bundesliga,2026-08-29,14:30,Mainz 05,Paderborn,whoscored,over_under,Under,Under,,,,2.17,2026-08-28T19:07:41Z
2026-08-29|mainz-05|vs|paderborn,Bundesliga,2026-08-29,14:30,Mainz 05,Paderborn,whoscored,btts,No,No,,,,,2026-08-28T19:07:41Z
2026-08-29|mainz-05|vs|paderborn,Bundesliga,2026-08-29,14:30,Mainz 05,Paderborn,whoscored,correct_score,2 - 0,2 - 0,,,,7.2,2026-08-28T19:07:41Z
2026-08-29|borussia-dortmund|vs|hamburger-sv,Bundesliga,2026-08-29,17:30,Borussia Dortmund,Hamburger SV,whoscored,1x2,1,1,,,,1.27,2026-08-28T19:07:41Z
2026-08-29|borussia-dortmund|vs|hamburger-sv,Bundesliga,2026-08-29,17:30,Borussia Dortmund,Hamburger SV,whoscored,over_under,Under,Under,,,,2.48,2026-08-28T19:07:41Z
2026-08-29|borussia-dortmund|vs|hamburger-sv,Bundesliga,2026-08-29,17:30,Borussia Dortmund,Hamburger SV,whoscored,btts,No,No,,,,,2026-08-28T19:07:41Z
2026-08-29|borussia-dortmund|vs|hamburger-sv,Bundesliga,2026-08-29,17:30,Borussia Dortmund,Hamburger SV,whoscored,correct_score,2 - 0,2 - 0,,,,5.8,2026-08-28T19:07:41Z
2026-08-30|freiburg|vs|werder-bremen,Bundesliga,2026-08-30,14:30,Freiburg,Werder Bremen,whoscored,1x2,X,X,,,,3.4,2026-08-28T19:07:41Z
2026-08-30|freiburg|vs|werder-bremen,Bundesliga,2026-08-30,14:30,Freiburg,Werder Bremen,whoscored,over_under,Under,Under,,,,2,2026-08-28T19:07:41Z
2026-08-30|freiburg|vs|werder-bremen,Bundesliga,2026-08-30,14:30,Freiburg,Werder Bremen,whoscored,btts,Yes,Yes,,,,,2026-08-28T19:07:41Z
2026-08-30|freiburg|vs|werder-bremen,Bundesliga,2026-08-30,14:30,Freiburg,Werder Bremen,whoscored,correct_score,1 - 1,1 - 1,,,,5.4,2026-08-28T19:07:41Z
2026-08-30|augsburg|vs|schalke-04,Bundesliga,2026-08-30,16:30,Augsburg,Schalke 04,whoscored,1x2,X,X,,,,3.4,2026-08-28T19:07:41Z
2026-08-30|augsburg|vs|schalke-04,Bundesliga,2026-08-30,16:30,Augsburg,Schalke 04,whoscored,over_under,Over,Over,,,,1.65,2026-08-28T19:07:41Z
2026-08-30|augsburg|vs|schalke-04,Bundesliga,2026-08-30,16:30,Augsburg,Schalke 04,whoscored,btts,Yes,Yes,,,,,2026-08-28T19:07:41Z
2026-08-30|augsburg|vs|schalke-04,Bundesliga,2026-08-30,16:30,Augsburg,Schalke 04,whoscored,correct_score,2 - 2,2 - 2,,,,9.3,2026-08-28T19:07:41Z
2026-08-30|paris-fc|vs|nice,Ligue 1,2026-08-30,14:00,Paris FC,Nice,whoscored,1x2,X,X,,,,3.25,2026-08-28T19:07:41Z
2026-08-30|paris-fc|vs|nice,Ligue 1,2026-08-30,14:00,Paris FC,Nice,whoscored,over_under,Under,Under,,,,1.75,2026-08-28T19:07:41Z
2026-08-30|paris-fc|vs|nice,Ligue 1,2026-08-30,14:00,Paris FC,Nice,whoscored,btts,Yes,Yes,,,,,2026-08-28T19:07:41Z
2026-08-30|paris-fc|vs|nice,Ligue 1,2026-08-30,14:00,Paris FC,Nice,whoscored,correct_score,1 - 1,1 - 1,,,,4.55,2026-08-28T19:07:41Z
2026-08-30|rennes|vs|le-mans,Ligue 1,2026-08-30,16:15,Rennes,Le Mans,whoscored,1x2,1,1,,,,1.4,2026-08-28T19:07:41Z
2026-08-30|rennes|vs|le-mans,Ligue 1,2026-08-30,16:15,Rennes,Le Mans,whoscored,over_under,Under,Under,,,,2.28,2026-08-28T19:07:41Z
2026-08-30|rennes|vs|le-mans,Ligue 1,2026-08-30,16:15,Rennes,Le Mans,whoscored,btts,No,No,,,,,2026-08-28T19:07:41Z
2026-08-30|rennes|vs|le-mans,Ligue 1,2026-08-30,16:15,Rennes,Le Mans,whoscored,correct_score,2 - 0,2 - 0,,,,6.2,2026-08-28T19:07:41Z
2026-08-30|monaco|vs|olympique-marseille,Ligue 1,2026-08-30,19:45,Monaco,Marseille,whoscored,1x2,X,X,,,,3.45,2026-08-28T19:07:41Z
2026-08-30|monaco|vs|olympique-marseille,Ligue 1,2026-08-30,19:45,Monaco,Marseille,whoscored,over_under,Over,Over,,,,1.52,2026-08-28T19:07:41Z
2026-08-30|monaco|vs|olympique-marseille,Ligue 1,2026-08-30,19:45,Monaco,Marseille,whoscored,btts,Yes,Yes,,,,,2026-08-28T19:07:41Z
2026-08-30|monaco|vs|olympique-marseille,Ligue 1,2026-08-30,19:45,Monaco,Marseille,whoscored,correct_score,2 - 2,2 - 2,,,,8.3,2026-08-28T19:07:41Z
2026-08-30|utrecht|vs|psv-eindhoven,Eredivisie,2026-08-30,11:15,FC Utrecht,PSV Eindhoven,whoscored,1x2,2,2,,,,1.54,2026-08-28T19:07:41Z
2026-08-30|utrecht|vs|psv-eindhoven,Eredivisie,2026-08-30,11:15,FC Utrecht,PSV Eindhoven,whoscored,over_under,Over,Over,,,,1.28,2026-08-28T19:07:41Z
2026-08-30|utrecht|vs|psv-eindhoven,Eredivisie,2026-08-30,11:15,FC Utrecht,PSV Eindhoven,whoscored,btts,Yes,Yes,,,,,2026-08-28T19:07:41Z
2026-08-30|utrecht|vs|psv-eindhoven,Eredivisie,2026-08-30,11:15,FC Utrecht,PSV Eindhoven,whoscored,correct_score,1 - 3,1 - 3,,,,6.9,2026-08-28T19:07:41Z
2026-08-30|feyenoord|vs|ado-den-haag,Eredivisie,2026-08-30,13:30,Feyenoord,ADO Den Haag,whoscored,1x2,1,1,,,,,2026-08-28T19:07:41Z
2026-08-30|feyenoord|vs|ado-den-haag,Eredivisie,2026-08-30,13:30,Feyenoord,ADO Den Haag,whoscored,over_under,Over,Over,,,,,2026-08-28T19:07:41Z
2026-08-30|feyenoord|vs|ado-den-haag,Eredivisie,2026-08-30,13:30,Feyenoord,ADO Den Haag,whoscored,btts,No,No,,,,,2026-08-28T19:07:41Z
2026-08-30|feyenoord|vs|ado-den-haag,Eredivisie,2026-08-30,13:30,Feyenoord,ADO Den Haag,whoscored,correct_score,3 - 0,3 - 0,,,,,2026-08-28T19:07:41Z
2026-08-30|willem-ii-tilburg|vs|heerenveen,Eredivisie,2026-08-30,13:30,Willem II,SC Heerenveen,whoscored,1x2,2,2,,,,1.64,2026-08-28T19:07:41Z
2026-08-30|willem-ii-tilburg|vs|heerenveen,Eredivisie,2026-08-30,13:30,Willem II,SC Heerenveen,whoscored,over_under,Over,Over,,,,1.32,2026-08-28T19:07:41Z
2026-08-30|willem-ii-tilburg|vs|heerenveen,Eredivisie,2026-08-30,13:30,Willem II,SC Heerenveen,whoscored,btts,Yes,Yes,,,,,2026-08-28T19:07:41Z
2026-08-30|willem-ii-tilburg|vs|heerenveen,Eredivisie,2026-08-30,13:30,Willem II,SC Heerenveen,whoscored,correct_score,1 - 2,1 - 2,,,,5.9,2026-08-28T19:07:41Z
2026-08-30|sc-telstar|vs|ajax,Eredivisie,2026-08-30,15:45,Telstar,Ajax,whoscored,1x2,2,2,,,,1.42,2026-08-28T19:07:41Z
2026-08-30|sc-telstar|vs|ajax,Eredivisie,2026-08-30,15:45,Telstar,Ajax,whoscored,over_under,Over,Over,,,,1.29,2026-08-28T19:07:41Z
2026-08-30|sc-telstar|vs|ajax,Eredivisie,2026-08-30,15:45,Telstar,Ajax,whoscored,btts,Yes,Yes,,,,,2026-08-28T19:07:41Z
2026-08-30|sc-telstar|vs|ajax,Eredivisie,2026-08-30,15:45,Telstar,Ajax,whoscored,correct_score,1 - 3,1 - 3,,,,7.3,2026-08-28T19:07:41Z
2026-08-30|cambuur|vs|twente,Eredivisie,2026-08-30,19:00,Cambuur,Twente,whoscored,1x2,2,2,,,,1.27,2026-08-28T19:07:41Z
2026-08-30|cambuur|vs|twente,Eredivisie,2026-08-30,19:00,Cambuur,Twente,whoscored,over_under,Over,Over,,,,1.31,2026-08-28T19:07:41Z
2026-08-30|cambuur|vs|twente,Eredivisie,2026-08-30,19:00,Cambuur,Twente,whoscored,btts,Yes,Yes,,,,,2026-08-28T19:07:41Z
2026-08-30|cambuur|vs|twente,Eredivisie,2026-08-30,19:00,Cambuur,Twente,whoscored,correct_score,1 - 3,1 - 3,,,,7,2026-08-28T19:07:41Z
2026-08-30|nacional-madeira|vs|estrela-amadora,Liga Portugal,2026-08-30,15:30,Nacional,Estrela da Amadora,whoscored,1x2,X,X,,,,3.2,2026-08-28T19:07:41Z
2026-08-30|nacional-madeira|vs|estrela-amadora,Liga Portugal,2026-08-30,15:30,Nacional,Estrela da Amadora,whoscored,over_under,Over,Over,,,,1.92,2026-08-28T19:07:41Z
2026-08-30|nacional-madeira|vs|estrela-amadora,Liga Portugal,2026-08-30,15:30,Nacional,Estrela da Amadora,whoscored,btts,Yes,Yes,,,,,2026-08-28T19:07:41Z
2026-08-30|nacional-madeira|vs|estrela-amadora,Liga Portugal,2026-08-30,15:30,Nacional,Estrela da Amadora,whoscored,correct_score,2 - 2,2 - 2,,,,13,2026-08-28T19:07:41Z
2026-08-30|casa-pia-ac|vs|moreirense-fc,Liga Portugal,2026-08-30,18:00,Casa Pia AC,Moreirense,whoscored,1x2,2,2,,,,3,2026-08-28T19:07:41Z
2026-08-30|casa-pia-ac|vs|moreirense-fc,Liga Portugal,2026-08-30,18:00,Casa Pia AC,Moreirense,whoscored,over_under,Over,Over,,,,2.4,2026-08-28T19:07:41Z
2026-08-30|casa-pia-ac|vs|moreirense-fc,Liga Portugal,2026-08-30,18:00,Casa Pia AC,Moreirense,whoscored,btts,Yes,Yes,,,,,2026-08-28T19:07:41Z
2026-08-30|casa-pia-ac|vs|moreirense-fc,Liga Portugal,2026-08-30,18:00,Casa Pia AC,Moreirense,whoscored,correct_score,1 - 2,1 - 2,,,,11,2026-08-28T19:07:41Z
2026-08-30|fc-famalic-o|vs|gil-vicente,Liga Portugal,2026-08-30,20:30,Famalicao,Gil Vicente,whoscored,1x2,2,2,,,,3.25,2026-08-28T19:07:41Z
2026-08-30|fc-famalic-o|vs|gil-vicente,Liga Portugal,2026-08-30,20:30,Famalicao,Gil Vicente,whoscored,over_under,Over,Over,,,,2.2,2026-08-28T19:07:41Z
2026-08-30|fc-famalic-o|vs|gil-vicente,Liga Portugal,2026-08-30,20:30,Famalicao,Gil Vicente,whoscored,btts,Yes,Yes,,,,,2026-08-28T19:07:41Z
2026-08-30|fc-famalic-o|vs|gil-vicente,Liga Portugal,2026-08-30,20:30,Famalicao,Gil Vicente,whoscored,correct_score,1 - 2,1 - 2,,,,11,2026-08-28T19:07:41Z
2026-08-30|napoli|vs|como,Serie A,2026-08-30,17:30,Napoli,Como,whoscored,1x2,X,X,,,,2.88,2026-08-30T04:22:03Z
2026-08-30|napoli|vs|como,Serie A,2026-08-30,17:30,Napoli,Como,whoscored,over_under,Under,Under,,,,1.55,2026-08-30T04:22:03Z
2026-08-30|napoli|vs|como,Serie A,2026-08-30,17:30,Napoli,Como,whoscored,btts,Yes,Yes,,,,,2026-08-30T04:22:03Z
2026-08-30|napoli|vs|como,Serie A,2026-08-30,17:30,Napoli,Como,whoscored,correct_score,1 - 1,1 - 1,,,,4.4,2026-08-30T04:22:03Z
2026-08-30|cagliari|vs|inter,Serie A,2026-08-30,19:45,Cagliari,Inter,whoscored,1x2,2,2,,,,1.39,2026-08-30T04:22:03Z
2026-08-30|cagliari|vs|inter,Serie A,2026-08-30,19:45,Cagliari,Inter,whoscored,over_under,Under,Under,,,,1.89,2026-08-30T04:22:03Z
2026-08-30|cagliari|vs|inter,Serie A,2026-08-30,19:45,Cagliari,Inter,whoscored,btts,No,No,,,,,2026-08-30T04:22:03Z
2026-08-30|cagliari|vs|inter,Serie A,2026-08-30,19:45,Cagliari,Inter,whoscored,correct_score,0 - 2,0 - 2,,,,5.1,2026-08-30T04:22:03Z
2026-08-30|lazio|vs|genoa,Serie A,2026-08-30,19:45,Lazio,Genoa,whoscored,1x2,1,1,,,,2.08,2026-08-30T04:22:03Z
2026-08-30|lazio|vs|genoa,Serie A,2026-08-30,19:45,Lazio,Genoa,whoscored,over_under,Over,Over,,,,2.35,2026-08-30T04:22:03Z
2026-08-30|lazio|vs|genoa,Serie A,2026-08-30,19:45,Lazio,Genoa,whoscored,btts,Yes,Yes,,,,,2026-08-30T04:22:03Z
2026-08-30|lazio|vs|genoa,Serie A,2026-08-30,19:45,Lazio,Genoa,whoscored,correct_score,2 - 1,2 - 1,,,,7.2,2026-08-30T04:22:03Z
2026-08-31|lecce|vs|roma,Serie A,2026-08-31,17:30,Lecce,Roma,whoscored,1x2,2,2,,,,1.4,2026-08-30T04:22:03Z
2026-08-31|lecce|vs|roma,Serie A,2026-08-31,17:30,Lecce,Roma,whoscored,over_under,Over,Over,,,,1.89,2026-08-30T04:22:03Z
2026-08-31|lecce|vs|roma,Serie A,2026-08-31,17:30,Lecce,Roma,whoscored,btts,No,No,,,,,2026-08-30T04:22:03Z
2026-08-31|lecce|vs|roma,Serie A,2026-08-31,17:30,Lecce,Roma,whoscored,correct_score,0 - 3,0 - 3,,,,7.4,2026-08-30T04:22:03Z
2026-08-31|atalanta|vs|bologna,Serie A,2026-08-31,19:45,Atalanta,Bologna,whoscored,1x2,1,1,,,,1.81,2026-08-30T04:22:03Z
2026-08-31|atalanta|vs|bologna,Serie A,2026-08-31,19:45,Atalanta,Bologna,whoscored,over_under,Over,Over,,,,1.79,2026-08-30T04:22:03Z
2026-08-31|atalanta|vs|bologna,Serie A,2026-08-31,19:45,Atalanta,Bologna,whoscored,btts,Yes,Yes,,,,,2026-08-30T04:22:03Z
2026-08-31|atalanta|vs|bologna,Serie A,2026-08-31,19:45,Atalanta,Bologna,whoscored,correct_score,2 - 1,2 - 1,,,,6.5,2026-08-30T04:22:03Z
2026-08-31|sl-benfica|vs|gd-estoril,Liga Portugal,2026-08-31,20:15,Benfica,Estoril,whoscored,1x2,1,1,,,,1.14,2026-08-30T04:22:03Z
2026-08-31|sl-benfica|vs|gd-estoril,Liga Portugal,2026-08-31,20:15,Benfica,Estoril,whoscored,over_under,Over,Over,,,,1.33,2026-08-30T04:22:03Z
2026-08-31|sl-benfica|vs|gd-estoril,Liga Portugal,2026-08-31,20:15,Benfica,Estoril,whoscored,btts,No,No,,,,,2026-08-30T04:22:03Z
2026-08-31|sl-benfica|vs|gd-estoril,Liga Portugal,2026-08-31,20:15,Benfica,Estoril,whoscored,correct_score,3 - 0,3 - 0,,,,6.66,2026-08-30T04:22:03Z
2026-08-31|sporting-braga|vs|vit-ria,Liga Portugal,2026-08-31,20:15,Braga,Vitoria de Guimaraes,whoscored,1x2,1,1,,,,1.64,2026-08-30T04:22:03Z
2026-08-31|sporting-braga|vs|vit-ria,Liga Portugal,2026-08-31,20:15,Braga,Vitoria de Guimaraes,whoscored,over_under,Under,Under,,,,1.83,2026-08-30T04:22:03Z
2026-08-31|sporting-braga|vs|vit-ria,Liga Portugal,2026-08-31,20:15,Braga,Vitoria de Guimaraes,whoscored,btts,No,No,,,,,2026-08-30T04:22:03Z
2026-08-31|sporting-braga|vs|vit-ria,Liga Portugal,2026-08-31,20:15,Braga,Vitoria de Guimaraes,whoscored,correct_score,2 - 0,2 - 0,,,,7.5,2026-08-30T04:22:03Z
2026-09-03|real-sociedad|vs|celta-vigo,LaLiga,2026-09-03,20:00,Real Sociedad,Celta Vigo,whoscored,1x2,X,X,,,,3.51,2026-09-03T16:27:27Z
2026-09-03|real-sociedad|vs|celta-vigo,LaLiga,2026-09-03,20:00,Real Sociedad,Celta Vigo,whoscored,over_under,Under,Under,,,,1.91,2026-09-03T16:27:27Z
2026-09-03|real-sociedad|vs|celta-vigo,LaLiga,2026-09-03,20:00,Real Sociedad,Celta Vigo,whoscored,btts,Yes,Yes,,,,,2026-09-03T16:27:27Z
2026-09-03|real-sociedad|vs|celta-vigo,LaLiga,2026-09-03,20:00,Real Sociedad,Celta Vigo,whoscored,correct_score,1 - 1,1 - 1,,,,5.5,2026-09-03T16:27:27Z
2026-09-03|toulouse|vs|lille,Ligue 1,2026-09-03,19:45,Toulouse,Lille,whoscored,1x2,2,2,,,,1.82,2026-09-03T16:27:27Z
2026-09-03|toulouse|vs|lille,Ligue 1,2026-09-03,19:45,Toulouse,Lille,whoscored,over_under,Over,Over,,,,1.77,2026-09-03T16:27:27Z
2026-09-03|toulouse|vs|lille,Ligue 1,2026-09-03,19:45,Toulouse,Lille,whoscored,btts,Yes,Yes,,,,,2026-09-03T16:27:27Z
2026-09-03|toulouse|vs|lille,Ligue 1,2026-09-03,19:45,Toulouse,Lille,whoscored,correct_score,1 - 3,1 - 3,,,,11,2026-09-03T16:27:27Z
2026-09-05|newcastle|vs|bournemouth,Premier League,2026-09-05,2026-09-05 11:30,Newcastle,Bournemouth,flashscore,1x2,X,X,,,,"Although Newcastle have impressed under Jaissle, Bournemouth have been unlucky in Rose’s first couple of games, so backing a draw could be a solid route to take.",2026-09-05T07:08:54Z
2026-09-05|brentford|vs|sunderland,Premier League,2026-09-05,2026-09-05 14:00,Brentford,Sunderland,flashscore,1x2,1,1,,,,"With strong trends in favour of Brentford’s attack, backing over 1.5 Brentford goals could prove fruitful.",2026-09-05T07:08:54Z
2026-09-05|brighton|vs|leeds-united,Premier League,2026-09-05,2026-09-05 14:00,Brighton,Leeds,flashscore,1x2,X,X,,,,"Despite recent H2H history, a draw and both teams to score looks a very viable combination here with both in good form.",2026-09-05T07:08:54Z
2026-09-05|brighton|vs|leeds-united,Premier League,2026-09-05,2026-09-05 14:00,Brighton,Leeds,flashscore,btts,Yes,Yes,,,,"Despite recent H2H history, a draw and both teams to score looks a very viable combination here with both in good form.",2026-09-05T07:08:54Z
2026-09-05|fulham|vs|crystal-palace,Premier League,2026-09-05,2026-09-05 14:00,Fulham,Crystal Palace,flashscore,over_under,Over,Over,,,,"For two sides struggling to adapt to life under new managers, backing both teams to score and over 2.5 goals could be the best approach to take.",2026-09-05T07:08:54Z
2026-09-05|fulham|vs|crystal-palace,Premier League,2026-09-05,2026-09-05 14:00,Fulham,Crystal Palace,flashscore,btts,Yes,Yes,,,,"For two sides struggling to adapt to life under new managers, backing both teams to score and over 2.5 goals could be the best approach to take.",2026-09-05T07:08:54Z
2026-09-05|manchester-city|vs|coventry,Premier League,2026-09-05,2026-09-05 14:00,Manchester City,Coventry,flashscore,over_under,Over,Over,,,,"Value will be hard to find here, so Haaland to score first and City to score over 3.5 goals looks worth a punt given Coventry’s poor start.",2026-09-05T07:08:54Z
2026-09-05|nottingham-forest|vs|tottenham,Premier League,2026-09-05,2026-09-05 14:00,Nottingham,Tottenham,flashscore,1x2,1,1,,,,"Tottenham look in even worse shape than when they lost both H2Hs last season, making a Nottingham Forest win and clean sheet an attractive pick.",2026-09-05T07:08:54Z
2026-09-06|everton|vs|manchester-united,Premier League,2026-09-06,2026-09-06 13:00,Everton,Manchester Utd,flashscore,1x2,1,1,,,,"United have been far from convincing on the road under Carrick, so the odds on an Everton win look an attractive prospect.",2026-09-05T07:08:54Z
2026-09-06|arsenal|vs|chelsea,Premier League,2026-09-06,2026-09-06 15:30,Arsenal,Chelsea,flashscore,1x2,1,1,,,,"Arsenal’s defence looks solid enough to deal with whatever Chelsea can throw at it, making Arsenal to win with a clean sheet a tempting selection.",2026-09-05T07:08:54Z
2026-09-05|athletic-bilbao|vs|atl-tico-madrid,LaLiga,2026-09-05,2026-09-05 14:15,Ath Bilbao,Atl. Madrid,flashscore,1x2,X,X,,,,"With Athletic beginning to find their feet under Terzić, backing a draw could be a good option here given their excellent recent H2H home record.",2026-09-05T07:08:54Z
2026-09-05|villarreal|vs|deportivo-la-coru-a,LaLiga,2026-09-05,2026-09-05 19:00,Villarreal,Dep. A Coruna,flashscore,1x2,X,X,,,,"With Villarreal winless and Deportivo in strong form to start the season, backing a draw could prove an enticing prospect.",2026-09-05T07:08:54Z
2026-09-06|valencia|vs|barcelona,LaLiga,2026-09-06,2026-09-06 14:15,Valencia,Barcelona,flashscore,1x2,2,2,,,,Valencia have shown little to suggest that they can prevent a Barcelona win by a 2+ goal margin here.,2026-09-05T07:08:54Z
2026-09-06|alaves|vs|osasuna,LaLiga,2026-09-06,2026-09-06 16:30,Alaves,Osasuna,flashscore,1x2,2,2,,,,"Given their H2H dominance, an Osasuna win is priced up very attractively here.",2026-09-05T07:08:54Z
2026-09-06|m-laga-cf|vs|levante,LaLiga,2026-09-06,2026-09-06 16:30,Malaga,Levante,flashscore,1x2,X,X,,,,"This could potentially be an important match in what is likely to be a difficult season for both sides, so backing a draw in this game could prove a shrewd choice.",2026-09-05T07:08:54Z
2026-09-06|espanyol|vs|sevilla,LaLiga,2026-09-06,2026-09-06 19:00,Espanyol,Sevilla,flashscore,over_under,Over,Over,,,,"It is hard not to envisage goals in this match, so both teams to score and over 2.5 goals could be a selection worth exploring.",2026-09-05T07:08:54Z
2026-09-06|espanyol|vs|sevilla,LaLiga,2026-09-06,2026-09-06 19:00,Espanyol,Sevilla,flashscore,btts,Yes,Yes,,,,"It is hard not to envisage goals in this match, so both teams to score and over 2.5 goals could be a selection worth exploring.",2026-09-05T07:08:54Z
2026-09-07|getafe|vs|celta-vigo,LaLiga,2026-09-07,2026-09-07 17:00,Getafe,Celta Vigo,flashscore,over_under,Under,Under,,,,"With both teams struggling in front of goal, backing under 1.5 goals looks like a strong approach.",2026-09-05T07:08:54Z
2026-09-07|elche|vs|real-sociedad,LaLiga,2026-09-07,2026-09-07 19:30,Elche,Real Sociedad,flashscore,1x2,2,2,,,,"With Elche struggling and introducing new players into their squad, Sociedad’s superb record in this fixture suggests backing the visitors to win could be the way to go.",2026-09-05T07:08:54Z
2026-09-05|bayer-leverkusen|vs|union-berlin,Bundesliga,2026-09-05,2026-09-05 13:30,Bayer Leverkusen,Union Berlin,flashscore,1x2,1,1,,,,"Given the hosts’ H2H dominance and their need for a response, a Leverkusen win while scoring over 2.5 goals in the process could be deemed likely.",2026-09-05T07:08:54Z
2026-09-05|bayer-leverkusen|vs|union-berlin,Bundesliga,2026-09-05,2026-09-05 13:30,Bayer Leverkusen,Union Berlin,flashscore,over_under,Over,Over,,,,"Given the hosts’ H2H dominance and their need for a response, a Leverkusen win while scoring over 2.5 goals in the process could be deemed likely.",2026-09-05T07:08:54Z
2026-09-05|b-monchengladbach|vs|elversberg,Bundesliga,2026-09-05,2026-09-05 13:30,B. Monchengladbach,Elversberg,flashscore,1x2,1,1,,,,"With the hosts in strong form on their own turf, a Gladbach win and over 2.5 goals combination is a strong option.",2026-09-05T07:08:54Z
2026-09-05|b-monchengladbach|vs|elversberg,Bundesliga,2026-09-05,2026-09-05 13:30,B. Monchengladbach,Elversberg,flashscore,over_under,Over,Over,,,,"With the hosts in strong form on their own turf, a Gladbach win and over 2.5 goals combination is a strong option.",2026-09-05T07:08:54Z
2026-09-05|hoffenheim|vs|borussia-dortmund,Bundesliga,2026-09-05,2026-09-05 13:30,Hoffenheim,Dortmund,flashscore,over_under,Over,Over,,,,"For two sides who generally have no issues finding the back of the net, over 2.5 goals seems likely.",2026-09-05T07:08:54Z
2026-09-05|paderborn|vs|freiburg,Bundesliga,2026-09-05,2026-09-05 13:30,Paderborn,Freiburg,flashscore,1x2,2,2,,,,"With Paderborn’s home record and Freiburg’s recent run of results on the road, backing both teams to score looks like a solid bet.",2026-09-05T07:08:54Z
2026-09-05|paderborn|vs|freiburg,Bundesliga,2026-09-05,2026-09-05 13:30,Paderborn,Freiburg,flashscore,btts,Yes,Yes,,,,"With Paderborn’s home record and Freiburg’s recent run of results on the road, backing both teams to score looks like a solid bet.",2026-09-05T07:08:54Z
2026-09-05|werder-bremen|vs|rb-leipzig,Bundesliga,2026-09-05,2026-09-05 13:30,Werder Bremen,RB Leipzig,flashscore,1x2,2,2,,,,"Given the entertaining nature of Leipzig’s recent matches, an away win with over 2.5 total goals seems very possible here.",2026-09-05T07:08:54Z
2026-09-05|schalke-04|vs|bayern-munich,Bundesliga,2026-09-05,2026-09-05 16:30,Schalke,Bayern Munich,flashscore,1x2,2,2,,,,"Containing the irresistible force of Bayern is not something easily done, so backing Bayern to win by a -2 handicap could prove a shrewd selection.",2026-09-05T07:08:54Z
2026-09-06|hamburger-sv|vs|mainz-05,Bundesliga,2026-09-06,2026-09-06 13:30,Hamburger SV,Mainz,flashscore,1x2,2,2,,,,"Hamburg concede goals at an alarming rate, and with Mainz proficient on the road, backing an away win seems the obvious route to take here.",2026-09-05T07:08:54Z
2026-09-06|eintracht-frankfurt|vs|augsburg,Bundesliga,2026-09-06,2026-09-06 15:30,Eintracht Frankfurt,Augsburg,flashscore,over_under,Over,Over,,,,"Given these sides have recently been involved in some entertaining games, over 2.5 goals seems a safe selection here.",2026-09-05T07:08:54Z
2026-09-05|fiorentina|vs|torino,Serie A,2026-09-05,2026-09-05 13:00,Fiorentina,Torino,flashscore,1x2,X,X,,,,Recent H2H results and the current struggles of both sides in Serie A make a draw seem highly possible here.,2026-09-05T07:08:54Z
2026-09-05|inter|vs|napoli,Serie A,2026-09-05,2026-09-05 16:00,Inter,Napoli,flashscore,1x2,X,X,,,,"After he broke the deadlock in both of Inter’s games this season, backing Hakan Çalhanoğlu to score the opening goal could be a smart approach.",2026-09-05T07:08:54Z
2026-09-05|roma|vs|atalanta,Serie A,2026-09-05,2026-09-05 18:45,AS Roma,Atalanta,flashscore,over_under,Under,Under,,,,The last seven H2Hs at this venue have each produced under 2.5 goals and that run may get extended this weekend.,2026-09-05T07:08:54Z
2026-09-06|frosinone|vs|venezia,Serie A,2026-09-06,2026-09-06 13:00,Frosinone,Venezia,flashscore,1x2,1,1,,,,"Given that the hosts have seemingly adapted much better on their top-flight return, backing Frosinone to win looks like a strong selection.",2026-09-05T07:08:54Z
2026-09-06|parma|vs|monza,Serie A,2026-09-06,2026-09-06 13:00,Parma,Monza,flashscore,btts,Yes,Yes,,,,"Given both sides’ desperation for a win, both teams to score seems like a fairly sensible punt here.",2026-09-05T07:08:54Z
2026-09-06|bologna|vs|sassuolo,Serie A,2026-09-06,2026-09-06 16:00,Bologna,Sassuolo,flashscore,1x2,X,X,,,,"Bologna’s form remains poor despite their recent H2H record, making a bet of Draw/Sassuolo in the double chance market a worthwhile consideration.",2026-09-05T07:08:54Z
2026-09-07|cagliari|vs|lecce,Serie A,2026-09-07,2026-09-07 16:30,Cagliari,Lecce,flashscore,over_under,Under,Under,,,,"Five of the last seven Serie A H2Hs have produced under 2.5 goals, and that looks a good option again here.",2026-09-05T07:08:54Z
2026-09-07|udinese|vs|lazio,Serie A,2026-09-07,2026-09-07 18:45,Udinese,Lazio,flashscore,over_under,Under,Under,,,,"With recent H2Hs proving tight and Lazio’s away games tending to follow a similar pattern, backing under 2.5 goals seems an attractive selection.",2026-09-05T07:08:54Z
2026-09-05|lens|vs|lorient,Ligue 1,2026-09-05,2026-09-05 15:15,Lens,Lorient,flashscore,1x2,1,1,,,,"With Lens so formidable at home, backing Lens/Lens in the half-time/full-time market could offer better value than simply backing them to win the game outright.",2026-09-05T07:08:54Z
2026-09-05|le-havre|vs|brest,Ligue 1,2026-09-05,2026-09-05 18:45,Le Havre,Brest,flashscore,1x2,X,X,,,,"Le Havre (ten) and Brest (13) are the two teams to have dropped the most points from winning positions in Ligue 1 in 2026 prior to the weekend, so backing a 1-1 draw catches the eye.",2026-09-05T07:08:54Z
2026-09-05|nice|vs|le-mans,Ligue 1,2026-09-05,2026-09-05 18:45,Nice,Le Mans,flashscore,btts,Yes,Yes,,,,"Nice will surely break their scoring duck against a brittle Le Mans defence, so both teams to score is plausible.",2026-09-05T07:08:54Z
2026-09-06|troyes|vs|strasbourg,Ligue 1,2026-09-06,2026-09-06 13:00,Troyes,Strasbourg,flashscore,1x2,1,1,,,,"With the hosts making a solid start to the season and Strasbourg still in a transitional period under a new manager, a small play on a Troyes win could be a good approach.",2026-09-05T07:08:54Z
2026-09-06|angers|vs|rennes,Ligue 1,2026-09-06,2026-09-06 15:15,Angers,Rennes,flashscore,1x2,2,2,,,,"While they may have struggled on the road recently, the visitors’ stellar H2H form makes a Rennes to win and over 2.5 goals combination an obvious selection.",2026-09-05T07:08:54Z
2026-09-06|angers|vs|rennes,Ligue 1,2026-09-06,2026-09-06 15:15,Angers,Rennes,flashscore,over_under,Over,Over,,,,"While they may have struggled on the road recently, the visitors’ stellar H2H form makes a Rennes to win and over 2.5 goals combination an obvious selection.",2026-09-05T07:08:54Z
2026-09-06|olympique-marseille|vs|paris-fc,Ligue 1,2026-09-06,2026-09-06 18:45,Marseille,Paris FC,flashscore,1x2,1,1,,,,"A resilient Paris could prove tricky to break down in spite of Marseille’s H2H superiority, so a home win and under 2.5 goals could be a worthwhile combination.",2026-09-05T07:08:54Z
2026-09-06|olympique-marseille|vs|paris-fc,Ligue 1,2026-09-06,2026-09-06 18:45,Marseille,Paris FC,flashscore,over_under,Under,Under,,,,"A resilient Paris could prove tricky to break down in spite of Marseille’s H2H superiority, so a home win and under 2.5 goals could be a worthwhile combination.",2026-09-05T07:08:54Z
2026-09-05|nijmegen|vs|feyenoord,Eredivisie,2026-09-05,2026-09-05 14:30,Nijmegen,Feyenoord,flashscore,1x2,X,X,,,,"Nijmegen welcome Feyenoord to their own ground for round five of the Eredivisie. Nijmegen enter this match as the outsider with a 34% chance of winning, while Feyenoord are considered the slight favourites two days before kickoff.Current Form - NijmegenNijmegen are seventh in the league with six points. In their three matches to date, they have recorded two wins and one loss, including a 3-1 away victory at Zwolle in their most recent league outing.Current Form - FeyenoordFeyenoord sits in third place in the league with eight points. They have two wins and two draws in their four matches to date, including a 2-2 draw at home against Den Haag in their last league match.Head-to-Head RecordIn their last five meetings, Nijmegen have a record of one win, three draws, and one loss. The two teams played out a 1-1 draw when they last met last season, with Nijmegen hosting the match. These fixtures have seen an average of 3.0 goals per meeting.Key Players to Watch and Missing PlayersTjarron Chery has three goals and one assist at an average rating of 8.2 for Nijmegen; all of his goals were scored in his last two matches, averaging 8.7 over that run, and he is joint first in the scoring charts. Kaj Sierhuis has two goals for Nijmegen. Deveron Fonville and Philippe Sandler are sidelined with injuries for Nijmegen.Ayase Ueda has three goals and one assist at an average rating of 7.5 for Feyenoord. Gjivai Zechiel has three goals and one assist at an average rating of 8.2 for Feyenoord, with all of them scored in his last three matches at an 8.2 average, including a brace.Key Numbers↔️ Nijmegen Yellow cards 5 vs Feyenoord Yellow cards 2Feyenoord➕ Total shots: 24.0 per match (best in the league, league average 15.0)➕ Touches in opposition box: 47.8 per match (2nd best, league average 28.5)➕ Expected goals conceded (xGA): 0.98 per match (3rd best, league average 1.76)Match NotesBryan Linssen now plays for Nijmegen after a spell at Feyenoord, where he recorded 22 goals in 64 appearances across two seasons.Betting InsightsBookmakers place a 70% chance on both teams scoring in this match. The over/under market sets the goal line at 2.5, assigning a 70% probability that the total exceeds that figure.Goals implied by the odds: 3.6These figures come from the pre-match odds two days before kickoff.This content was generated using AI.",2026-09-05T07:08:54Z
2026-09-05|nijmegen|vs|feyenoord,Eredivisie,2026-09-05,2026-09-05 14:30,Nijmegen,Feyenoord,flashscore,btts,Yes,Yes,,,,"Nijmegen welcome Feyenoord to their own ground for round five of the Eredivisie. Nijmegen enter this match as the outsider with a 34% chance of winning, while Feyenoord are considered the slight favourites two days before kickoff.Current Form - NijmegenNijmegen are seventh in the league with six points. In their three matches to date, they have recorded two wins and one loss, including a 3-1 away victory at Zwolle in their most recent league outing.Current Form - FeyenoordFeyenoord sits in third place in the league with eight points. They have two wins and two draws in their four matches to date, including a 2-2 draw at home against Den Haag in their last league match.Head-to-Head RecordIn their last five meetings, Nijmegen have a record of one win, three draws, and one loss. The two teams played out a 1-1 draw when they last met last season, with Nijmegen hosting the match. These fixtures have seen an average of 3.0 goals per meeting.Key Players to Watch and Missing PlayersTjarron Chery has three goals and one assist at an average rating of 8.2 for Nijmegen; all of his goals were scored in his last two matches, averaging 8.7 over that run, and he is joint first in the scoring charts. Kaj Sierhuis has two goals for Nijmegen. Deveron Fonville and Philippe Sandler are sidelined with injuries for Nijmegen.Ayase Ueda has three goals and one assist at an average rating of 7.5 for Feyenoord. Gjivai Zechiel has three goals and one assist at an average rating of 8.2 for Feyenoord, with all of them scored in his last three matches at an 8.2 average, including a brace.Key Numbers↔️ Nijmegen Yellow cards 5 vs Feyenoord Yellow cards 2Feyenoord➕ Total shots: 24.0 per match (best in the league, league average 15.0)➕ Touches in opposition box: 47.8 per match (2nd best, league average 28.5)➕ Expected goals conceded (xGA): 0.98 per match (3rd best, league average 1.76)Match NotesBryan Linssen now plays for Nijmegen after a spell at Feyenoord, where he recorded 22 goals in 64 appearances across two seasons.Betting InsightsBookmakers place a 70% chance on both teams scoring in this match. The over/under market sets the goal line at 2.5, assigning a 70% probability that the total exceeds that figure.Goals implied by the odds: 3.6These figures come from the pre-match odds two days before kickoff.This content was generated using AI.",2026-09-05T07:08:54Z
2026-09-05|utrecht|vs|go-ahead-eagles,Eredivisie,2026-09-05,2026-09-05 16:45,Utrecht,G.A. Eagles,flashscore,1x2,X,X,,,,"G.A. Eagles travel to face Utrecht for round five of the Eredivisie. Utrecht enters this match as the clear favourite with a 47% win probability based on betting odds issued two days before kickoff.Current Form - UtrechtUtrecht are 17th in the league with one point, having recorded one draw and three losses in their four matches to date. In their last league match, the team suffered a 1-6 loss at home against PSV.Current Form - G.A. EaglesG.A. Eagles are fifth in the league with seven points, recording two wins, one draw, and one loss in four matches. In their last league match, the team suffered a 2-5 loss away at AZ Alkmaar.Head-to-Head RecordUtrecht have registered one win, three draws, and one loss across their last five meetings with G.A. Eagles, which have produced an average of 3.8 goals per meeting. Utrecht won 2-0 at home when the two teams last met last season. Utrecht were unbeaten in their last four meetings against G.A. Eagles, the most recent of them last season, one win and three draws.Key Players to WatchUtrecht features Artem Stepanov, who has three goals at an average rating of 7.1, and Yoann Cathline, who has two assists. The team will be without Vesterlund Niklas, who has two assists this season, due to injury.G.A. Eagles features Soren Tengstedt, who has three goals and one assist at an average rating of 7.5 and is joint first in the scoring charts, alongside Victor Edvardsen, who has two goals and one assist. Mathis Suray has one goal and two assists at an average rating of 7.7.Key Numbers↔️ Utrecht Shots on target 3.5 per match vs G.A. Eagles Shots on target 6.2 per matchUtrecht➖ Total shots: 9.8 per match (3rd worst, league average 15.0)➖ Shots on target conceded: 8.2 per match (2nd worst, league average 5.3)➖ Yellow cards: 11 (most in the league, league average 4.5)G.A. Eagles➕ Shot accuracy: 45% (2nd best, league average 36%)ℹ️ Tackles: 10.2 per match (2nd fewest)Betting InsightsThe 2.5 goal line carries a 62% chance of being exceeded in this match. A 63% probability is assigned by the bookmakers to both teams scoring at least one goal.Goals implied by the odds: 3.2These figures come from the pre-match odds two days before kickoff.This content was generated using AI.",2026-09-05T07:08:54Z
2026-09-05|utrecht|vs|go-ahead-eagles,Eredivisie,2026-09-05,2026-09-05 16:45,Utrecht,G.A. Eagles,flashscore,btts,Yes,Yes,,,,"G.A. Eagles travel to face Utrecht for round five of the Eredivisie. Utrecht enters this match as the clear favourite with a 47% win probability based on betting odds issued two days before kickoff.Current Form - UtrechtUtrecht are 17th in the league with one point, having recorded one draw and three losses in their four matches to date. In their last league match, the team suffered a 1-6 loss at home against PSV.Current Form - G.A. EaglesG.A. Eagles are fifth in the league with seven points, recording two wins, one draw, and one loss in four matches. In their last league match, the team suffered a 2-5 loss away at AZ Alkmaar.Head-to-Head RecordUtrecht have registered one win, three draws, and one loss across their last five meetings with G.A. Eagles, which have produced an average of 3.8 goals per meeting. Utrecht won 2-0 at home when the two teams last met last season. Utrecht were unbeaten in their last four meetings against G.A. Eagles, the most recent of them last season, one win and three draws.Key Players to WatchUtrecht features Artem Stepanov, who has three goals at an average rating of 7.1, and Yoann Cathline, who has two assists. The team will be without Vesterlund Niklas, who has two assists this season, due to injury.G.A. Eagles features Soren Tengstedt, who has three goals and one assist at an average rating of 7.5 and is joint first in the scoring charts, alongside Victor Edvardsen, who has two goals and one assist. Mathis Suray has one goal and two assists at an average rating of 7.7.Key Numbers↔️ Utrecht Shots on target 3.5 per match vs G.A. Eagles Shots on target 6.2 per matchUtrecht➖ Total shots: 9.8 per match (3rd worst, league average 15.0)➖ Shots on target conceded: 8.2 per match (2nd worst, league average 5.3)➖ Yellow cards: 11 (most in the league, league average 4.5)G.A. Eagles➕ Shot accuracy: 45% (2nd best, league average 36%)ℹ️ Tackles: 10.2 per match (2nd fewest)Betting InsightsThe 2.5 goal line carries a 62% chance of being exceeded in this match. A 63% probability is assigned by the bookmakers to both teams scoring at least one goal.Goals implied by the odds: 3.2These figures come from the pre-match odds two days before kickoff.This content was generated using AI.",2026-09-05T07:08:54Z
2026-09-05|ajax|vs|psv-eindhoven,Eredivisie,2026-09-05,2026-09-05 18:00,Ajax,PSV,flashscore,1x2,X,X,,,,"PSV travel to the Johan Cruijff Arena to face Ajax for round five of the Eredivisie. Two days before kickoff, bookmakers view the sides as evenly matched, with winning probabilities of 36% for Ajax and 40% for PSV.Current Form - AjaxAjax are fourth in the league with seven points. In their three matches to date, they have two wins and one draw, including a 4-0 away win at Telstar in their last league match.Current Form - PSVPSV are second with 10 points. Through four matches, they have recorded three wins and one draw, and the team is on a three-match winning run. Their most recent outing was a 6-1 away win at Utrecht.Head-to-Head RecordMatches between Ajax and PSV have produced an average of 3.4 goals per meeting. In their last five matches, Ajax has recorded two wins and three draws. The most recent of these meetings ended as a 2-2 draw, with PSV playing away last season. Ajax were unbeaten in their last three meetings at home against PSV, the most recent of them last season, one win and two draws.Key Players to Watch and Missing PlayersFor Ajax, Steven Berghuis has one goal and two assists at an average rating of 7.8, while Mika Godts has contributed one assist.PSV’s Sergino Dest has two goals and two assists at an average rating of 8.3. Ivan Perisic has recorded two goals and one assist in his last two matches with an 8.3 average, including a brace. PSV will be without Alassane Plea due to an injury, and Ruben van Bommel, who has two goals and one assist this season, is also out due to an injury.Key Numbers↔️ Ajax Yellow cards 5 vs PSV Yellow cards 3PSV➕ Shots on target: 10.0 per match (best in the league, league average 5.4)➕ Through passes: 3.5 per match (best in the league, league average 1.4)➕ Expected goals conceded (xGA): 0.74 per match (2nd best, league average 1.76)Match NotesSergino Dest, who plays for PSV, came through the Ajax academy, where he made 23 appearances over two seasons.Betting InsightsBookmakers set the goal line at 2.5 with a 71% chance of going over, while the both-teams-to-score market carries a 71% probability.Goals implied by the odds: 3.7These figures come from the pre-match odds two days before kickoff.This content was generated using AI.",2026-09-05T07:08:54Z
2026-09-05|willem-ii-tilburg|vs|excelsior,Eredivisie,2026-09-05,2026-09-05 19:00,Willem II,Excelsior,flashscore,1x2,X,X,,,,"Willem II welcome Excelsior to the Koning Willem II Stadion for round five of the Eredivisie. Willem II enters this match as the outsider with a 33% winning probability one day before kickoff, while Excelsior is considered the slight favourite.Current Form - Willem IIWillem II are 15th in the league with one point. They have one draw and two losses in their three matches to date, including a 2-2 draw away at Heerenveen in their last league match.Current Form - ExcelsiorExcelsior are ninth in the league with six points. They have two wins and one loss in their three matches to date, most recently winning 2-1 at home against Sparta Rotterdam.Head-to-Head RecordWillem II have recorded one win, two draws, and two losses across their last five meetings with Excelsior. The two teams meet for the first time since April 2019, when they played out a 1-1 draw at Excelsior. These fixtures have seen an average of 2.8 goals per meeting.Key Players to WatchWillem II will feature Calvin Twigt, who has one assist at an average rating of 8.9, alongside Devin Haen, who has two goals.Excelsior will be represented by Irakli Yegoian, who has one goal and two assists at an average rating of 8.1, and Simon Janssen, who has two assists. Excelsior will be without Noah Naujoks, who has two goals this season, due to his status as the team's top scorer.Match NotesNathan Tjoe a On now plays for Willem II after coming through the Excelsior academy, where he made 55 appearances and scored one goal over three seasons.Betting InsightsBookmakers assign a 61% probability to both teams scoring in this match. The over 2.5 goals market suggests a 58% chance that more than 2.5 goals will be scored.Goals implied by the odds: 3.0These figures come from the pre-match odds a day before kickoff.This content was generated using AI.",2026-09-05T07:08:54Z
2026-09-05|willem-ii-tilburg|vs|excelsior,Eredivisie,2026-09-05,2026-09-05 19:00,Willem II,Excelsior,flashscore,over_under,Over,Over,,,,"Willem II welcome Excelsior to the Koning Willem II Stadion for round five of the Eredivisie. Willem II enters this match as the outsider with a 33% winning probability one day before kickoff, while Excelsior is considered the slight favourite.Current Form - Willem IIWillem II are 15th in the league with one point. They have one draw and two losses in their three matches to date, including a 2-2 draw away at Heerenveen in their last league match.Current Form - ExcelsiorExcelsior are ninth in the league with six points. They have two wins and one loss in their three matches to date, most recently winning 2-1 at home against Sparta Rotterdam.Head-to-Head RecordWillem II have recorded one win, two draws, and two losses across their last five meetings with Excelsior. The two teams meet for the first time since April 2019, when they played out a 1-1 draw at Excelsior. These fixtures have seen an average of 2.8 goals per meeting.Key Players to WatchWillem II will feature Calvin Twigt, who has one assist at an average rating of 8.9, alongside Devin Haen, who has two goals.Excelsior will be represented by Irakli Yegoian, who has one goal and two assists at an average rating of 8.1, and Simon Janssen, who has two assists. Excelsior will be without Noah Naujoks, who has two goals this season, due to his status as the team's top scorer.Match NotesNathan Tjoe a On now plays for Willem II after coming through the Excelsior academy, where he made 55 appearances and scored one goal over three seasons.Betting InsightsBookmakers assign a 61% probability to both teams scoring in this match. The over 2.5 goals market suggests a 58% chance that more than 2.5 goals will be scored.Goals implied by the odds: 3.0These figures come from the pre-match odds a day before kickoff.This content was generated using AI.",2026-09-05T07:08:54Z
2026-09-05|willem-ii-tilburg|vs|excelsior,Eredivisie,2026-09-05,2026-09-05 19:00,Willem II,Excelsior,flashscore,btts,Yes,Yes,,,,"Willem II welcome Excelsior to the Koning Willem II Stadion for round five of the Eredivisie. Willem II enters this match as the outsider with a 33% winning probability one day before kickoff, while Excelsior is considered the slight favourite.Current Form - Willem IIWillem II are 15th in the league with one point. They have one draw and two losses in their three matches to date, including a 2-2 draw away at Heerenveen in their last league match.Current Form - ExcelsiorExcelsior are ninth in the league with six points. They have two wins and one loss in their three matches to date, most recently winning 2-1 at home against Sparta Rotterdam.Head-to-Head RecordWillem II have recorded one win, two draws, and two losses across their last five meetings with Excelsior. The two teams meet for the first time since April 2019, when they played out a 1-1 draw at Excelsior. These fixtures have seen an average of 2.8 goals per meeting.Key Players to WatchWillem II will feature Calvin Twigt, who has one assist at an average rating of 8.9, alongside Devin Haen, who has two goals.Excelsior will be represented by Irakli Yegoian, who has one goal and two assists at an average rating of 8.1, and Simon Janssen, who has two assists. Excelsior will be without Noah Naujoks, who has two goals this season, due to his status as the team's top scorer.Match NotesNathan Tjoe a On now plays for Willem II after coming through the Excelsior academy, where he made 55 appearances and scored one goal over three seasons.Betting InsightsBookmakers assign a 61% probability to both teams scoring in this match. The over 2.5 goals market suggests a 58% chance that more than 2.5 goals will be scored.Goals implied by the odds: 3.0These figures come from the pre-match odds a day before kickoff.This content was generated using AI.",2026-09-05T07:08:54Z
2026-08-21|arsenal|vs|coventry,Premier League,2026-08-21,2026-08-21 19:00,Arsenal,Coventry,flashscore,1x2,1,1,,,,"Coventry could hardly have a tougher start to the campaign, so the best value could be found in backing Arsenal to win by 3+ goals.",2026-08-19T17:45:21Z
2026-08-22|hull|vs|manchester-united,Premier League,2026-08-22,2026-08-22 11:30,Hull,Manchester Utd,flashscore,1x2,1,1,,,,"With value hard to find, backing a United win with under 2.5 goals offers promise against a Hull side expected to struggle.",2026-08-19T17:45:21Z
2026-08-22|hull|vs|manchester-united,Premier League,2026-08-22,2026-08-22 11:30,Hull,Manchester Utd,flashscore,over_under,Under,Under,,,,"With value hard to find, backing a United win with under 2.5 goals offers promise against a Hull side expected to struggle.",2026-08-19T18:39:42Z
2026-08-22|ipswich|vs|sunderland,Premier League,2026-08-22,2026-08-22 14:00,Ipswich,Sunderland,flashscore,1x2,2,2,,,,"Continuing their habit from last season, Sunderland to win by one goal appears a smart pick.",2026-08-19T17:45:21Z
2026-08-22|brentford|vs|tottenham,Premier League,2026-08-22,2026-08-22 16:30,Brentford,Tottenham,flashscore,1x2,2,2,,,,Spurs’ tendency to start seasons strongly and their positive summer makes Tottenham to win an enticing selection at good odds.,2026-08-19T17:45:21Z
2026-08-19|atl-tico-madrid|vs|m-laga-cf,LaLiga,2026-08-19,2026-08-19 19:00,Atl. Madrid,Malaga,flashscore,1x2,1,1,,,,"Simeone should have Atlético Madrid firing for this season opener, so a home win to nil could add extra value.",2026-08-19T17:45:21Z
2026-08-21|real-betis|vs|real-sociedad,LaLiga,2026-08-21,2026-08-21 19:00,Betis,Real Sociedad,flashscore,1x2,1,1,,,,"The home side have scored eight goals across their last three encounters with Sociedad, so backing Betis to score 2+ goals seems an enticing prospect.",2026-08-19T17:45:21Z
2026-08-22|inter|vs|monza,Serie A,2026-08-22,2026-08-22 16:30,Inter,Monza,flashscore,1x2,1,1,,,,"With Monza’s recent goalscoring form (including friendlies), backing Inter to win and both teams to score might be something worth considering to eke out some value.",2026-08-19T17:45:21Z
2026-08-22|inter|vs|monza,Serie A,2026-08-22,2026-08-22 16:30,Inter,Monza,flashscore,btts,Yes,Yes,,,,"With Monza’s recent goalscoring form (including friendlies), backing Inter to win and both teams to score might be something worth considering to eke out some value.",2026-08-19T18:39:42Z
2026-08-21|olympique-marseille|vs|strasbourg,Ligue 1,2026-08-21,2026-08-21 18:45,Marseille,Strasbourg,flashscore,1x2,1,1,,,,"The hosts will be hard to beat at Stade Vélodrome, but there could be value in backing Marseille to win with both teams scoring.",2026-08-19T17:45:21Z
2026-08-21|olympique-marseille|vs|strasbourg,Ligue 1,2026-08-21,2026-08-21 18:45,Marseille,Strasbourg,flashscore,btts,Yes,Yes,,,,"The hosts will be hard to beat at Stade Vélodrome, but there could be value in backing Marseille to win with both teams scoring.",2026-08-19T18:39:42Z
2026-08-22|everton|vs|crystal-palace,Premier League,2026-08-22,2026-08-22 14:00,Everton,Crystal Palace,flashscore,btts,Yes,Yes,,,,"Palace are a huge unknown quantity this season, so backing the both teams to score trend to continue in Moyes’ games against the Eagles seems a sensible choice.",2026-08-19T18:39:42Z
2026-08-22|valencia|vs|celta-vigo,LaLiga,2026-08-22,2026-08-22 17:30,Valencia,Celta Vigo,flashscore,1x2,X,X,,,,"With precious little to separate these two sides, backing Draw/Draw in the half-time/full-time market looks an appealing selection.",2026-08-19T18:39:42Z
2026-08-22|udinese|vs|como,Serie A,2026-08-22,2026-08-22 16:30,Udinese,Como,flashscore,over_under,Under,Under,,,,"Given both sides' defensive solidity late last season and recent H2Hs, backing under 2.5 goals here would appear to be a strong selection.",2026-08-19T18:39:42Z
2026-08-22|lens|vs|auxerre,Ligue 1,2026-08-22,2026-08-22 15:15,Lens,Auxerre,flashscore,1x2,1,1,,,,The home side's stellar 2025/26 campaign and their early capturing of silverware this season make backing a Lens half-time/full-time win here hard to overlook.,2026-08-19T18:39:42Z
2026-08-22|le-mans|vs|brest,Ligue 1,2026-08-22,2026-08-22 18:45,Le Mans,Brest,flashscore,1x2,1,1,,,,"After excelling at home last season, there seems to be great value in backing a Le Mans win on opening weekend.",2026-08-19T18:39:42Z
2026-08-22|nice|vs|lorient,Ligue 1,2026-08-22,2026-08-22 18:45,Nice,Lorient,flashscore,1x2,2,2,,,,"With the potential for Nice’s hangover to carry over into the new season, backing a Lorient win here seems an informed pick.",2026-08-19T18:39:42Z
2026-08-23|brighton|vs|aston-villa,Premier League,2026-08-23,2026-08-23 13:00,Brighton,Aston Villa,flashscore,1x2,2,2,,,,"Villa have had Brighton’s card marked in recent seasons, so it’s possibly worth siding with the outsiders with an away win selection here.",2026-08-21T03:28:45Z
2026-08-23|manchester-city|vs|bournemouth,Premier League,2026-08-23,2026-08-23 13:00,Manchester City,Bournemouth,flashscore,1x2,1,1,,,,"Owing to their stunning home H2H record, backing Man City to win and score 3+ goals could be a smart play.",2026-08-21T03:28:45Z
2026-08-23|newcastle|vs|liverpool,Premier League,2026-08-23,2026-08-23 15:30,Newcastle,Liverpool,flashscore,btts,Yes,Yes,,,,"Neither side will be blamed for a cautious start here before trying to prove themselves, so betting on both teams to score after half-time seems wise.",2026-08-21T03:28:45Z
2026-08-22|espanyol|vs|real-madrid,LaLiga,2026-08-22,2026-08-22 19:30,Espanyol,Real Madrid,flashscore,1x2,X,X,,,,"Espanyol will sense an opportunity to make life difficult for Madrid here, and as they’re up and running already, backing the draw might be interesting.",2026-08-21T03:28:45Z
2026-08-23|atl-tico-madrid|vs|villarreal,LaLiga,2026-08-23,2026-08-23 15:00,Atl. Madrid,Villarreal,flashscore,1x2,X,X,,,,"The hosts have been slow home starters of late, so backing Draw/Atlético in the half-time/full-time market is a tempting option.",2026-08-21T03:28:45Z
2026-08-23|getafe|vs|racing-santander,LaLiga,2026-08-23,2026-08-23 17:30,Getafe,Racing Santander,flashscore,1x2,2,2,,,,"With Getafe in midweek European action, backing Racing to win at long odds is a tempting angle to explore.",2026-08-21T03:28:45Z
2026-08-22|genoa|vs|napoli,Serie A,2026-08-22,2026-08-22 18:45,Genoa,Napoli,flashscore,1x2,2,2,,,,Recent H2Hs suggest Napoli to win and both teams to score appears a likely combination.,2026-08-21T03:28:45Z
2026-08-22|genoa|vs|napoli,Serie A,2026-08-22,2026-08-22 18:45,Genoa,Napoli,flashscore,btts,Yes,Yes,,,,Recent H2Hs suggest Napoli to win and both teams to score appears a likely combination.,2026-08-21T03:28:45Z
2026-08-22|parma|vs|cagliari,Serie A,2026-08-22,2026-08-22 18:45,Parma,Cagliari,flashscore,1x2,X,X,,,,"This could be a slow start for both teams, so backing a draw at half-time may be an avenue worth exploring.",2026-08-21T03:28:45Z
2026-08-23|frosinone|vs|juventus,Serie A,2026-08-23,2026-08-23 16:30,Frosinone,Juventus,flashscore,1x2,2,2,,,,"Given the visitors’ elite record in season openers, backing a Juventus win to nil offers strong value.",2026-08-21T03:28:45Z
2026-08-23|venezia|vs|lecce,Serie A,2026-08-23,2026-08-23 16:30,Venezia,Lecce,flashscore,1x2,1,1,,,,"Carrying some tremendous home form into this season, Venezia to win appears to be a compelling selection.",2026-08-21T03:28:45Z
2026-08-23|atalanta|vs|sassuolo,Serie A,2026-08-23,2026-08-23 18:45,Atalanta,Sassuolo,flashscore,1x2,1,1,,,,"With Atalanta possessing much more quality on paper than Sassuolo, and their home games producing low scorelines of late, backing Atalanta to win with a clean sheet seems sensible.",2026-08-21T03:28:45Z
2026-08-22|toulouse|vs|lyon,Ligue 1,2026-08-22,2026-08-22 18:45,Toulouse,Lyon,flashscore,over_under,Over,Over,,,,"Given both sides’ recent competitive matches, the chances of this game producing over 2.5 goals seem fairly high.",2026-08-21T03:28:45Z
2026-08-22|troyes|vs|paris-fc,Ligue 1,2026-08-22,2026-08-22 18:45,Troyes,Paris FC,flashscore,over_under,Over,Over,,,,Troyes’ prolific scoring at home late last season and the last several games of Paris’ campaign suggest there’ll be over 2.5 goals in this match.,2026-08-21T03:28:45Z
2026-08-23|angers|vs|lille,Ligue 1,2026-08-23,2026-08-23 13:00,Angers,Lille,flashscore,1x2,2,2,,,,"It’s difficult to look beyond a Lille win, and with Angers struggling for goals here, backing an away win to nil could be a solid approach to finding extra value.",2026-08-21T03:28:45Z
2026-08-23|le-havre|vs|monaco,Ligue 1,2026-08-23,2026-08-23 15:15,Le Havre,Monaco,flashscore,over_under,Over,Over,,,,"Monaco are often involved in high-scoring games on the road, so both teams to score and over 2.5 goals seems plausible.",2026-08-21T03:28:45Z
2026-08-23|le-havre|vs|monaco,Ligue 1,2026-08-23,2026-08-23 15:15,Le Havre,Monaco,flashscore,btts,Yes,Yes,,,,"Monaco are often involved in high-scoring games on the road, so both teams to score and over 2.5 goals seems plausible.",2026-08-21T03:28:45Z
2026-08-23|psg|vs|rennes,Ligue 1,2026-08-23,2026-08-23 18:45,PSG,Rennes,flashscore,1x2,X,X,,,,"After the way Rennes ended the last campaign, the odds on Draw/Rennes in the double chance market suddenly look a whole lot more appealing.",2026-08-21T03:28:45Z
2026-08-24|fulham|vs|chelsea,Premier League,2026-08-24,2026-08-24 19:00,Fulham,Chelsea,flashscore,1x2,2,2,,,,"Fulham have undergone huge change over the summer, and with Alonso far more experienced than his counterpart, the odds on a Chelsea win look tempting.",2026-08-22T02:26:56Z
2026-08-23|elche|vs|barcelona,LaLiga,2026-08-23,2026-08-23 19:30,Elche,Barcelona,flashscore,1x2,2,2,,,,"Four of the last six H2Hs saw Barcelona win and both teams score, which looks like an avenue worth exploring once more.",2026-08-22T02:26:56Z
2026-08-24|osasuna|vs|levante,LaLiga,2026-08-24,2026-08-24 17:30,Osasuna,Levante,flashscore,1x2,2,2,,,,"Osasuna are overwhelming favourites here, but their woeful end to last season must make backing Levante in the double chance market tempting.",2026-08-22T02:26:56Z
2026-08-24|m-laga-cf|vs|deportivo-la-coru-a,LaLiga,2026-08-24,2026-08-24 19:30,Malaga,Dep. A Coruna,flashscore,over_under,Under,Under,,,,"The season-opening performances of both sides hinted at defensive solidity being their primary concern, so backing under 2.5 goals could be the best approach here.",2026-08-22T02:26:56Z
2026-08-23|torino|vs|milan,Serie A,2026-08-23,2026-08-23 18:45,Torino,AC Milan,flashscore,over_under,Over,Over,,,,"With this matchup producing plenty of entertainment recently, backing over 3.5 goals could be a smart move.",2026-08-22T02:26:56Z
2026-08-24|bologna|vs|lazio,Serie A,2026-08-24,2026-08-24 16:30,Bologna,Lazio,flashscore,1x2,2,2,,,,"Given Bologna’s home struggles last term and Lazio’s low-scoring affairs on the road, backing under 2.5 goals looks a strong option.",2026-08-22T02:26:56Z
2026-08-24|bologna|vs|lazio,Serie A,2026-08-24,2026-08-24 16:30,Bologna,Lazio,flashscore,over_under,Under,Under,,,,"Given Bologna’s home struggles last term and Lazio’s low-scoring affairs on the road, backing under 2.5 goals looks a strong option.",2026-08-22T02:26:56Z
2026-08-24|roma|vs|fiorentina,Serie A,2026-08-24,2026-08-24 18:45,AS Roma,Fiorentina,flashscore,1x2,1,1,,,,"It is difficult to make a compelling case against Roma’s imperious form here, so backing a home win to nil could provide value.",2026-08-22T02:26:56Z
2026-08-22|nottingham-forest|vs|leeds-united,Premier League,2026-08-22,2026-08-22 14:00,Nottingham,Leeds,flashscore,1x2,1,1,,,,"As this fixture has been kind to whichever side is hosting in recent years, backing Forest to win is an approach worth considering.",2026-08-22T02:50:16Z
2026-08-25|valencia|vs|real-betis,LaLiga,2026-08-25,2026-08-25 19:00,Valencia,Betis,flashscore,1x2,X,X,,,,"This is a game between two sides who have historically struggled for results in August, so backing a draw could be a smart choice.",2026-08-24T06:44:40Z
2026-08-26|real-madrid|vs|real-sociedad,LaLiga,2026-08-26,2026-08-26 19:00,Real Madrid,Real Sociedad,flashscore,1x2,X,X,,,,"Madrid are favourites here, but may take time to break Sociedad down, so backing Draw/Madrid in the Half-Time/Full-Time market is a possible option.",2026-08-25T09:41:38Z
2026-08-27|celta-vigo|vs|osasuna,LaLiga,2026-08-27,2026-08-27 18:30,Celta Vigo,Osasuna,flashscore,1x2,2,2,,,,"Given Celta’s quiet summer and poor recent record in this fixture, backing Osasuna to score first offers good value.",2026-08-25T09:41:38Z
2026-08-27|barcelona|vs|athletic-bilbao,LaLiga,2026-08-27,2026-08-27 19:00,Barcelona,Ath Bilbao,flashscore,1x2,1,1,,,,Barcelona’s strong home form coupled with Athletic’s H2H struggles suggests that backing a Barcelona win and over 2.5 goals could reap rewards here.,2026-08-25T09:41:38Z
2026-08-27|barcelona|vs|athletic-bilbao,LaLiga,2026-08-27,2026-08-27 19:00,Barcelona,Ath Bilbao,flashscore,over_under,Over,Over,,,,Barcelona’s strong home form coupled with Athletic’s H2H struggles suggests that backing a Barcelona win and over 2.5 goals could reap rewards here.,2026-08-25T09:41:38Z
2026-08-28|crystal-palace|vs|manchester-city,Premier League,2026-08-28,2026-08-28 19:00,Crystal Palace,Manchester City,flashscore,1x2,X,X,,,,"With neither side particularly impressing on matchday one, and both undergoing huge transitional periods, backing a draw seems a logical pick.",2026-08-27T18:49:19Z
2026-08-29|liverpool|vs|nottingham-forest,Premier League,2026-08-29,2026-08-29 11:30,Liverpool,Nottingham,flashscore,over_under,Over,Over,,,,"Both teams will be out to prove themselves, meaning a potential high-scoring affair is on the cards with both teams scoring and over 2.5 goals.",2026-08-27T18:49:19Z
2026-08-29|liverpool|vs|nottingham-forest,Premier League,2026-08-29,2026-08-29 11:30,Liverpool,Nottingham,flashscore,btts,Yes,Yes,,,,"Both teams will be out to prove themselves, meaning a potential high-scoring affair is on the cards with both teams scoring and over 2.5 goals.",2026-08-27T18:49:19Z
2026-08-29|bournemouth|vs|everton,Premier League,2026-08-29,2026-08-29 14:00,Bournemouth,Everton,flashscore,1x2,X,X,,,,"Bournemouth are hard to beat at home but Everton will be confident following last season’s success here, so backing the draw is an approach worth considering.",2026-08-27T18:49:19Z
2026-08-29|coventry|vs|hull,Premier League,2026-08-29,2026-08-29 14:00,Coventry,Hull,flashscore,1x2,X,X,,,,"Both H2Hs last season ended goalless, so another draw here would not come as a huge surprise.",2026-08-27T18:49:19Z
2026-08-29|tottenham|vs|newcastle,Premier League,2026-08-29,2026-08-29 16:30,Tottenham,Newcastle,flashscore,1x2,2,2,,,,"Given their recent H2H dominance, a Newcastle win is priced up very nicely here.",2026-08-27T18:49:19Z
2026-08-30|chelsea|vs|brighton,Premier League,2026-08-30,2026-08-30 13:00,Chelsea,Brighton,flashscore,btts,Yes,Yes,,,,"With both sides looking strong in their opening matches, picking a winner looks tricky, so backing both teams to score may be a more sensible approach to take here.",2026-08-27T18:49:19Z
2026-08-30|leeds-united|vs|brentford,Premier League,2026-08-30,2026-08-30 13:00,Leeds,Brentford,flashscore,btts,Yes,Yes,,,,"With strong trends pointing towards plenty of action here, backing both teams to score looks to be the shrewd choice.",2026-08-27T18:49:19Z
2026-08-30|sunderland|vs|fulham,Premier League,2026-08-30,2026-08-30 13:00,Sunderland,Fulham,flashscore,over_under,Over,Over,,,,"Given this pair’s opening games of the season, over 2.5 goals appears a smart pick here.",2026-08-27T18:49:19Z
2026-08-30|manchester-united|vs|ipswich,Premier League,2026-08-30,2026-08-30 15:30,Manchester Utd,Ipswich,flashscore,over_under,Over,Over,,,,"In an effort to find value, following recent trends with a United win, both teams to score and over 2.5 goals combination makes plenty of sense here.",2026-08-27T18:49:19Z
2026-08-30|manchester-united|vs|ipswich,Premier League,2026-08-30,2026-08-30 15:30,Manchester Utd,Ipswich,flashscore,btts,Yes,Yes,,,,"In an effort to find value, following recent trends with a United win, both teams to score and over 2.5 goals combination makes plenty of sense here.",2026-08-27T18:49:19Z
2026-08-28|racing-santander|vs|elche,LaLiga,2026-08-28,2026-08-28 17:00,Racing Santander,Elche,flashscore,1x2,1,1,,,,"After winning their last two H2H home games, betting on Racing Santander to win is an enticing option.",2026-08-27T18:49:19Z
2026-08-29|levante|vs|real-betis,LaLiga,2026-08-29,2026-08-29 15:00,Levante,Betis,flashscore,1x2,2,2,,,,"The visitors’ defensive solidity in the early stages of this campaign is difficult to overlook, so backing Real Betis to win with a clean sheet seems a logical choice.",2026-08-27T18:49:19Z
2026-08-29|real-sociedad|vs|espanyol,LaLiga,2026-08-29,2026-08-29 17:00,Real Sociedad,Espanyol,flashscore,1x2,X,X,,,,Espanyol could buck the H2H form here and provide significant value in backing Draw/Espanyol in the double chance market.,2026-08-27T18:49:19Z
2026-08-29|sevilla|vs|atl-tico-madrid,LaLiga,2026-08-29,2026-08-29 19:30,Sevilla,Atl. Madrid,flashscore,1x2,1,1,,,,A Sevilla win looks to be priced up generously given their start to the season and Atlético’s concerns on the road.,2026-08-27T18:49:19Z
2026-08-30|real-madrid|vs|m-laga-cf,LaLiga,2026-08-30,2026-08-30 15:00,Real Madrid,Malaga,flashscore,over_under,Under,Under,,,,Málaga have shown enough defensively of late to suggest that backing under 2.5 goals at big odds could be a risk worth taking.,2026-08-27T18:49:19Z
2026-08-29|elversberg|vs|bayer-leverkusen,Bundesliga,2026-08-29,2026-08-29 13:30,Elversberg,Bayer Leverkusen,flashscore,1x2,1,1,,,,"A huge day awaits all connected to Elversberg, so we’re backing them to continue their scoring momentum and contribute to a game which may well see both teams score and over 2.5 goals.",2026-08-27T18:49:19Z
2026-08-29|elversberg|vs|bayer-leverkusen,Bundesliga,2026-08-29,2026-08-29 13:30,Elversberg,Bayer Leverkusen,flashscore,over_under,Over,Over,,,,"A huge day awaits all connected to Elversberg, so we’re backing them to continue their scoring momentum and contribute to a game which may well see both teams score and over 2.5 goals.",2026-08-27T18:49:19Z
2026-08-29|mainz-05|vs|paderborn,Bundesliga,2026-08-29,2026-08-29 13:30,Mainz,Paderborn,flashscore,1x2,1,1,,,,"They may have struggled at home last term, but their H2H dominance means backing Mainz to win here still represents the most likely outcome.",2026-08-27T18:49:19Z
2026-08-29|borussia-dortmund|vs|hamburger-sv,Bundesliga,2026-08-29,2026-08-29 16:30,Dortmund,Hamburger SV,flashscore,1x2,1,1,,,,"With Dortmund’s dominance in this fixture and Hamburg’s defensive problems, backing Dortmund to win without conceding looks like a sensible approach.",2026-08-27T18:49:19Z
2026-08-30|freiburg|vs|werder-bremen,Bundesliga,2026-08-30,2026-08-30 13:30,Freiburg,Werder Bremen,flashscore,1x2,1,1,,,,Freiburg’s excellent recent form and Bremen’s habit of starting poorly makes backing Freiburg to win look like a solid choice.,2026-08-27T18:49:19Z
2026-08-30|augsburg|vs|schalke-04,Bundesliga,2026-08-30,2026-08-30 15:30,Augsburg,Schalke,flashscore,over_under,Under,Under,,,,"As the joint lowest-scoring second-tier champions with 50 goals, Schalke could stifle their hosts into a game with under 2.5 goals.",2026-08-27T18:49:19Z
2026-08-28|milan|vs|venezia,Serie A,2026-08-28,2026-08-28 18:45,AC Milan,Venezia,flashscore,1x2,1,1,,,,"With Milan striking both of their opening-day goals after the break and Venezia conceding twice in the same period, backing Milan to win the second half looks an appealing angle.",2026-08-27T18:49:19Z
2026-08-29|fiorentina|vs|frosinone,Serie A,2026-08-29,2026-08-29 16:30,Fiorentina,Frosinone,flashscore,1x2,1,1,,,,"Smarting from their matchday one defeat, Fiorentina could come out fighting, making a Fiorentina/Fiorentina pick in the half-time/full-time market a tempting choice.",2026-08-27T18:49:19Z
2026-08-29|monza|vs|udinese,Serie A,2026-08-29,2026-08-29 16:30,Monza,Udinese,flashscore,1x2,X,X,,,,"With three of the last five Serie A H2Hs ending all square, backing a draw offers strong value.",2026-08-27T18:49:19Z
2026-08-29|sassuolo|vs|torino,Serie A,2026-08-29,2026-08-29 16:30,Sassuolo,Torino,flashscore,1x2,X,X,,,,The H2H history and the indifferent form of both teams identify a draw as a good option to back.,2026-08-27T18:49:19Z
2026-08-29|juventus|vs|parma,Serie A,2026-08-29,2026-08-29 18:45,Juventus,Parma,flashscore,1x2,1,1,,,,"With Juventus boasting a formidable home record against Parma and having scored in all 28 of those historical encounters in Serie A, backing Juventus to win to nil here seems logical.",2026-08-27T18:49:19Z
2026-08-28|lille|vs|psg,Ligue 1,2026-08-28,2026-08-28 18:45,Lille,PSG,flashscore,1x2,2,2,,,,"It’s hard to envisage PSG’s mini-slump lasting much longer, so PSG to win and both teams to score could offer best value here.",2026-08-27T18:49:19Z
2026-08-28|lille|vs|psg,Ligue 1,2026-08-28,2026-08-28 18:45,Lille,PSG,flashscore,btts,Yes,Yes,,,,"It’s hard to envisage PSG’s mini-slump lasting much longer, so PSG to win and both teams to score could offer best value here.",2026-08-27T18:49:19Z
2026-08-29|strasbourg|vs|lens,Ligue 1,2026-08-29,2026-08-29 15:15,Strasbourg,Lens,flashscore,1x2,2,2,,,,Lens to win looks to be good value based on the opening round performances of both teams.,2026-08-27T18:49:19Z
2026-08-29|auxerre|vs|angers,Ligue 1,2026-08-29,2026-08-29 18:45,Auxerre,Angers,flashscore,1x2,1,1,,,,"Given the rate at which Auxerre are scoring at present, backing over 2.5 goals seems to be the obvious route to take.",2026-08-27T18:49:19Z
2026-08-29|auxerre|vs|angers,Ligue 1,2026-08-29,2026-08-29 18:45,Auxerre,Angers,flashscore,over_under,Over,Over,,,,"Given the rate at which Auxerre are scoring at present, backing over 2.5 goals seems to be the obvious route to take.",2026-08-27T18:49:19Z
2026-08-29|lorient|vs|troyes,Ligue 1,2026-08-29,2026-08-29 18:45,Lorient,Troyes,flashscore,1x2,X,X,,,,"With Lorient’s recent struggles and Troyes’ dreadful away record at this level, backing another goalless draw could be the way to go.",2026-08-27T18:49:19Z
2026-08-29|lyon|vs|le-havre,Ligue 1,2026-08-29,2026-08-29 18:45,Lyon,Le Havre,flashscore,over_under,Over,Over,,,,"With Lyon seeking a reaction to their European exit and their recent home games featuring plenty of entertainment, backing over 3.5 goals could be a smart move.",2026-08-27T18:49:19Z
2026-08-30|paris-fc|vs|nice,Ligue 1,2026-08-30,2026-08-30 13:00,Paris FC,Nice,flashscore,1x2,X,X,,,,"Neither team will want to chase the game, so a tense start may be on the cards here, leading to a draw at half-time being a wise bet.",2026-08-27T18:49:19Z
2026-08-30|rennes|vs|le-mans,Ligue 1,2026-08-30,2026-08-30 15:15,Rennes,Le Mans,flashscore,1x2,X,X,,,,"Le Mans proved hard to beat on the road last season, and the grit they showed on opening day makes Draw/Le Mans in the double chance market worth considering.",2026-08-27T18:49:19Z
2026-08-28|groningen|vs|sittard,Eredivisie,2026-08-28,2026-08-28 18:00,Groningen,Sittard,flashscore,1x2,X,X,,,,"Groningen welcome Sittard on home soil for round four of the Eredivisie. Groningen enters this meeting as the clear favourite with a 63% probability of winning, compared to the 17% chance held by Sittard two days before kickoff.Current Form - GroningenGroningen sit fifth in the league with six points. The team recorded a 1-5 loss away at PSV in their last league match and holds a record of two wins and one loss in three matches to date.Current Form - SittardSittard are eighth in the league with four points. They suffered a 0-2 loss away at AZ Alkmaar in their last league match and hold a record of one win, one draw, and one loss in three matches to date.Head-to-Head RecordAn average of 2.4 goals per meeting have been scored across the last five matches between Groningen and Sittard. Over these fixtures, Groningen has recorded two wins and three losses. In their most recent encounter last season, Sittard won 2-1 away.Key Players to Watch and Missing PlayersThom van Bergen has recorded two goals and two assists at an average rating of 8.1 for Groningen, while Brynjolfur Willumsson has contributed three goals and stands third of 106 in the league scoring rankings. Groningen will be without Marco Rente, who is sidelined with an injury.Mattijs Branderhorst has earned an average rating of 7.9 for Sittard, and Ivo Pinto has contributed one assist. Sittard will be without Ole Romeny, who is out due to a red card after scoring one goal this season.Key Numbers↔️ Groningen Big chances 4.7 per match vs Sittard Big chances conceded 4.7 per matchGroningen➕ Shot accuracy: 58% (best in the league, league average 35%)➖ Shots on target conceded: 7.7 per match (3rd worst, league average 5.4)Sittard➖ Total shots: 9.7 per match (2nd worst, league average 15.5)➖ Touches in opposition box: 13.3 per match (worst in the league, league average 30.3)➖ Expected goals conceded (xGA): 3.20 per match (worst in the league, league average 1.84)Betting InsightsBookmakers set the 2.5 goal line with a 66% chance of the total going over, while the both-teams-to-score market carries a 61% chance of both sides netting.Goals implied by the odds: 3.4These figures come from the pre-match odds two days before kickoff.This content was generated using AI.",2026-08-27T18:49:19Z
2026-08-30|deportivo-la-coru-a|vs|valencia,LaLiga,2026-08-30,2026-08-30 17:30,Dep. A Coruna,Valencia,flashscore,1x2,2,2,,,,"Scoring first in a Deportivo game doesn’t guarantee success, and given Valencia’s solid H2H record, backing Valencia to win from behind could be a long shot worth looking at.",2026-08-28T19:14:44Z
2026-08-30|celta-vigo|vs|athletic-bilbao,LaLiga,2026-08-30,2026-08-30 19:30,Celta Vigo,Ath Bilbao,flashscore,1x2,1,1,,,,Athletic’s miserable form on the road makes backing a Celta win an obvious selection here.,2026-08-28T19:14:44Z
2026-08-31|osasuna|vs|getafe,LaLiga,2026-08-31,2026-08-31 17:30,Osasuna,Getafe,flashscore,1x2,1,1,,,,"With Getafe struggling to balance the commitments of being in two competitions, an Osasuna win looks well priced against tired legs.",2026-08-28T19:14:44Z
2026-08-31|barcelona|vs|rayo-vallecano,LaLiga,2026-08-31,2026-08-31 19:30,Barcelona,Rayo Vallecano,flashscore,1x2,1,1,,,,"Everything points to the hosts here, so Barcelona to win both halves may be a route to value.",2026-08-28T19:14:44Z
2026-08-30|napoli|vs|como,Serie A,2026-08-30,2026-08-30 16:30,Napoli,Como,flashscore,over_under,Under,Under,,,,"With two tight defensive units on display, under 2.5 goals looks to be a promising pick.",2026-08-28T19:14:44Z
2026-08-30|cagliari|vs|inter,Serie A,2026-08-30,2026-08-30 18:45,Cagliari,Inter,flashscore,1x2,2,2,,,,"Looking at the history of this fixture, backing Inter to win and over 2.5 match goals looks a pragmatic choice.",2026-08-28T19:14:44Z
2026-08-30|lazio|vs|genoa,Serie A,2026-08-30,2026-08-30 18:45,Lazio,Genoa,flashscore,1x2,2,2,,,,Lazio’s off-field issues mean Genoa to win carries more opportunity than it typically would in this fixture.,2026-08-28T19:14:44Z
2026-08-31|lecce|vs|roma,Serie A,2026-08-31,2026-08-31 16:30,Lecce,AS Roma,flashscore,1x2,2,2,,,,"Lecce may be on a solid run, but the visitors’ record on this ground is difficult to overlook, so backing Roma to win without conceding could be the way to go.",2026-08-28T19:14:44Z
2026-08-31|atalanta|vs|bologna,Serie A,2026-08-31,2026-08-31 18:45,Atalanta,Bologna,flashscore,1x2,X,X,,,,"If Bologna can take advantage of their extra preparation time to stifle Atalanta here, backing the draw could be a route to value.",2026-08-28T19:14:44Z
2026-08-30|monaco|vs|olympique-marseille,Ligue 1,2026-08-30,2026-08-30 18:45,Monaco,Marseille,flashscore,1x2,X,X,,,,"Monaco may have the upper hand in the recent H2Hs, but with Marseille looking strong in their opener, backing the draw here could be sensible.",2026-08-28T19:14:44Z
2026-08-29|excelsior|vs|sparta-rotterdam,Eredivisie,2026-08-29,2026-08-29 14:30,Excelsior,Sparta Rotterdam,flashscore,1x2,X,X,,,,"Sparta Rotterdam travel to face Excelsior for round four of the Eredivisie. Bookmakers view the two sides as evenly matched two days before kickoff, with winning probabilities of 40% and 35% respectively.Current Form - ExcelsiorExcelsior are in 10th place with three points. They have one win and one loss in their two matches to date, including a 1-2 home loss to PSV in their last league match.Current Form - Sparta RotterdamSparta Rotterdam are seventh in the league with four points. With one win, one draw, and one loss in their three matches to date, they head into this meeting following a 3-3 home draw against Utrecht.Head-to-Head RecordIn their last five meetings, Excelsior have recorded two wins and three losses, with an average of 4.0 goals per meeting. Most recently, Excelsior won 3-2 away against Sparta Rotterdam last season.Key Players to Watch and Missing PlayersIrakli Yegoian has contributed one goal and two assists at an average rating of 8.0 for Excelsior, while Noah Naujoks has provided two goals. Excelsior will be without David Garden, who is sidelined with an injury.Bas Kuipers has provided two assists at an average rating of 7.7 for Sparta Rotterdam, while Marvin Young has contributed two goals. Shunsuke Mito has contributed two assists for the team. Regarding individual performance, Bas Kuipers averages 2.00 shots on target per game, compared to 1.50 for Irakli Yegoian.Key Numbers↔️ Excelsior Errors leading to goal 0 vs Sparta Rotterdam Errors leading to goal 2Sparta Rotterdam➖ Errors leading to shot: 1.33 per match (3rd worst, league average 0.63)ℹ️ Tackle success rate: 44% (fewest in the league)Match NotesRick Meissen joined Excelsior from Sparta Rotterdam, where he made 46 appearances across three seasons before leaving two seasons ago. Julian Baas now plays for Sparta Rotterdam after coming through the Excelsior academy, having scored 12 goals in 144 appearances over four seasons.Betting InsightsBookmakers offer a 63% probability that both teams find the net. The over/under market sets a 2.5 goal line, with the odds suggesting a 61% chance of exceeding that total.Goals implied by the odds: 3.2These figures come from the pre-match odds two days before kickoff.This content was generated using AI.",2026-08-28T19:14:44Z
2026-08-29|az-alkmaar|vs|go-ahead-eagles,Eredivisie,2026-08-29,2026-08-29 16:45,AZ Alkmaar,G.A. Eagles,flashscore,1x2,X,X,,,,"G.A. Eagles travel to the AFAS Stadion to face AZ Alkmaar for round four of the Eredivisie. AZ Alkmaar enters this match as the clear favourite with a 68% win probability according to the odds set two days before kickoff.Current Form - AZ AlkmaarAZ Alkmaar are in first place with nine points. They have won all three matches to date, including a 2-0 away victory at Sittard in their last league match.Current Form - G.A. EaglesG.A. Eagles are third in the league with seven points, having recorded two wins and one draw in their three matches. They secured a 3-1 home win against Den Haag in their last league match.Head-to-Head RecordIn their last five meetings, AZ Alkmaar have recorded two wins and three draws with an average of 2.8 goals per meeting. The teams played to a 0-0 draw when G.A. Eagles hosted the most recent match last season. AZ Alkmaar were unbeaten in their last 14 meetings against G.A. Eagles, the latest last season, a run of 10 wins and four draws.Key Players to Watch and Missing PlayersFor AZ Alkmaar, Jizz Hornkamp has two goals at an average rating of 8.9, while Chavez Mateo has two assists. Mees de Wit is out with an injury.Soren Tengstedt has three goals and one assist at an average rating of 8.2 for G.A. Eagles, ranking him first of 106 in the league. Melle Meulensteen has contributed one goal and one assist, and Mathis Suray has added two assists.Key Numbers↔️ AZ Alkmaar Headed goals 0.00 per match vs G.A. Eagles Headed goals 0.67 per matchAZ Alkmaar➕ Expected goals (xG): 3.10 per match (best in the league, league average 1.87)➕ Through passes: 3.3 per match (2nd best, league average 1.4)➕ Shots on target conceded: 1.3 per match (best in the league, league average 5.4)G.A. Eagles➕ Shot accuracy: 47% (4th best, league average 35%)➕ Big chances conceded: 1.3 per match (3rd best, league average 3.0)Match NotesJari De Busser joined AZ Alkmaar from G.A. Eagles, where he made 50 league appearances across two seasons before departing one season ago.Betting InsightsThe betting markets set a 2.5 goal line with a 68% chance of clearing that mark. Both-teams-to-score has a 60% probability for this match.Goals implied by the odds: 3.5These figures come from the pre-match odds two days before kickoff.This content was generated using AI.",2026-08-28T19:14:44Z
2026-08-29|pec-zwolle|vs|nijmegen,Eredivisie,2026-08-29,2026-08-29 19:00,Zwolle,Nijmegen,flashscore,1x2,1,1,,,,"Zwolle welcome Nijmegen to the MAC³PARK Stadion for round four of the Eredivisie. Nijmegen enters this meeting as the clear favourite with a 56% chance of victory compared to the 22% probability assigned to Zwolle one day before kickoff.Current Form - ZwolleZwolle are 14th in the league with three points, recording one win and two losses in their three matches to date. They won 2-0 away at Heerenveen in their last league match.Current Form - NijmegenNijmegen are in 11th place with three points, holding a record of one win and one loss in their two matches to date. In their last league match, they secured a 4-1 win away at Willem II.Head-to-Head RecordZwolle has recorded two draws and three losses in their last five meetings against Nijmegen. Nijmegen won 2-1 at home when the two teams last met last season. These encounters have produced an average of 2.6 goals per meeting.Key Players to Watch and Missing PlayersZwolle features Dylan Mbayo, who has two assists at an average rating of 7.0, and Thijs Oosting, who has one assist. Elias Sorensen has one goal for Zwolle.Nijmegen enters the match with Tjarron Chery, who has one goal and one assist at an average rating of 8.0, and Kaj Sierhuis, who has two goals. Nijmegen will be without Sami Ouaissa, who is sidelined with a muscle injury, and Philippe Sandler, who is out with an injury.Key Numbers↔️ Zwolle Touches in opposition box 19.0 per match vs Nijmegen Touches in opposition box 66.5 per matchZwolle➖ Expected goals (xG): 0.98 per match (3rd worst, league average 1.87)ℹ️ Interceptions: 11.3 per match (most in the league)Match NotesIbrahim Cissoko now plays for Zwolle after coming through the Nijmegen academy, where he made 30 appearances and scored three goals across two seasons. Jamiro Monteiro joined Nijmegen from Zwolle, having made 49 appearances and scored four goals during his two seasons there.Betting InsightsThe 2.5 goal line carries a 66% probability of being exceeded, and the both-teams-to-score market puts a 64% chance on both sides finding the net.Goals implied by the odds: 3.4These figures come from the pre-match odds a day before kickoff.This content was generated using AI.",2026-08-28T19:14:44Z
2026-08-30|utrecht|vs|psv-eindhoven,Eredivisie,2026-08-30,2026-08-30 10:15,Utrecht,PSV,flashscore,1x2,X,X,,,,"Utrecht welcome PSV to Stadion Galgenwaard for round four of the Eredivisie. Utrecht enters this match as the clear outsider with a 22% probability of winning two days before kickoff, while PSV is the favorite.Current Form - UtrechtUtrecht are 15th with one point. In their last league match, they drew 3-3 away at Sparta Rotterdam, bringing their record to one draw and two losses in their three matches to date.Current Form - PSVPSV are second with seven points. Following a 5-1 home win against Groningen, they hold a record of two wins and one draw in their three matches to date.Head-to-Head RecordIn their last five meetings, Utrecht have recorded two draws and three losses, with an average of 4.6 goals per meeting and both teams scoring in all five meetings. PSV won 4-3 at home when the teams last met last season.Key Players to Watch and Missing PlayersUtrecht features Artem Stepanov, who has two goals at an average rating of 7.3, and Adrian Blake, who has two goals. Yoann Cathline also contributes with two assists.PSV is led by Ivan Perisic, who has two goals and one assist at an average rating of 8.1, with both goals scored in his last match. Sergino Dest contributes one goal and one assist, while Alassane Plea is sidelined with an injury.Key Numbers↔️ Utrecht Duel win rate 47% vs PSV Duel win rate 55%Utrecht➖ Errors leading to goal: 3 (most in the league, league average 0.8)ℹ️ Fouls: 17.7 per match (most in the league)PSV➕ Big chances: 6.0 per match (best in the league, league average 3.0)➕ Through passes: 3.7 per match (best in the league, league average 1.4)➕ Expected goals conceded (xGA): 0.86 per match (3rd best, league average 1.84)➖ Errors leading to shot: 1.33 per match (3rd worst, league average 0.63)Match NotesDavy van den Berg now plays for Utrecht after coming through the PSV academy, where he made zero appearances. Ryan Flamingo joined PSV from Utrecht, where he scored three goals in 34 appearances across one season.Betting InsightsBookmakers assign a 65% chance to both teams scoring in this match. The over/under market puts a 68% probability on the total exceeding the 2.5 goal line.Goals implied by the odds: 3.5These figures come from the pre-match odds two days before kickoff.This content was generated using AI.",2026-08-30T04:26:03Z
2026-08-30|utrecht|vs|psv-eindhoven,Eredivisie,2026-08-30,2026-08-30 10:15,Utrecht,PSV,flashscore,btts,Yes,Yes,,,,"Utrecht welcome PSV to Stadion Galgenwaard for round four of the Eredivisie. Utrecht enters this match as the clear outsider with a 22% probability of winning two days before kickoff, while PSV is the favorite.Current Form - UtrechtUtrecht are 15th with one point. In their last league match, they drew 3-3 away at Sparta Rotterdam, bringing their record to one draw and two losses in their three matches to date.Current Form - PSVPSV are second with seven points. Following a 5-1 home win against Groningen, they hold a record of two wins and one draw in their three matches to date.Head-to-Head RecordIn their last five meetings, Utrecht have recorded two draws and three losses, with an average of 4.6 goals per meeting and both teams scoring in all five meetings. PSV won 4-3 at home when the teams last met last season.Key Players to Watch and Missing PlayersUtrecht features Artem Stepanov, who has two goals at an average rating of 7.3, and Adrian Blake, who has two goals. Yoann Cathline also contributes with two assists.PSV is led by Ivan Perisic, who has two goals and one assist at an average rating of 8.1, with both goals scored in his last match. Sergino Dest contributes one goal and one assist, while Alassane Plea is sidelined with an injury.Key Numbers↔️ Utrecht Duel win rate 47% vs PSV Duel win rate 55%Utrecht➖ Errors leading to goal: 3 (most in the league, league average 0.8)ℹ️ Fouls: 17.7 per match (most in the league)PSV➕ Big chances: 6.0 per match (best in the league, league average 3.0)➕ Through passes: 3.7 per match (best in the league, league average 1.4)➕ Expected goals conceded (xGA): 0.86 per match (3rd best, league average 1.84)➖ Errors leading to shot: 1.33 per match (3rd worst, league average 0.63)Match NotesDavy van den Berg now plays for Utrecht after coming through the PSV academy, where he made zero appearances. Ryan Flamingo joined PSV from Utrecht, where he scored three goals in 34 appearances across one season.Betting InsightsBookmakers assign a 65% chance to both teams scoring in this match. The over/under market puts a 68% probability on the total exceeding the 2.5 goal line.Goals implied by the odds: 3.5These figures come from the pre-match odds two days before kickoff.This content was generated using AI.",2026-08-30T04:26:03Z
2026-08-30|feyenoord|vs|ado-den-haag,Eredivisie,2026-08-30,2026-08-30 12:30,Feyenoord,Den Haag,flashscore,1x2,X,X,,,,"Den Haag travel to face Feyenoord for round four of the Eredivisie. Feyenoord enters the match as the clear favourite with an 82% chance of winning, contrasting sharply with the 7% probability assigned to Den Haag two days before kickoff.Current Form - FeyenoordFeyenoord are fourth in the league with seven points, having secured two wins and one draw in their three matches to date. In their last league match, the team won 5-2 away at Cambuur.Current Form - Den HaagDen Haag are 17th in the league with zero points, having lost all three matches to date. In their last league match, the team suffered a 1-3 loss away at G.A. Eagles.Head-to-Head RecordFeyenoord holds a record of two wins, one draw, and two losses in their last five meetings against Den Haag. The two teams meet for the first time since May 2021, when Den Haag won 3-2 at home. An average of 4.4 goals per meeting has been recorded across these encounters. Feyenoord won their last two meetings at home against Den Haag between September 2019 and September 2020.Key Players to WatchFeyenoord midfielder Gjivai Zechiel has three goals and one assist at an average rating of 8.8. All of these goal involvements came in his last two matches at a 9.0 average, including a brace, while he remains joint first in the scoring charts. Ayase Ueda has contributed two goals and one assist for Feyenoord.For Den Haag, Milan Hokke has recorded one assist at an average rating of 6.8, and Finn de Bruin has contributed one assist.Key Numbers↔️ Feyenoord Shots on target conceded 3.3 per match vs Den Haag Shots on target conceded 7.7 per matchFeyenoord➕ Expected goals (xG): 3.01 per match (3rd best, league average 1.87)➕ Touches in opposition box: 47.0 per match (2nd best, league average 30.3)➕ Duel win rate: 57% (best in the league, league average 50%)Den Haag➖ Big chances: 0.7 per match (worst in the league, league average 3.0)➖ Shots on target: 2.3 per match (3rd worst, league average 5.3)➖ Errors leading to shot: 1.33 per match (3rd worst, league average 0.63)Match NotesSem Steijn now plays for Feyenoord after a spell at Den Haag, where he scored 18 goals in 41 appearances across one season.Betting InsightsThe 2.5 goal line carries a 73% probability of being exceeded in this match. The both-teams-to-score market sets a 52% chance that both sides will find the net.Goals implied by the odds: 3.8These figures come from the pre-match odds two days before kickoff.This content was generated using AI.",2026-08-30T04:26:03Z
2026-08-30|willem-ii-tilburg|vs|heerenveen,Eredivisie,2026-08-30,2026-08-30 12:30,Willem II,Heerenveen,flashscore,1x2,X,X,,,,"Willem II welcome Heerenveen to their own ground for round four of the Eredivisie. Heerenveen enter this match as the clear favourites with a 53% probability of winning two days before kickoff.Current Form - Willem IIWillem II sits in 16th place with zero points. The team has lost both of their matches to date, including a 1-4 home loss to Nijmegen in their last league match.Current Form - HeerenveenHeerenveen are ninth in the league with four points. They have one win, one draw, and one loss in their three matches to date, following a 0-2 away loss at Zwolle in their last league match.Head-to-Head RecordWillem II holds a record of one win, one draw, and three losses across their last five meetings with Heerenveen. In the most recent encounter between these two teams two seasons ago, Heerenveen won 3-1 at home. These matches have produced an average of 2.8 goals per meeting.Key Players to Watch and Missing PlayersThomas Verheydt has one goal at an average rating of 7.4 for Willem II, while Hidde ter Avest has recorded one assist. Willem II will be without Thomas Didillon Hodl, who is sidelined with a hamstring injury.Jacob Trenskow has one goal and one assist at an average rating of 7.5 for Heerenveen, and Sam Kersten has recorded one assist.Key Numbers↔️ Willem II Shot accuracy 14% vs Heerenveen Shot accuracy 44%Heerenveen➖ Expected goals (xG): 0.96 per match (2nd worst, league average 1.87)➖ Errors leading to shot: 1.67 per match (worst in the league, league average 0.63)Match NotesEser Gurbuz joined Willem II directly from Heerenveen, the club that raised him, having scored three goals in 28 appearances across two seasons. Ringo Meerveld joined Heerenveen from Willem II, where he scored 16 goals in 111 appearances over five seasons.Betting InsightsBookmakers set the goal line at 2.5, assigning a 66% probability that the match total exceeds that mark. The both-teams-to-score market indicates a 64% chance that both sides will find the net.Goals implied by the odds: 3.4These figures come from the pre-match odds two days before kickoff.This content was generated using AI.",2026-08-30T04:26:03Z
2026-08-30|sc-telstar|vs|ajax,Eredivisie,2026-08-30,2026-08-30 14:45,Telstar,Ajax,flashscore,1x2,2,2,,,,"Ajax visit the BUKO Stadion to face Telstar for round four of the Eredivisie. Telstar enters this match as the outsider with an 18% winning probability, while Ajax is favored to win.Current Form - TelstarTelstar is 13th in the league with three points. Through two matches, the team has one win and one loss, including a recent 1-3 home defeat to Sparta Rotterdam.Current Form - AjaxAjax sits seventh in the league with four points. The team has recorded one win and one draw in their two matches to date, most recently drawing 2-2 at home against Heerenveen.Head-to-Head RecordTelstar have lost all five matches against Ajax over their last five meetings, with an average of 4.2 goals per meeting and both teams scoring in only one of the five meetings. In the most recent encounter, Ajax won 3-2 away last season.Key Players to Watch and Missing PlayersTelstar is led by Abdelnour Soualhia, who has one goal and one assist at an average rating of 8.5, and Patrick Brouwer, who has one goal and one assist. Rui Mendes also contributes for Telstar with one goal.Ajax features Mika Godts, who has one assist at an average rating of 8.1, and Abdellah Ouazane, who has one goal. The club will be without Youri Regeer, who is sidelined with an injury.Match NotesGerald Alders joined Telstar directly from Ajax, the club that raised him, where he made three appearances over one season before departing one season ago.Betting InsightsThe both-teams-to-score market puts a 62% chance on both sides finding the net. Additionally, the 2.5 goal line carries a 67% probability of the match producing more than that total.Goals implied by the odds: 3.5These figures come from the pre-match odds a day before kickoff.This content was generated using AI.",2026-08-30T04:26:03Z
2026-08-30|sc-telstar|vs|ajax,Eredivisie,2026-08-30,2026-08-30 14:45,Telstar,Ajax,flashscore,btts,Yes,Yes,,,,"Ajax visit the BUKO Stadion to face Telstar for round four of the Eredivisie. Telstar enters this match as the outsider with an 18% winning probability, while Ajax is favored to win.Current Form - TelstarTelstar is 13th in the league with three points. Through two matches, the team has one win and one loss, including a recent 1-3 home defeat to Sparta Rotterdam.Current Form - AjaxAjax sits seventh in the league with four points. The team has recorded one win and one draw in their two matches to date, most recently drawing 2-2 at home against Heerenveen.Head-to-Head RecordTelstar have lost all five matches against Ajax over their last five meetings, with an average of 4.2 goals per meeting and both teams scoring in only one of the five meetings. In the most recent encounter, Ajax won 3-2 away last season.Key Players to Watch and Missing PlayersTelstar is led by Abdelnour Soualhia, who has one goal and one assist at an average rating of 8.5, and Patrick Brouwer, who has one goal and one assist. Rui Mendes also contributes for Telstar with one goal.Ajax features Mika Godts, who has one assist at an average rating of 8.1, and Abdellah Ouazane, who has one goal. The club will be without Youri Regeer, who is sidelined with an injury.Match NotesGerald Alders joined Telstar directly from Ajax, the club that raised him, where he made three appearances over one season before departing one season ago.Betting InsightsThe both-teams-to-score market puts a 62% chance on both sides finding the net. Additionally, the 2.5 goal line carries a 67% probability of the match producing more than that total.Goals implied by the odds: 3.5These figures come from the pre-match odds a day before kickoff.This content was generated using AI.",2026-08-30T04:26:03Z
2026-08-30|cambuur|vs|twente,Eredivisie,2026-08-30,2026-08-30 18:00,Cambuur,Twente,flashscore,1x2,X,X,,,,"Cambuur welcome Twente to the Kooi Stadion for round four of the Eredivisie. Twente enters this match as the clear favourite with a 70% chance of winning according to the odds set one day before kickoff.Current Form - CambuurCambuur are in 18th place with zero points, having lost all three matches played to date. In their last league match, they lost 2-5 at home to Feyenoord.Current Form - TwenteTwente are 12th in the league with three points, recording one win and one loss in their two matches to date. In their last league match, they won 3-1 against Zwolle at home.Head-to-Head RecordAn average of 2.4 goals per meeting and both teams scoring in only one of the five meetings define the history of this fixture. Over their last five matches, Cambuur has a record of one win, one draw, and three losses. The two teams meet for the first time since April 2023, when Twente won 4-0 at home.Key Players to WatchRafik El Arguioui, who is joint third in the scoring charts, has three goals at an average rating of 7.7 for Cambuur; all of them were scored in his last two matches, where he maintained an 8.2 average rating, including a brace. Nicky Souren has contributed one assist for Cambuur in his 270 minutes played this season.Daouda Weidmann has one goal at an average rating of 8.1 for Twente, while Ramiz Zerrouki has one assist. Daan Rots has contributed one goal for Twente across his 180 minutes of play.Key Numbers↔️ Cambuur Expected goals conceded (xGA) 2.46 per match vs Twente Expected goals conceded (xGA) 0.60 per matchCambuur➖ Big chances conceded: 4.7 per match (2nd worst, league average 3.0)ℹ️ Duels won: 53 per match (most in the league)Betting InsightsBookmakers set the 2.5 goal line with a 66% probability of going over. The both-teams-to-score market puts a 57% chance on both sides finding the net in this match.Goals implied by the odds: 3.4These figures come from the pre-match odds a day before kickoff.This content was generated using AI.",2026-08-30T04:26:03Z
2026-08-30|cambuur|vs|twente,Eredivisie,2026-08-30,2026-08-30 18:00,Cambuur,Twente,flashscore,btts,Yes,Yes,,,,"Cambuur welcome Twente to the Kooi Stadion for round four of the Eredivisie. Twente enters this match as the clear favourite with a 70% chance of winning according to the odds set one day before kickoff.Current Form - CambuurCambuur are in 18th place with zero points, having lost all three matches played to date. In their last league match, they lost 2-5 at home to Feyenoord.Current Form - TwenteTwente are 12th in the league with three points, recording one win and one loss in their two matches to date. In their last league match, they won 3-1 against Zwolle at home.Head-to-Head RecordAn average of 2.4 goals per meeting and both teams scoring in only one of the five meetings define the history of this fixture. Over their last five matches, Cambuur has a record of one win, one draw, and three losses. The two teams meet for the first time since April 2023, when Twente won 4-0 at home.Key Players to WatchRafik El Arguioui, who is joint third in the scoring charts, has three goals at an average rating of 7.7 for Cambuur; all of them were scored in his last two matches, where he maintained an 8.2 average rating, including a brace. Nicky Souren has contributed one assist for Cambuur in his 270 minutes played this season.Daouda Weidmann has one goal at an average rating of 8.1 for Twente, while Ramiz Zerrouki has one assist. Daan Rots has contributed one goal for Twente across his 180 minutes of play.Key Numbers↔️ Cambuur Expected goals conceded (xGA) 2.46 per match vs Twente Expected goals conceded (xGA) 0.60 per matchCambuur➖ Big chances conceded: 4.7 per match (2nd worst, league average 3.0)ℹ️ Duels won: 53 per match (most in the league)Betting InsightsBookmakers set the 2.5 goal line with a 66% probability of going over. The both-teams-to-score market puts a 57% chance on both sides finding the net in this match.Goals implied by the odds: 3.4These figures come from the pre-match odds a day before kickoff.This content was generated using AI.",2026-08-30T04:26:03Z
2026-09-03|real-sociedad|vs|celta-vigo,LaLiga,2026-09-03,2026-09-03 19:00,Real Sociedad,Celta Vigo,flashscore,1x2,1,1,,,,"Riding high on a home win over the weekend, the odds on a Real Sociedad victory here look rather attractive given they face a winless side.",2026-09-01T12:35:44Z
2026-09-04|real-betis|vs|real-madrid,LaLiga,2026-09-04,2026-09-04 19:00,Betis,Real Madrid,flashscore,1x2,2,2,,,,"Madrid are the clear favourites, but Betis’ good recent record at home in this fixture suggests there is value in backing Madrid to win and both teams to score.",2026-09-03T16:17:22Z
2026-09-04|real-betis|vs|real-madrid,LaLiga,2026-09-04,2026-09-04 19:00,Betis,Real Madrid,flashscore,btts,Yes,Yes,,,,"Madrid are the clear favourites, but Betis’ good recent record at home in this fixture suggests there is value in backing Madrid to win and both teams to score.",2026-09-03T16:17:22Z
2026-09-04|stuttgart|vs|fc-koln,Bundesliga,2026-09-04,2026-09-04 18:30,Stuttgart,FC Koln,flashscore,1x2,1,1,,,,"Given Stuttgart's brilliant home record last season and free-scoring ability in general, a Stuttgart win coupled with them scoring 3+ goals seems a plausible outcome.",2026-09-03T16:17:22Z
2026-09-04|genoa|vs|como,Serie A,2026-09-04,2026-09-04 18:45,Genoa,Como,flashscore,1x2,2,2,,,,"The visitors' recent dominance in this fixture could continue, with a Como win very much on the cards.",2026-09-03T16:17:22Z
2026-09-05|newcastle|vs|bournemouth,Premier League,2026-09-05,14:30 - Sat 05 Sep,Newcastle,Bournemouth,sportsgambler,correct_score,1 - 2,1 - 2,,,,Bournemouth Asian Hcp +0.25 @ 1.93,2026-09-05T08:07:03Z
2026-09-05|newcastle|vs|bournemouth,Premier League,2026-09-05,14:30 - Sat 05 Sep,Newcastle,Bournemouth,sportsgambler,1x2,2,2,,,,Bournemouth Asian Hcp +0.25 @ 1.93,2026-09-05T08:07:03Z
2026-09-05|newcastle|vs|bournemouth,Premier League,2026-09-05,14:30 - Sat 05 Sep,Newcastle,Bournemouth,sportsgambler,btts,Yes,Yes,,,,Bournemouth Asian Hcp +0.25 @ 1.93,2026-09-05T08:07:03Z
2026-09-05|newcastle|vs|bournemouth,Premier League,2026-09-05,14:30 - Sat 05 Sep,Newcastle,Bournemouth,sportsgambler,over_under,Over,Over,,,,Bournemouth Asian Hcp +0.25 @ 1.93,2026-09-05T08:07:03Z
2026-09-05|brentford|vs|sunderland,Premier League,2026-09-05,17:00 - Sat 05 Sep,Brentford,Sunderland,sportsgambler,correct_score,1 - 1,1 - 1,,,,Both Teams To Score - Yes @ 1.79,2026-09-05T08:07:03Z
2026-09-05|brentford|vs|sunderland,Premier League,2026-09-05,17:00 - Sat 05 Sep,Brentford,Sunderland,sportsgambler,1x2,X,X,,,,Both Teams To Score - Yes @ 1.79,2026-09-05T08:07:03Z
2026-09-05|brentford|vs|sunderland,Premier League,2026-09-05,17:00 - Sat 05 Sep,Brentford,Sunderland,sportsgambler,btts,Yes,Yes,,,,Both Teams To Score - Yes @ 1.79,2026-09-05T08:07:03Z
2026-09-05|brentford|vs|sunderland,Premier League,2026-09-05,17:00 - Sat 05 Sep,Brentford,Sunderland,sportsgambler,over_under,Under,Under,,,,Both Teams To Score - Yes @ 1.79,2026-09-05T08:07:03Z
2026-09-05|brighton|vs|leeds-united,Premier League,2026-09-05,17:00 - Sat 05 Sep,Brighton,Leeds,sportsgambler,correct_score,1 - 0,1 - 0,,,,Brighton To Win @ 1.92,2026-09-05T08:07:03Z
2026-09-05|brighton|vs|leeds-united,Premier League,2026-09-05,17:00 - Sat 05 Sep,Brighton,Leeds,sportsgambler,1x2,1,1,,,,Brighton To Win @ 1.92,2026-09-05T08:07:03Z
2026-09-05|brighton|vs|leeds-united,Premier League,2026-09-05,17:00 - Sat 05 Sep,Brighton,Leeds,sportsgambler,btts,No,No,,,,Brighton To Win @ 1.92,2026-09-05T08:07:03Z
2026-09-05|brighton|vs|leeds-united,Premier League,2026-09-05,17:00 - Sat 05 Sep,Brighton,Leeds,sportsgambler,over_under,Under,Under,,,,Brighton To Win @ 1.92,2026-09-05T08:07:03Z
2026-09-05|fulham|vs|crystal-palace,Premier League,2026-09-05,17:00 - Sat 05 Sep,Fulham,Crystal Palace,sportsgambler,correct_score,2 - 1,2 - 1,,,,Fulham Asian Hcp 0.0 @ 1.62,2026-09-05T08:07:03Z
2026-09-05|fulham|vs|crystal-palace,Premier League,2026-09-05,17:00 - Sat 05 Sep,Fulham,Crystal Palace,sportsgambler,1x2,1,1,,,,Fulham Asian Hcp 0.0 @ 1.62,2026-09-05T08:07:03Z
2026-09-05|fulham|vs|crystal-palace,Premier League,2026-09-05,17:00 - Sat 05 Sep,Fulham,Crystal Palace,sportsgambler,btts,Yes,Yes,,,,Fulham Asian Hcp 0.0 @ 1.62,2026-09-05T08:07:03Z
2026-09-05|fulham|vs|crystal-palace,Premier League,2026-09-05,17:00 - Sat 05 Sep,Fulham,Crystal Palace,sportsgambler,over_under,Over,Over,,,,Fulham Asian Hcp 0.0 @ 1.62,2026-09-05T08:07:03Z
2026-09-05|manchester-city|vs|coventry,Premier League,2026-09-05,17:00 - Sat 05 Sep,Manchester City,Coventry,sportsgambler,correct_score,1 - 0,1 - 0,,,,Coventry Asian Hcp +2.25 @ 1.90,2026-09-05T08:07:03Z
2026-09-05|manchester-city|vs|coventry,Premier League,2026-09-05,17:00 - Sat 05 Sep,Manchester City,Coventry,sportsgambler,1x2,1,1,,,,Coventry Asian Hcp +2.25 @ 1.90,2026-09-05T08:07:03Z
2026-09-05|manchester-city|vs|coventry,Premier League,2026-09-05,17:00 - Sat 05 Sep,Manchester City,Coventry,sportsgambler,btts,No,No,,,,Coventry Asian Hcp +2.25 @ 1.90,2026-09-05T08:07:03Z
2026-09-05|manchester-city|vs|coventry,Premier League,2026-09-05,17:00 - Sat 05 Sep,Manchester City,Coventry,sportsgambler,over_under,Under,Under,,,,Coventry Asian Hcp +2.25 @ 1.90,2026-09-05T08:07:03Z
2026-09-05|nottingham-forest|vs|tottenham,Premier League,2026-09-05,17:00 - Sat 05 Sep,Nottingham Forest,Tottenham,sportsgambler,correct_score,1 - 1,1 - 1,,,,Under 2.5 Goals @ 1.80,2026-09-05T08:07:03Z
2026-09-05|nottingham-forest|vs|tottenham,Premier League,2026-09-05,17:00 - Sat 05 Sep,Nottingham Forest,Tottenham,sportsgambler,1x2,X,X,,,,Under 2.5 Goals @ 1.80,2026-09-05T08:07:03Z
2026-09-05|nottingham-forest|vs|tottenham,Premier League,2026-09-05,17:00 - Sat 05 Sep,Nottingham Forest,Tottenham,sportsgambler,btts,Yes,Yes,,,,Under 2.5 Goals @ 1.80,2026-09-05T08:07:03Z
2026-09-05|nottingham-forest|vs|tottenham,Premier League,2026-09-05,17:00 - Sat 05 Sep,Nottingham Forest,Tottenham,sportsgambler,over_under,Under,Under,,,,Under 2.5 Goals @ 1.80,2026-09-05T08:07:03Z
2026-09-05|hull|vs|aston-villa,Premier League,2026-09-05,19:30 - Sat 05 Sep,Hull,Aston Villa,sportsgambler,correct_score,1 - 1,1 - 1,,,,Hull Asian Hcp +0.5 @ 1.93,2026-09-05T08:07:03Z
2026-09-05|hull|vs|aston-villa,Premier League,2026-09-05,19:30 - Sat 05 Sep,Hull,Aston Villa,sportsgambler,1x2,X,X,,,,Hull Asian Hcp +0.5 @ 1.93,2026-09-05T08:07:03Z
2026-09-05|hull|vs|aston-villa,Premier League,2026-09-05,19:30 - Sat 05 Sep,Hull,Aston Villa,sportsgambler,btts,Yes,Yes,,,,Hull Asian Hcp +0.5 @ 1.93,2026-09-05T08:07:03Z
2026-09-05|hull|vs|aston-villa,Premier League,2026-09-05,19:30 - Sat 05 Sep,Hull,Aston Villa,sportsgambler,over_under,Under,Under,,,,Hull Asian Hcp +0.5 @ 1.93,2026-09-05T08:07:03Z
2026-09-06|everton|vs|manchester-united,Premier League,2026-09-06,16:00 - Sun 06 Sep,Everton,Manchester United,sportsgambler,correct_score,2 - 1,2 - 1,,,,Everton Asian Hcp +0.25 @ 1.98,2026-09-05T08:07:03Z
2026-09-06|everton|vs|manchester-united,Premier League,2026-09-06,16:00 - Sun 06 Sep,Everton,Manchester United,sportsgambler,1x2,1,1,,,,Everton Asian Hcp +0.25 @ 1.98,2026-09-05T08:07:03Z
2026-09-06|everton|vs|manchester-united,Premier League,2026-09-06,16:00 - Sun 06 Sep,Everton,Manchester United,sportsgambler,btts,Yes,Yes,,,,Everton Asian Hcp +0.25 @ 1.98,2026-09-05T08:07:03Z
2026-09-06|everton|vs|manchester-united,Premier League,2026-09-06,16:00 - Sun 06 Sep,Everton,Manchester United,sportsgambler,over_under,Over,Over,,,,Everton Asian Hcp +0.25 @ 1.98,2026-09-05T08:07:03Z
2026-09-06|arsenal|vs|chelsea,Premier League,2026-09-06,18:30 - Sun 06 Sep,Arsenal,Chelsea,sportsgambler,correct_score,2 - 0,2 - 0,,,,Arsenal To Win @ 1.70,2026-09-05T08:07:03Z
2026-09-06|arsenal|vs|chelsea,Premier League,2026-09-06,18:30 - Sun 06 Sep,Arsenal,Chelsea,sportsgambler,1x2,1,1,,,,Arsenal To Win @ 1.70,2026-09-05T08:07:03Z
2026-09-06|arsenal|vs|chelsea,Premier League,2026-09-06,18:30 - Sun 06 Sep,Arsenal,Chelsea,sportsgambler,btts,No,No,,,,Arsenal To Win @ 1.70,2026-09-05T08:07:03Z
2026-09-06|arsenal|vs|chelsea,Premier League,2026-09-06,18:30 - Sun 06 Sep,Arsenal,Chelsea,sportsgambler,over_under,Under,Under,,,,Arsenal To Win @ 1.70,2026-09-05T08:07:03Z
2026-09-05|athletic-bilbao|vs|atl-tico-madrid,LaLiga,2026-09-05,17:15 - Sat 05 Sep,Athletic Club,Atlético Madrid,sportsgambler,correct_score,1 - 1,1 - 1,,,,Both Teams To Score - Yes @ 1.70,2026-09-05T08:07:03Z
2026-09-05|athletic-bilbao|vs|atl-tico-madrid,LaLiga,2026-09-05,17:15 - Sat 05 Sep,Athletic Club,Atlético Madrid,sportsgambler,1x2,X,X,,,,Both Teams To Score - Yes @ 1.70,2026-09-05T08:07:03Z
2026-09-05|athletic-bilbao|vs|atl-tico-madrid,LaLiga,2026-09-05,17:15 - Sat 05 Sep,Athletic Club,Atlético Madrid,sportsgambler,btts,Yes,Yes,,,,Both Teams To Score - Yes @ 1.70,2026-09-05T08:07:03Z
2026-09-05|athletic-bilbao|vs|atl-tico-madrid,LaLiga,2026-09-05,17:15 - Sat 05 Sep,Athletic Club,Atlético Madrid,sportsgambler,over_under,Under,Under,,,,Both Teams To Score - Yes @ 1.70,2026-09-05T08:07:03Z
2026-09-05|rayo-vallecano|vs|racing-santander,LaLiga,2026-09-05,19:30 - Sat 05 Sep,Rayo Vallecano,Racing Club,sportsgambler,correct_score,1 - 2,1 - 2,,,,Racing Asian Hcp +0.25 @ 1.94,2026-09-05T08:07:03Z
2026-09-05|rayo-vallecano|vs|racing-santander,LaLiga,2026-09-05,19:30 - Sat 05 Sep,Rayo Vallecano,Racing Club,sportsgambler,1x2,2,2,,,,Racing Asian Hcp +0.25 @ 1.94,2026-09-05T08:07:03Z
2026-09-05|rayo-vallecano|vs|racing-santander,LaLiga,2026-09-05,19:30 - Sat 05 Sep,Rayo Vallecano,Racing Club,sportsgambler,btts,Yes,Yes,,,,Racing Asian Hcp +0.25 @ 1.94,2026-09-05T08:07:03Z
2026-09-05|rayo-vallecano|vs|racing-santander,LaLiga,2026-09-05,19:30 - Sat 05 Sep,Rayo Vallecano,Racing Club,sportsgambler,over_under,Over,Over,,,,Racing Asian Hcp +0.25 @ 1.94,2026-09-05T08:07:03Z
2026-09-05|villarreal|vs|deportivo-la-coru-a,LaLiga,2026-09-05,22:00 - Sat 05 Sep,Villarreal,Deportivo,sportsgambler,correct_score,1 - 1,1 - 1,,,,Both Teams To Score - Yes @ 1.84,2026-09-05T08:07:03Z
2026-09-05|villarreal|vs|deportivo-la-coru-a,LaLiga,2026-09-05,22:00 - Sat 05 Sep,Villarreal,Deportivo,sportsgambler,1x2,X,X,,,,Both Teams To Score - Yes @ 1.84,2026-09-05T08:07:03Z
2026-09-05|villarreal|vs|deportivo-la-coru-a,LaLiga,2026-09-05,22:00 - Sat 05 Sep,Villarreal,Deportivo,sportsgambler,btts,Yes,Yes,,,,Both Teams To Score - Yes @ 1.84,2026-09-05T08:07:03Z
2026-09-05|villarreal|vs|deportivo-la-coru-a,LaLiga,2026-09-05,22:00 - Sat 05 Sep,Villarreal,Deportivo,sportsgambler,over_under,Under,Under,,,,Both Teams To Score - Yes @ 1.84,2026-09-05T08:07:03Z
2026-09-06|valencia|vs|barcelona,LaLiga,2026-09-06,17:15 - Sun 06 Sep,Valencia,Barcelona,sportsgambler,correct_score,1 - 2,1 - 2,,,,Valencia Asian Hcp +1.75 @ 1.90,2026-09-05T08:07:03Z
2026-09-06|valencia|vs|barcelona,LaLiga,2026-09-06,17:15 - Sun 06 Sep,Valencia,Barcelona,sportsgambler,1x2,2,2,,,,Valencia Asian Hcp +1.75 @ 1.90,2026-09-05T08:07:03Z
2026-09-06|valencia|vs|barcelona,LaLiga,2026-09-06,17:15 - Sun 06 Sep,Valencia,Barcelona,sportsgambler,btts,Yes,Yes,,,,Valencia Asian Hcp +1.75 @ 1.90,2026-09-05T08:07:03Z
2026-09-06|valencia|vs|barcelona,LaLiga,2026-09-06,17:15 - Sun 06 Sep,Valencia,Barcelona,sportsgambler,over_under,Over,Over,,,,Valencia Asian Hcp +1.75 @ 1.90,2026-09-05T08:07:03Z
2026-09-06|alav-s|vs|osasuna,LaLiga,2026-09-06,19:30 - Sun 06 Sep,Alavés,Osasuna,sportsgambler,correct_score,1 - 0,1 - 0,,,,Alavés To Win @ 2.30,2026-09-05T08:07:03Z
2026-09-06|alav-s|vs|osasuna,LaLiga,2026-09-06,19:30 - Sun 06 Sep,Alavés,Osasuna,sportsgambler,1x2,1,1,,,,Alavés To Win @ 2.30,2026-09-05T08:07:03Z
2026-09-06|alav-s|vs|osasuna,LaLiga,2026-09-06,19:30 - Sun 06 Sep,Alavés,Osasuna,sportsgambler,btts,No,No,,,,Alavés To Win @ 2.30,2026-09-05T08:07:03Z
2026-09-06|alav-s|vs|osasuna,LaLiga,2026-09-06,19:30 - Sun 06 Sep,Alavés,Osasuna,sportsgambler,over_under,Under,Under,,,,Alavés To Win @ 2.30,2026-09-05T08:07:03Z
2026-09-06|m-laga-cf|vs|levante,LaLiga,2026-09-06,19:30 - Sun 06 Sep,Málaga,Levante,sportsgambler,correct_score,2 - 1,2 - 1,,,,Málaga To Win @ 2.32,2026-09-05T08:07:03Z
2026-09-06|m-laga-cf|vs|levante,LaLiga,2026-09-06,19:30 - Sun 06 Sep,Málaga,Levante,sportsgambler,1x2,1,1,,,,Málaga To Win @ 2.32,2026-09-05T08:07:03Z
2026-09-06|m-laga-cf|vs|levante,LaLiga,2026-09-06,19:30 - Sun 06 Sep,Málaga,Levante,sportsgambler,btts,Yes,Yes,,,,Málaga To Win @ 2.32,2026-09-05T08:07:03Z
2026-09-06|m-laga-cf|vs|levante,LaLiga,2026-09-06,19:30 - Sun 06 Sep,Málaga,Levante,sportsgambler,over_under,Over,Over,,,,Málaga To Win @ 2.32,2026-09-05T08:07:03Z
2026-09-06|espanyol|vs|sevilla,LaLiga,2026-09-06,22:00 - Sun 06 Sep,Espanyol,Sevilla,sportsgambler,correct_score,1 - 0,1 - 0,,,,Espanyol To Win @ 2.30,2026-09-05T08:07:03Z
2026-09-06|espanyol|vs|sevilla,LaLiga,2026-09-06,22:00 - Sun 06 Sep,Espanyol,Sevilla,sportsgambler,1x2,1,1,,,,Espanyol To Win @ 2.30,2026-09-05T08:07:03Z
2026-09-06|espanyol|vs|sevilla,LaLiga,2026-09-06,22:00 - Sun 06 Sep,Espanyol,Sevilla,sportsgambler,btts,No,No,,,,Espanyol To Win @ 2.30,2026-09-05T08:07:03Z
2026-09-06|espanyol|vs|sevilla,LaLiga,2026-09-06,22:00 - Sun 06 Sep,Espanyol,Sevilla,sportsgambler,over_under,Under,Under,,,,Espanyol To Win @ 2.30,2026-09-05T08:07:03Z
2026-09-05|bayer-leverkusen|vs|union-berlin,Bundesliga,2026-09-05,16:30 - Sat 05 Sep,Bayer Leverkusen,Union Berlin,sportsgambler,correct_score,1 - 1,1 - 1,,,,Union Asian Hcp +1.25 @ 1.93,2026-09-05T08:07:03Z
2026-09-05|bayer-leverkusen|vs|union-berlin,Bundesliga,2026-09-05,16:30 - Sat 05 Sep,Bayer Leverkusen,Union Berlin,sportsgambler,1x2,X,X,,,,Union Asian Hcp +1.25 @ 1.93,2026-09-05T08:07:03Z
2026-09-05|bayer-leverkusen|vs|union-berlin,Bundesliga,2026-09-05,16:30 - Sat 05 Sep,Bayer Leverkusen,Union Berlin,sportsgambler,btts,Yes,Yes,,,,Union Asian Hcp +1.25 @ 1.93,2026-09-05T08:07:03Z
2026-09-05|bayer-leverkusen|vs|union-berlin,Bundesliga,2026-09-05,16:30 - Sat 05 Sep,Bayer Leverkusen,Union Berlin,sportsgambler,over_under,Under,Under,,,,Union Asian Hcp +1.25 @ 1.93,2026-09-05T08:07:03Z
2026-09-05|borussia-m-gladbach|vs|elversberg,Bundesliga,2026-09-05,16:30 - Sat 05 Sep,Borussia Monchengladbach,Elversberg,sportsgambler,correct_score,1 - 0,1 - 0,,,,Borussia To Win @ 1.82,2026-09-05T08:07:03Z
2026-09-05|borussia-m-gladbach|vs|elversberg,Bundesliga,2026-09-05,16:30 - Sat 05 Sep,Borussia Monchengladbach,Elversberg,sportsgambler,1x2,1,1,,,,Borussia To Win @ 1.82,2026-09-05T08:07:03Z
2026-09-05|borussia-m-gladbach|vs|elversberg,Bundesliga,2026-09-05,16:30 - Sat 05 Sep,Borussia Monchengladbach,Elversberg,sportsgambler,btts,No,No,,,,Borussia To Win @ 1.82,2026-09-05T08:07:03Z
2026-09-05|borussia-m-gladbach|vs|elversberg,Bundesliga,2026-09-05,16:30 - Sat 05 Sep,Borussia Monchengladbach,Elversberg,sportsgambler,over_under,Under,Under,,,,Borussia To Win @ 1.82,2026-09-05T08:07:03Z
2026-09-05|hoffenheim|vs|borussia-dortmund,Bundesliga,2026-09-05,16:30 - Sat 05 Sep,Hoffenheim,Borussia Dortmund,sportsgambler,correct_score,1 - 2,1 - 2,,,,Dortmund To Win @ 2.23,2026-09-05T08:07:03Z
2026-09-05|hoffenheim|vs|borussia-dortmund,Bundesliga,2026-09-05,16:30 - Sat 05 Sep,Hoffenheim,Borussia Dortmund,sportsgambler,1x2,2,2,,,,Dortmund To Win @ 2.23,2026-09-05T08:07:03Z
2026-09-05|hoffenheim|vs|borussia-dortmund,Bundesliga,2026-09-05,16:30 - Sat 05 Sep,Hoffenheim,Borussia Dortmund,sportsgambler,btts,Yes,Yes,,,,Dortmund To Win @ 2.23,2026-09-05T08:07:03Z
2026-09-05|hoffenheim|vs|borussia-dortmund,Bundesliga,2026-09-05,16:30 - Sat 05 Sep,Hoffenheim,Borussia Dortmund,sportsgambler,over_under,Over,Over,,,,Dortmund To Win @ 2.23,2026-09-05T08:07:03Z
2026-09-05|paderborn|vs|freiburg,Bundesliga,2026-09-05,16:30 - Sat 05 Sep,Paderborn,Freiburg,sportsgambler,correct_score,1 - 1,1 - 1,,,,Paderborn Asian Hcp +0.5 @ 1.81,2026-09-05T08:07:03Z
2026-09-05|paderborn|vs|freiburg,Bundesliga,2026-09-05,16:30 - Sat 05 Sep,Paderborn,Freiburg,sportsgambler,1x2,X,X,,,,Paderborn Asian Hcp +0.5 @ 1.81,2026-09-05T08:07:03Z
2026-09-05|paderborn|vs|freiburg,Bundesliga,2026-09-05,16:30 - Sat 05 Sep,Paderborn,Freiburg,sportsgambler,btts,Yes,Yes,,,,Paderborn Asian Hcp +0.5 @ 1.81,2026-09-05T08:07:03Z
2026-09-05|paderborn|vs|freiburg,Bundesliga,2026-09-05,16:30 - Sat 05 Sep,Paderborn,Freiburg,sportsgambler,over_under,Under,Under,,,,Paderborn Asian Hcp +0.5 @ 1.81,2026-09-05T08:07:03Z
2026-09-05|werder-bremen|vs|rb-leipzig,Bundesliga,2026-09-05,16:30 - Sat 05 Sep,Werder Bremen,RB Leipzig,sportsgambler,correct_score,1 - 3,1 - 3,,,,Leipzig To Win @ 1.73,2026-09-05T08:07:03Z
2026-09-05|werder-bremen|vs|rb-leipzig,Bundesliga,2026-09-05,16:30 - Sat 05 Sep,Werder Bremen,RB Leipzig,sportsgambler,1x2,2,2,,,,Leipzig To Win @ 1.73,2026-09-05T08:07:03Z
2026-09-05|werder-bremen|vs|rb-leipzig,Bundesliga,2026-09-05,16:30 - Sat 05 Sep,Werder Bremen,RB Leipzig,sportsgambler,btts,Yes,Yes,,,,Leipzig To Win @ 1.73,2026-09-05T08:07:03Z
2026-09-05|werder-bremen|vs|rb-leipzig,Bundesliga,2026-09-05,16:30 - Sat 05 Sep,Werder Bremen,RB Leipzig,sportsgambler,over_under,Over,Over,,,,Leipzig To Win @ 1.73,2026-09-05T08:07:03Z
2026-09-05|schalke-04|vs|bayern-munich,Bundesliga,2026-09-05,19:30 - Sat 05 Sep,Schalke 04,Bayern Munich,sportsgambler,correct_score,1 - 3,1 - 3,,,,Both Teams To Score - Yes @ 1.63,2026-09-05T08:07:03Z
2026-09-05|schalke-04|vs|bayern-munich,Bundesliga,2026-09-05,19:30 - Sat 05 Sep,Schalke 04,Bayern Munich,sportsgambler,1x2,2,2,,,,Both Teams To Score - Yes @ 1.63,2026-09-05T08:07:03Z
2026-09-05|schalke-04|vs|bayern-munich,Bundesliga,2026-09-05,19:30 - Sat 05 Sep,Schalke 04,Bayern Munich,sportsgambler,btts,Yes,Yes,,,,Both Teams To Score - Yes @ 1.63,2026-09-05T08:07:03Z
2026-09-05|schalke-04|vs|bayern-munich,Bundesliga,2026-09-05,19:30 - Sat 05 Sep,Schalke 04,Bayern Munich,sportsgambler,over_under,Over,Over,,,,Both Teams To Score - Yes @ 1.63,2026-09-05T08:07:03Z
2026-09-06|hamburger-sv|vs|mainz-05,Bundesliga,2026-09-06,16:30 - Sun 06 Sep,Hamburger SV,Mainz 05,sportsgambler,correct_score,2 - 1,2 - 1,,,,Hamburg Asian Hcp +0.25 @ 1.74,2026-09-05T08:07:03Z
2026-09-06|hamburger-sv|vs|mainz-05,Bundesliga,2026-09-06,16:30 - Sun 06 Sep,Hamburger SV,Mainz 05,sportsgambler,1x2,1,1,,,,Hamburg Asian Hcp +0.25 @ 1.74,2026-09-05T08:07:03Z
2026-09-06|hamburger-sv|vs|mainz-05,Bundesliga,2026-09-06,16:30 - Sun 06 Sep,Hamburger SV,Mainz 05,sportsgambler,btts,Yes,Yes,,,,Hamburg Asian Hcp +0.25 @ 1.74,2026-09-05T08:07:03Z
2026-09-06|hamburger-sv|vs|mainz-05,Bundesliga,2026-09-06,16:30 - Sun 06 Sep,Hamburger SV,Mainz 05,sportsgambler,over_under,Over,Over,,,,Hamburg Asian Hcp +0.25 @ 1.74,2026-09-05T08:07:03Z
2026-09-06|eintracht-frankfurt|vs|augsburg,Bundesliga,2026-09-06,18:30 - Sun 06 Sep,Eintracht Frankfurt,Augsburg,sportsgambler,correct_score,2 - 1,2 - 1,,,,Eintracht To Win @ 1.89,2026-09-05T08:07:03Z
2026-09-06|eintracht-frankfurt|vs|augsburg,Bundesliga,2026-09-06,18:30 - Sun 06 Sep,Eintracht Frankfurt,Augsburg,sportsgambler,1x2,1,1,,,,Eintracht To Win @ 1.89,2026-09-05T08:07:03Z
2026-09-06|eintracht-frankfurt|vs|augsburg,Bundesliga,2026-09-06,18:30 - Sun 06 Sep,Eintracht Frankfurt,Augsburg,sportsgambler,btts,Yes,Yes,,,,Eintracht To Win @ 1.89,2026-09-05T08:07:03Z
2026-09-06|eintracht-frankfurt|vs|augsburg,Bundesliga,2026-09-06,18:30 - Sun 06 Sep,Eintracht Frankfurt,Augsburg,sportsgambler,over_under,Over,Over,,,,Eintracht To Win @ 1.89,2026-09-05T08:07:03Z
2026-09-05|fiorentina|vs|torino,Serie A,2026-09-05,16:00 - Sat 05 Sep,Fiorentina,Torino,sportsgambler,correct_score,1 - 0,1 - 0,,,,Fiorentina To Win @ 1.90,2026-09-05T08:07:03Z
2026-09-05|fiorentina|vs|torino,Serie A,2026-09-05,16:00 - Sat 05 Sep,Fiorentina,Torino,sportsgambler,1x2,1,1,,,,Fiorentina To Win @ 1.90,2026-09-05T08:07:03Z
2026-09-05|fiorentina|vs|torino,Serie A,2026-09-05,16:00 - Sat 05 Sep,Fiorentina,Torino,sportsgambler,btts,No,No,,,,Fiorentina To Win @ 1.90,2026-09-05T08:07:03Z
2026-09-05|fiorentina|vs|torino,Serie A,2026-09-05,16:00 - Sat 05 Sep,Fiorentina,Torino,sportsgambler,over_under,Under,Under,,,,Fiorentina To Win @ 1.90,2026-09-05T08:07:03Z
2026-09-05|inter|vs|napoli,Serie A,2026-09-05,19:00 - Sat 05 Sep,Inter Milan,Napoli,sportsgambler,correct_score,2 - 0,2 - 0,,,,Inter To Win @ 1.62,2026-09-05T08:07:03Z
2026-09-05|inter|vs|napoli,Serie A,2026-09-05,19:00 - Sat 05 Sep,Inter Milan,Napoli,sportsgambler,1x2,1,1,,,,Inter To Win @ 1.62,2026-09-05T08:07:03Z
2026-09-05|inter|vs|napoli,Serie A,2026-09-05,19:00 - Sat 05 Sep,Inter Milan,Napoli,sportsgambler,btts,No,No,,,,Inter To Win @ 1.62,2026-09-05T08:07:03Z
2026-09-05|inter|vs|napoli,Serie A,2026-09-05,19:00 - Sat 05 Sep,Inter Milan,Napoli,sportsgambler,over_under,Under,Under,,,,Inter To Win @ 1.62,2026-09-05T08:07:03Z
2026-09-05|roma|vs|atalanta,Serie A,2026-09-05,21:45 - Sat 05 Sep,Roma,Atalanta,sportsgambler,correct_score,2 - 0,2 - 0,,,,Roma To Win @ 1.64,2026-09-05T08:07:03Z
2026-09-05|roma|vs|atalanta,Serie A,2026-09-05,21:45 - Sat 05 Sep,Roma,Atalanta,sportsgambler,1x2,1,1,,,,Roma To Win @ 1.64,2026-09-05T08:07:03Z
2026-09-05|roma|vs|atalanta,Serie A,2026-09-05,21:45 - Sat 05 Sep,Roma,Atalanta,sportsgambler,btts,No,No,,,,Roma To Win @ 1.64,2026-09-05T08:07:03Z
2026-09-05|roma|vs|atalanta,Serie A,2026-09-05,21:45 - Sat 05 Sep,Roma,Atalanta,sportsgambler,over_under,Under,Under,,,,Roma To Win @ 1.64,2026-09-05T08:07:03Z
2026-09-06|frosinone|vs|venezia,Serie A,2026-09-06,16:00 - Sun 06 Sep,Frosinone,Venezia,sportsgambler,correct_score,2 - 1,2 - 1,,,,Frosinone Asian Hcp +0.25 @ 1.71,2026-09-05T08:07:03Z
2026-09-06|frosinone|vs|venezia,Serie A,2026-09-06,16:00 - Sun 06 Sep,Frosinone,Venezia,sportsgambler,1x2,1,1,,,,Frosinone Asian Hcp +0.25 @ 1.71,2026-09-05T08:07:03Z
2026-09-06|frosinone|vs|venezia,Serie A,2026-09-06,16:00 - Sun 06 Sep,Frosinone,Venezia,sportsgambler,btts,Yes,Yes,,,,Frosinone Asian Hcp +0.25 @ 1.71,2026-09-05T08:07:03Z
2026-09-06|frosinone|vs|venezia,Serie A,2026-09-06,16:00 - Sun 06 Sep,Frosinone,Venezia,sportsgambler,over_under,Over,Over,,,,Frosinone Asian Hcp +0.25 @ 1.71,2026-09-05T08:07:03Z
2026-09-06|parma|vs|monza,Serie A,2026-09-06,16:00 - Sun 06 Sep,Parma,Monza,sportsgambler,correct_score,0 - 1,0 - 1,,,,Monza Asian Hcp +0.25 @ 1.75,2026-09-05T08:07:03Z
2026-09-06|parma|vs|monza,Serie A,2026-09-06,16:00 - Sun 06 Sep,Parma,Monza,sportsgambler,1x2,2,2,,,,Monza Asian Hcp +0.25 @ 1.75,2026-09-05T08:07:03Z
2026-09-06|parma|vs|monza,Serie A,2026-09-06,16:00 - Sun 06 Sep,Parma,Monza,sportsgambler,btts,No,No,,,,Monza Asian Hcp +0.25 @ 1.75,2026-09-05T08:07:03Z
2026-09-06|parma|vs|monza,Serie A,2026-09-06,16:00 - Sun 06 Sep,Parma,Monza,sportsgambler,over_under,Under,Under,,,,Monza Asian Hcp +0.25 @ 1.75,2026-09-05T08:07:03Z
2026-09-06|bologna|vs|sassuolo,Serie A,2026-09-06,19:00 - Sun 06 Sep,Bologna,Sassuolo,sportsgambler,correct_score,1 - 1,1 - 1,,,,Sassuolo Asian Hcp +0.5 @ 1.85,2026-09-05T08:07:03Z
2026-09-06|bologna|vs|sassuolo,Serie A,2026-09-06,19:00 - Sun 06 Sep,Bologna,Sassuolo,sportsgambler,1x2,X,X,,,,Sassuolo Asian Hcp +0.5 @ 1.85,2026-09-05T08:07:03Z
2026-09-06|bologna|vs|sassuolo,Serie A,2026-09-06,19:00 - Sun 06 Sep,Bologna,Sassuolo,sportsgambler,btts,Yes,Yes,,,,Sassuolo Asian Hcp +0.5 @ 1.85,2026-09-05T08:07:03Z
2026-09-06|bologna|vs|sassuolo,Serie A,2026-09-06,19:00 - Sun 06 Sep,Bologna,Sassuolo,sportsgambler,over_under,Under,Under,,,,Sassuolo Asian Hcp +0.5 @ 1.85,2026-09-05T08:07:03Z
2026-09-06|juventus|vs|milan,Serie A,2026-09-06,21:45 - Sun 06 Sep,Juventus,AC Milan,sportsgambler,correct_score,2 - 1,2 - 1,,,,Juventus To Win @ 2.06,2026-09-05T08:07:03Z
2026-09-06|juventus|vs|milan,Serie A,2026-09-06,21:45 - Sun 06 Sep,Juventus,AC Milan,sportsgambler,1x2,1,1,,,,Juventus To Win @ 2.06,2026-09-05T08:07:03Z
2026-09-06|juventus|vs|milan,Serie A,2026-09-06,21:45 - Sun 06 Sep,Juventus,AC Milan,sportsgambler,btts,Yes,Yes,,,,Juventus To Win @ 2.06,2026-09-05T08:07:03Z
2026-09-06|juventus|vs|milan,Serie A,2026-09-06,21:45 - Sun 06 Sep,Juventus,AC Milan,sportsgambler,over_under,Over,Over,,,,Juventus To Win @ 2.06,2026-09-05T08:07:03Z
2026-09-05|lens|vs|lorient,Ligue 1,2026-09-05,18:15 - Sat 05 Sep,Lens,Lorient,sportsgambler,correct_score,2 - 1,2 - 1,,,,Both Teams To Score - Yes @ 1.81,2026-09-05T08:07:03Z
2026-09-05|lens|vs|lorient,Ligue 1,2026-09-05,18:15 - Sat 05 Sep,Lens,Lorient,sportsgambler,1x2,1,1,,,,Both Teams To Score - Yes @ 1.81,2026-09-05T08:07:03Z
2026-09-05|lens|vs|lorient,Ligue 1,2026-09-05,18:15 - Sat 05 Sep,Lens,Lorient,sportsgambler,btts,Yes,Yes,,,,Both Teams To Score - Yes @ 1.81,2026-09-05T08:07:03Z
2026-09-05|lens|vs|lorient,Ligue 1,2026-09-05,18:15 - Sat 05 Sep,Lens,Lorient,sportsgambler,over_under,Over,Over,,,,Both Teams To Score - Yes @ 1.81,2026-09-05T08:07:03Z
2026-09-05|le-havre|vs|brest,Ligue 1,2026-09-05,21:45 - Sat 05 Sep,Le Havre,Brest,sportsgambler,correct_score,1 - 1,1 - 1,,,,Under 2.5 Goals @ 1.75,2026-09-05T08:07:03Z
2026-09-05|le-havre|vs|brest,Ligue 1,2026-09-05,21:45 - Sat 05 Sep,Le Havre,Brest,sportsgambler,1x2,X,X,,,,Under 2.5 Goals @ 1.75,2026-09-05T08:07:03Z
2026-09-05|le-havre|vs|brest,Ligue 1,2026-09-05,21:45 - Sat 05 Sep,Le Havre,Brest,sportsgambler,btts,Yes,Yes,,,,Under 2.5 Goals @ 1.75,2026-09-05T08:07:03Z
2026-09-05|le-havre|vs|brest,Ligue 1,2026-09-05,21:45 - Sat 05 Sep,Le Havre,Brest,sportsgambler,over_under,Under,Under,,,,Under 2.5 Goals @ 1.75,2026-09-05T08:07:03Z
2026-09-06|angers|vs|rennes,Ligue 1,2026-09-06,18:15 - Sun 06 Sep,Angers,Rennes,sportsgambler,correct_score,1 - 2,1 - 2,,,,Both Teams To Score - Yes @ 1.62,2026-09-05T08:07:03Z
2026-09-06|angers|vs|rennes,Ligue 1,2026-09-06,18:15 - Sun 06 Sep,Angers,Rennes,sportsgambler,1x2,2,2,,,,Both Teams To Score - Yes @ 1.62,2026-09-05T08:07:03Z
2026-09-06|angers|vs|rennes,Ligue 1,2026-09-06,18:15 - Sun 06 Sep,Angers,Rennes,sportsgambler,btts,Yes,Yes,,,,Both Teams To Score - Yes @ 1.62,2026-09-05T08:07:03Z
2026-09-06|angers|vs|rennes,Ligue 1,2026-09-06,18:15 - Sun 06 Sep,Angers,Rennes,sportsgambler,over_under,Over,Over,,,,Both Teams To Score - Yes @ 1.62,2026-09-05T08:07:03Z
2026-09-06|olympique-marseille|vs|paris-fc,Ligue 1,2026-09-06,21:45 - Sun 06 Sep,Marseille,Paris FC,sportsgambler,correct_score,1 - 1,1 - 1,,,,Paris Asian Hcp +0.75 @ 1.85,2026-09-05T08:07:03Z
2026-09-06|olympique-marseille|vs|paris-fc,Ligue 1,2026-09-06,21:45 - Sun 06 Sep,Marseille,Paris FC,sportsgambler,1x2,X,X,,,,Paris Asian Hcp +0.75 @ 1.85,2026-09-05T08:07:03Z
2026-09-06|olympique-marseille|vs|paris-fc,Ligue 1,2026-09-06,21:45 - Sun 06 Sep,Marseille,Paris FC,sportsgambler,btts,Yes,Yes,,,,Paris Asian Hcp +0.75 @ 1.85,2026-09-05T08:07:03Z
2026-09-06|olympique-marseille|vs|paris-fc,Ligue 1,2026-09-06,21:45 - Sun 06 Sep,Marseille,Paris FC,sportsgambler,over_under,Under,Under,,,,Paris Asian Hcp +0.75 @ 1.85,2026-09-05T08:07:03Z
2026-09-05|nijmegen|vs|feyenoord,Eredivisie,2026-09-05,17:30 - Sat 05 Sep,NEC Nijmegen,Feyenoord,sportsgambler,correct_score,1 - 2,1 - 2,,,,Feyenoord To Win @ 2.25,2026-09-05T08:07:03Z
2026-09-05|nijmegen|vs|feyenoord,Eredivisie,2026-09-05,17:30 - Sat 05 Sep,NEC Nijmegen,Feyenoord,sportsgambler,1x2,2,2,,,,Feyenoord To Win @ 2.25,2026-09-05T08:07:03Z
2026-09-05|nijmegen|vs|feyenoord,Eredivisie,2026-09-05,17:30 - Sat 05 Sep,NEC Nijmegen,Feyenoord,sportsgambler,btts,Yes,Yes,,,,Feyenoord To Win @ 2.25,2026-09-05T08:07:03Z
2026-09-05|nijmegen|vs|feyenoord,Eredivisie,2026-09-05,17:30 - Sat 05 Sep,NEC Nijmegen,Feyenoord,sportsgambler,over_under,Over,Over,,,,Feyenoord To Win @ 2.25,2026-09-05T08:07:03Z
2026-09-05|utrecht|vs|go-ahead-eagles,Eredivisie,2026-09-05,19:45 - Sat 05 Sep,FC Utrecht,Go Ahead Eagles,sportsgambler,correct_score,1 - 2,1 - 2,,,,GAE Asian Hcp +0.25 @ 2.02,2026-09-05T08:07:03Z
2026-09-05|utrecht|vs|go-ahead-eagles,Eredivisie,2026-09-05,19:45 - Sat 05 Sep,FC Utrecht,Go Ahead Eagles,sportsgambler,1x2,2,2,,,,GAE Asian Hcp +0.25 @ 2.02,2026-09-05T08:07:03Z
2026-09-05|utrecht|vs|go-ahead-eagles,Eredivisie,2026-09-05,19:45 - Sat 05 Sep,FC Utrecht,Go Ahead Eagles,sportsgambler,btts,Yes,Yes,,,,GAE Asian Hcp +0.25 @ 2.02,2026-09-05T08:07:03Z
2026-09-05|utrecht|vs|go-ahead-eagles,Eredivisie,2026-09-05,19:45 - Sat 05 Sep,FC Utrecht,Go Ahead Eagles,sportsgambler,over_under,Over,Over,,,,GAE Asian Hcp +0.25 @ 2.02,2026-09-05T08:07:03Z
2026-09-05|ajax|vs|psv-eindhoven,Eredivisie,2026-09-05,21:00 - Sat 05 Sep,Ajax,PSV Eindhoven,sportsgambler,correct_score,1 - 2,1 - 2,,,,PSV To Win @ 2.30,2026-09-05T08:07:03Z
2026-09-05|ajax|vs|psv-eindhoven,Eredivisie,2026-09-05,21:00 - Sat 05 Sep,Ajax,PSV Eindhoven,sportsgambler,1x2,2,2,,,,PSV To Win @ 2.30,2026-09-05T08:07:03Z
2026-09-05|ajax|vs|psv-eindhoven,Eredivisie,2026-09-05,21:00 - Sat 05 Sep,Ajax,PSV Eindhoven,sportsgambler,btts,Yes,Yes,,,,PSV To Win @ 2.30,2026-09-05T08:07:03Z
2026-09-05|ajax|vs|psv-eindhoven,Eredivisie,2026-09-05,21:00 - Sat 05 Sep,Ajax,PSV Eindhoven,sportsgambler,over_under,Over,Over,,,,PSV To Win @ 2.30,2026-09-05T08:07:03Z
2026-09-05|willem-ii|vs|excelsior,Eredivisie,2026-09-05,22:00 - Sat 05 Sep,Willem II,Excelsior,sportsgambler,correct_score,2 - 1,2 - 1,,,,Over 2.5 Goals @ 1.68,2026-09-05T08:07:03Z
2026-09-05|willem-ii|vs|excelsior,Eredivisie,2026-09-05,22:00 - Sat 05 Sep,Willem II,Excelsior,sportsgambler,1x2,1,1,,,,Over 2.5 Goals @ 1.68,2026-09-05T08:07:03Z
2026-09-05|willem-ii|vs|excelsior,Eredivisie,2026-09-05,22:00 - Sat 05 Sep,Willem II,Excelsior,sportsgambler,btts,Yes,Yes,,,,Over 2.5 Goals @ 1.68,2026-09-05T08:07:03Z
2026-09-05|willem-ii|vs|excelsior,Eredivisie,2026-09-05,22:00 - Sat 05 Sep,Willem II,Excelsior,sportsgambler,over_under,Over,Over,,,,Over 2.5 Goals @ 1.68,2026-09-05T08:07:03Z
2026-09-06|groningen|vs|twente,Eredivisie,2026-09-06,13:15 - Sun 06 Sep,FC Groningen,Twente,sportsgambler,correct_score,1 - 2,1 - 2,,,,Twente To Win @ 1.98,2026-09-05T08:07:03Z
2026-09-06|groningen|vs|twente,Eredivisie,2026-09-06,13:15 - Sun 06 Sep,FC Groningen,Twente,sportsgambler,1x2,2,2,,,,Twente To Win @ 1.98,2026-09-05T08:07:03Z
2026-09-06|groningen|vs|twente,Eredivisie,2026-09-06,13:15 - Sun 06 Sep,FC Groningen,Twente,sportsgambler,btts,Yes,Yes,,,,Twente To Win @ 1.98,2026-09-05T08:07:03Z
2026-09-06|groningen|vs|twente,Eredivisie,2026-09-06,13:15 - Sun 06 Sep,FC Groningen,Twente,sportsgambler,over_under,Over,Over,,,,Twente To Win @ 1.98,2026-09-05T08:07:03Z
2026-09-06|heerenveen|vs|az-alkmaar,Eredivisie,2026-09-06,15:30 - Sun 06 Sep,Heerenveen,AZ Alkmaar,sportsgambler,correct_score,1 - 3,1 - 3,,,,AZ Alkmaar To Win @ 1.78,2026-09-05T08:07:03Z
2026-09-06|heerenveen|vs|az-alkmaar,Eredivisie,2026-09-06,15:30 - Sun 06 Sep,Heerenveen,AZ Alkmaar,sportsgambler,1x2,2,2,,,,AZ Alkmaar To Win @ 1.78,2026-09-05T08:07:03Z
2026-09-06|heerenveen|vs|az-alkmaar,Eredivisie,2026-09-06,15:30 - Sun 06 Sep,Heerenveen,AZ Alkmaar,sportsgambler,btts,Yes,Yes,,,,AZ Alkmaar To Win @ 1.78,2026-09-05T08:07:03Z
2026-09-06|heerenveen|vs|az-alkmaar,Eredivisie,2026-09-06,15:30 - Sun 06 Sep,Heerenveen,AZ Alkmaar,sportsgambler,over_under,Over,Over,,,,AZ Alkmaar To Win @ 1.78,2026-09-05T08:07:03Z
2026-09-05|estrela-amadora|vs|fc-famalic-o,Liga Portugal,2026-09-05,17:30 - Sat 05 Sep,Estrela Amadora,Famalicão,sportsgambler,correct_score,1 - 0,1 - 0,,,,Estrela Asian Hcp +0.25 @ 1.78,2026-09-05T08:07:03Z
2026-09-05|estrela-amadora|vs|fc-famalic-o,Liga Portugal,2026-09-05,17:30 - Sat 05 Sep,Estrela Amadora,Famalicão,sportsgambler,1x2,1,1,,,,Estrela Asian Hcp +0.25 @ 1.78,2026-09-05T08:07:03Z
2026-09-05|estrela-amadora|vs|fc-famalic-o,Liga Portugal,2026-09-05,17:30 - Sat 05 Sep,Estrela Amadora,Famalicão,sportsgambler,btts,No,No,,,,Estrela Asian Hcp +0.25 @ 1.78,2026-09-05T08:07:03Z
2026-09-05|estrela-amadora|vs|fc-famalic-o,Liga Portugal,2026-09-05,17:30 - Sat 05 Sep,Estrela Amadora,Famalicão,sportsgambler,over_under,Under,Under,,,,Estrela Asian Hcp +0.25 @ 1.78,2026-09-05T08:07:03Z
2026-09-05|fc-alverca|vs|sporting-braga,Liga Portugal,2026-09-05,20:00 - Sat 05 Sep,Alverca,Braga,sportsgambler,correct_score,1 - 2,1 - 2,,,,Braga To Win @ 1.79,2026-09-05T08:07:03Z
2026-09-05|fc-alverca|vs|sporting-braga,Liga Portugal,2026-09-05,20:00 - Sat 05 Sep,Alverca,Braga,sportsgambler,1x2,2,2,,,,Braga To Win @ 1.79,2026-09-05T08:07:03Z
2026-09-05|fc-alverca|vs|sporting-braga,Liga Portugal,2026-09-05,20:00 - Sat 05 Sep,Alverca,Braga,sportsgambler,btts,Yes,Yes,,,,Braga To Win @ 1.79,2026-09-05T08:07:03Z
2026-09-05|fc-alverca|vs|sporting-braga,Liga Portugal,2026-09-05,20:00 - Sat 05 Sep,Alverca,Braga,sportsgambler,over_under,Over,Over,,,,Braga To Win @ 1.79,2026-09-05T08:07:03Z
2026-09-05|maritimo|vs|sl-benfica,Liga Portugal,2026-09-05,20:00 - Sat 05 Sep,Maritimo,Benfica,sportsgambler,correct_score,1 - 2,1 - 2,,,,Maritimo Asian Hcp +1.75 @ 1.75,2026-09-05T08:07:03Z
2026-09-05|maritimo|vs|sl-benfica,Liga Portugal,2026-09-05,20:00 - Sat 05 Sep,Maritimo,Benfica,sportsgambler,1x2,2,2,,,,Maritimo Asian Hcp +1.75 @ 1.75,2026-09-05T08:07:03Z
2026-09-05|maritimo|vs|sl-benfica,Liga Portugal,2026-09-05,20:00 - Sat 05 Sep,Maritimo,Benfica,sportsgambler,btts,Yes,Yes,,,,Maritimo Asian Hcp +1.75 @ 1.75,2026-09-05T08:07:03Z
2026-09-05|maritimo|vs|sl-benfica,Liga Portugal,2026-09-05,20:00 - Sat 05 Sep,Maritimo,Benfica,sportsgambler,over_under,Over,Over,,,,Maritimo Asian Hcp +1.75 @ 1.75,2026-09-05T08:07:03Z
2026-09-05|sporting-cp|vs|nacional-madeira,Liga Portugal,2026-09-05,22:30 - Sat 05 Sep,Sporting,Nacional,sportsgambler,correct_score,3 - 0,3 - 0,,,,Sporting Asian Hcp -2 @ 1.79,2026-09-05T08:07:03Z
2026-09-05|sporting-cp|vs|nacional-madeira,Liga Portugal,2026-09-05,22:30 - Sat 05 Sep,Sporting,Nacional,sportsgambler,1x2,1,1,,,,Sporting Asian Hcp -2 @ 1.79,2026-09-05T08:07:03Z
2026-09-05|sporting-cp|vs|nacional-madeira,Liga Portugal,2026-09-05,22:30 - Sat 05 Sep,Sporting,Nacional,sportsgambler,btts,No,No,,,,Sporting Asian Hcp -2 @ 1.79,2026-09-05T08:07:03Z
2026-09-05|sporting-cp|vs|nacional-madeira,Liga Portugal,2026-09-05,22:30 - Sat 05 Sep,Sporting,Nacional,sportsgambler,over_under,Over,Over,,,,Sporting Asian Hcp -2 @ 1.79,2026-09-05T08:07:03Z
2026-09-06|santa-clara|vs|rio-ave,Liga Portugal,2026-09-06,17:30 - Sun 06 Sep,Santa Clara,Rio Ave,sportsgambler,correct_score,1 - 0,1 - 0,,,,Under 2.5 Goals @ 1.66,2026-09-05T08:07:03Z
2026-09-06|santa-clara|vs|rio-ave,Liga Portugal,2026-09-06,17:30 - Sun 06 Sep,Santa Clara,Rio Ave,sportsgambler,1x2,1,1,,,,Under 2.5 Goals @ 1.66,2026-09-05T08:07:03Z
2026-09-06|santa-clara|vs|rio-ave,Liga Portugal,2026-09-06,17:30 - Sun 06 Sep,Santa Clara,Rio Ave,sportsgambler,btts,No,No,,,,Under 2.5 Goals @ 1.66,2026-09-05T08:07:03Z
2026-09-06|santa-clara|vs|rio-ave,Liga Portugal,2026-09-06,17:30 - Sun 06 Sep,Santa Clara,Rio Ave,sportsgambler,over_under,Under,Under,,,,Under 2.5 Goals @ 1.66,2026-09-05T08:07:03Z
2026-09-06|vit-ria|vs|casa-pia-ac,Liga Portugal,2026-09-06,20:00 - Sun 06 Sep,Vitória,Casa Pia,sportsgambler,correct_score,2 - 0,2 - 0,,,,Under 2.5 Goals @ 1.94,2026-09-05T08:07:03Z
2026-09-06|vit-ria|vs|casa-pia-ac,Liga Portugal,2026-09-06,20:00 - Sun 06 Sep,Vitória,Casa Pia,sportsgambler,1x2,1,1,,,,Under 2.5 Goals @ 1.94,2026-09-05T08:07:03Z
2026-09-06|vit-ria|vs|casa-pia-ac,Liga Portugal,2026-09-06,20:00 - Sun 06 Sep,Vitória,Casa Pia,sportsgambler,btts,No,No,,,,Under 2.5 Goals @ 1.94,2026-09-05T08:07:03Z
2026-09-06|vit-ria|vs|casa-pia-ac,Liga Portugal,2026-09-06,20:00 - Sun 06 Sep,Vitória,Casa Pia,sportsgambler,over_under,Under,Under,,,,Under 2.5 Goals @ 1.94,2026-09-05T08:07:03Z
2026-09-06|gil-vicente|vs|academico-viseu,Liga Portugal,2026-09-06,22:30 - Sun 06 Sep,Gil Vicente,Academico Viseu,sportsgambler,correct_score,1 - 1,1 - 1,,,,Both Teams To Score - Yes @ 1.90,2026-09-05T08:07:03Z
2026-09-06|gil-vicente|vs|academico-viseu,Liga Portugal,2026-09-06,22:30 - Sun 06 Sep,Gil Vicente,Academico Viseu,sportsgambler,1x2,X,X,,,,Both Teams To Score - Yes @ 1.90,2026-09-05T08:07:03Z
2026-09-06|gil-vicente|vs|academico-viseu,Liga Portugal,2026-09-06,22:30 - Sun 06 Sep,Gil Vicente,Academico Viseu,sportsgambler,btts,Yes,Yes,,,,Both Teams To Score - Yes @ 1.90,2026-09-05T08:07:03Z
2026-09-06|gil-vicente|vs|academico-viseu,Liga Portugal,2026-09-06,22:30 - Sun 06 Sep,Gil Vicente,Academico Viseu,sportsgambler,over_under,Under,Under,,,,Both Teams To Score - Yes @ 1.90,2026-09-05T08:07:03Z
2026-08-22|hull|vs|manchester-united,Premier League,2026-08-22,14:30 - Sat 22 Aug,Hull,Manchester United,sportsgambler,correct_score,1 - 2,1 - 2,,,,Hull Asian Hcp +1.5 @ 1.82,2026-08-22T03:23:55Z
2026-08-22|hull|vs|manchester-united,Premier League,2026-08-22,14:30 - Sat 22 Aug,Hull,Manchester United,sportsgambler,1x2,2,2,,,,Hull Asian Hcp +1.5 @ 1.82,2026-08-22T03:58:15Z
2026-08-22|hull|vs|manchester-united,Premier League,2026-08-22,14:30 - Sat 22 Aug,Hull,Manchester United,sportsgambler,btts,Yes,Yes,,,,Hull Asian Hcp +1.5 @ 1.82,2026-08-22T03:58:15Z
2026-08-22|hull|vs|manchester-united,Premier League,2026-08-22,14:30 - Sat 22 Aug,Hull,Manchester United,sportsgambler,over_under,Over,Over,,,,Hull Asian Hcp +1.5 @ 1.82,2026-08-22T03:58:15Z
2026-08-22|ipswich|vs|sunderland,Premier League,2026-08-22,17:00 - Sat 22 Aug,Ipswich,Sunderland,sportsgambler,correct_score,1 - 1,1 - 1,,,,Both Teams To Score - Yes @ 1.68,2026-08-22T03:23:55Z
2026-08-22|ipswich|vs|sunderland,Premier League,2026-08-22,17:00 - Sat 22 Aug,Ipswich,Sunderland,sportsgambler,1x2,X,X,,,,Both Teams To Score - Yes @ 1.68,2026-08-22T03:58:15Z
2026-08-22|ipswich|vs|sunderland,Premier League,2026-08-22,17:00 - Sat 22 Aug,Ipswich,Sunderland,sportsgambler,btts,Yes,Yes,,,,Both Teams To Score - Yes @ 1.68,2026-08-22T03:58:15Z
2026-08-22|ipswich|vs|sunderland,Premier League,2026-08-22,17:00 - Sat 22 Aug,Ipswich,Sunderland,sportsgambler,over_under,Under,Under,,,,Both Teams To Score - Yes @ 1.68,2026-08-22T03:58:15Z
2026-08-22|nottingham-forest|vs|leeds-united,Premier League,2026-08-22,17:00 - Sat 22 Aug,Nottingham Forest,Leeds,sportsgambler,correct_score,1 - 0,1 - 0,,,,Forest To Win @ 2.30,2026-08-22T03:23:55Z
2026-08-22|nottingham-forest|vs|leeds-united,Premier League,2026-08-22,17:00 - Sat 22 Aug,Nottingham Forest,Leeds,sportsgambler,1x2,1,1,,,,Forest To Win @ 2.30,2026-08-22T03:58:15Z
2026-08-22|nottingham-forest|vs|leeds-united,Premier League,2026-08-22,17:00 - Sat 22 Aug,Nottingham Forest,Leeds,sportsgambler,btts,No,No,,,,Forest To Win @ 2.30,2026-08-22T03:58:15Z
2026-08-22|nottingham-forest|vs|leeds-united,Premier League,2026-08-22,17:00 - Sat 22 Aug,Nottingham Forest,Leeds,sportsgambler,over_under,Under,Under,,,,Forest To Win @ 2.30,2026-08-22T03:58:15Z
2026-08-22|everton|vs|crystal-palace,Premier League,2026-08-22,17:00 - Sat 22 Aug,Everton,Crystal Palace,sportsgambler,correct_score,2 - 1,2 - 1,,,,Over 2.5 Goals @ 1.89,2026-08-22T03:23:55Z
2026-08-22|everton|vs|crystal-palace,Premier League,2026-08-22,17:00 - Sat 22 Aug,Everton,Crystal Palace,sportsgambler,1x2,1,1,,,,Over 2.5 Goals @ 1.89,2026-08-22T03:58:15Z
2026-08-22|everton|vs|crystal-palace,Premier League,2026-08-22,17:00 - Sat 22 Aug,Everton,Crystal Palace,sportsgambler,btts,Yes,Yes,,,,Over 2.5 Goals @ 1.89,2026-08-22T03:58:15Z
2026-08-22|everton|vs|crystal-palace,Premier League,2026-08-22,17:00 - Sat 22 Aug,Everton,Crystal Palace,sportsgambler,over_under,Over,Over,,,,Over 2.5 Goals @ 1.89,2026-08-22T03:58:15Z
2026-08-22|brentford|vs|tottenham,Premier League,2026-08-22,19:30 - Sat 22 Aug,Brentford,Tottenham,sportsgambler,correct_score,1 - 0,1 - 0,,,,Brentford Asian Hcp 0.0 @ 1.75,2026-08-22T03:23:55Z
2026-08-22|brentford|vs|tottenham,Premier League,2026-08-22,19:30 - Sat 22 Aug,Brentford,Tottenham,sportsgambler,1x2,1,1,,,,Brentford Asian Hcp 0.0 @ 1.75,2026-08-22T03:58:15Z
2026-08-22|brentford|vs|tottenham,Premier League,2026-08-22,19:30 - Sat 22 Aug,Brentford,Tottenham,sportsgambler,btts,No,No,,,,Brentford Asian Hcp 0.0 @ 1.75,2026-08-22T03:58:15Z
2026-08-22|brentford|vs|tottenham,Premier League,2026-08-22,19:30 - Sat 22 Aug,Brentford,Tottenham,sportsgambler,over_under,Under,Under,,,,Brentford Asian Hcp 0.0 @ 1.75,2026-08-22T03:58:15Z
2026-08-23|brighton|vs|aston-villa,Premier League,2026-08-23,16:00 - Sun 23 Aug,Brighton,Aston Villa,sportsgambler,correct_score,2 - 1,2 - 1,,,,Brighton To Win @ 2.23,2026-08-22T03:23:55Z
2026-08-23|brighton|vs|aston-villa,Premier League,2026-08-23,16:00 - Sun 23 Aug,Brighton,Aston Villa,sportsgambler,1x2,1,1,,,,Brighton To Win @ 2.23,2026-08-22T03:58:15Z
2026-08-23|brighton|vs|aston-villa,Premier League,2026-08-23,16:00 - Sun 23 Aug,Brighton,Aston Villa,sportsgambler,btts,Yes,Yes,,,,Brighton To Win @ 2.23,2026-08-22T03:58:15Z
2026-08-23|brighton|vs|aston-villa,Premier League,2026-08-23,16:00 - Sun 23 Aug,Brighton,Aston Villa,sportsgambler,over_under,Over,Over,,,,Brighton To Win @ 2.23,2026-08-22T03:58:15Z
2026-08-23|manchester-city|vs|bournemouth,Premier League,2026-08-23,16:00 - Sun 23 Aug,Manchester City,Bournemouth,sportsgambler,correct_score,1 - 1,1 - 1,,,,Bournemouth Asian Hcp +1.25 @ 1.91,2026-08-22T03:23:55Z
2026-08-23|manchester-city|vs|bournemouth,Premier League,2026-08-23,16:00 - Sun 23 Aug,Manchester City,Bournemouth,sportsgambler,1x2,X,X,,,,Bournemouth Asian Hcp +1.25 @ 1.91,2026-08-22T03:58:15Z
2026-08-23|manchester-city|vs|bournemouth,Premier League,2026-08-23,16:00 - Sun 23 Aug,Manchester City,Bournemouth,sportsgambler,btts,Yes,Yes,,,,Bournemouth Asian Hcp +1.25 @ 1.91,2026-08-22T03:58:15Z
2026-08-23|manchester-city|vs|bournemouth,Premier League,2026-08-23,16:00 - Sun 23 Aug,Manchester City,Bournemouth,sportsgambler,over_under,Under,Under,,,,Bournemouth Asian Hcp +1.25 @ 1.91,2026-08-22T03:58:15Z
2026-08-23|newcastle|vs|liverpool,Premier League,2026-08-23,18:30 - Sun 23 Aug,Newcastle,Liverpool,sportsgambler,correct_score,1 - 1,1 - 1,,,,Newcastle Asian Hcp +0.5 @ 1.96,2026-08-22T03:23:55Z
2026-08-23|newcastle|vs|liverpool,Premier League,2026-08-23,18:30 - Sun 23 Aug,Newcastle,Liverpool,sportsgambler,1x2,X,X,,,,Newcastle Asian Hcp +0.5 @ 1.96,2026-08-22T03:58:15Z
2026-08-23|newcastle|vs|liverpool,Premier League,2026-08-23,18:30 - Sun 23 Aug,Newcastle,Liverpool,sportsgambler,btts,Yes,Yes,,,,Newcastle Asian Hcp +0.5 @ 1.96,2026-08-22T03:58:15Z
2026-08-23|newcastle|vs|liverpool,Premier League,2026-08-23,18:30 - Sun 23 Aug,Newcastle,Liverpool,sportsgambler,over_under,Under,Under,,,,Newcastle Asian Hcp +0.5 @ 1.96,2026-08-22T03:58:15Z
2026-08-22|athletic-bilbao|vs|sevilla,LaLiga,2026-08-22,18:00 - Sat 22 Aug,Athletic Club,Sevilla,sportsgambler,correct_score,1 - 0,1 - 0,,,,Under 2.5 Goals @ 1.67,2026-08-22T03:23:55Z
2026-08-22|athletic-bilbao|vs|sevilla,LaLiga,2026-08-22,18:00 - Sat 22 Aug,Athletic Club,Sevilla,sportsgambler,1x2,1,1,,,,Under 2.5 Goals @ 1.67,2026-08-22T03:58:15Z
2026-08-22|athletic-bilbao|vs|sevilla,LaLiga,2026-08-22,18:00 - Sat 22 Aug,Athletic Club,Sevilla,sportsgambler,btts,No,No,,,,Under 2.5 Goals @ 1.67,2026-08-22T03:58:15Z
2026-08-22|athletic-bilbao|vs|sevilla,LaLiga,2026-08-22,18:00 - Sat 22 Aug,Athletic Club,Sevilla,sportsgambler,over_under,Under,Under,,,,Under 2.5 Goals @ 1.67,2026-08-22T03:58:15Z
2026-08-22|valencia|vs|celta-vigo,LaLiga,2026-08-22,20:30 - Sat 22 Aug,Valencia,Celta Vigo,sportsgambler,correct_score,0 - 1,0 - 1,,,,Celta Asian Hcp +0.25 @ 1.81,2026-08-22T03:23:55Z
2026-08-22|valencia|vs|celta-vigo,LaLiga,2026-08-22,20:30 - Sat 22 Aug,Valencia,Celta Vigo,sportsgambler,1x2,2,2,,,,Celta Asian Hcp +0.25 @ 1.81,2026-08-22T03:58:15Z
2026-08-22|valencia|vs|celta-vigo,LaLiga,2026-08-22,20:30 - Sat 22 Aug,Valencia,Celta Vigo,sportsgambler,btts,No,No,,,,Celta Asian Hcp +0.25 @ 1.81,2026-08-22T03:58:15Z
2026-08-22|valencia|vs|celta-vigo,LaLiga,2026-08-22,20:30 - Sat 22 Aug,Valencia,Celta Vigo,sportsgambler,over_under,Under,Under,,,,Celta Asian Hcp +0.25 @ 1.81,2026-08-22T03:58:15Z
2026-08-22|espanyol|vs|real-madrid,LaLiga,2026-08-22,22:30 - Sat 22 Aug,Espanyol,Real Madrid,sportsgambler,correct_score,1 - 1,1 - 1,,,,Espanyol Asian Hcp +1.25 @ 1.91,2026-08-22T03:23:55Z
2026-08-22|espanyol|vs|real-madrid,LaLiga,2026-08-22,22:30 - Sat 22 Aug,Espanyol,Real Madrid,sportsgambler,1x2,X,X,,,,Espanyol Asian Hcp +1.25 @ 1.91,2026-08-22T03:58:15Z
2026-08-22|espanyol|vs|real-madrid,LaLiga,2026-08-22,22:30 - Sat 22 Aug,Espanyol,Real Madrid,sportsgambler,btts,Yes,Yes,,,,Espanyol Asian Hcp +1.25 @ 1.91,2026-08-22T03:58:15Z
2026-08-22|espanyol|vs|real-madrid,LaLiga,2026-08-22,22:30 - Sat 22 Aug,Espanyol,Real Madrid,sportsgambler,over_under,Under,Under,,,,Espanyol Asian Hcp +1.25 @ 1.91,2026-08-22T03:58:15Z
2026-08-23|atl-tico-madrid|vs|villarreal,LaLiga,2026-08-23,18:00 - Sun 23 Aug,Atlético Madrid,Villarreal,sportsgambler,correct_score,1 - 0,1 - 0,,,,Atléti To Win @ 1.86,2026-08-22T03:23:55Z
2026-08-23|atl-tico-madrid|vs|villarreal,LaLiga,2026-08-23,18:00 - Sun 23 Aug,Atlético Madrid,Villarreal,sportsgambler,1x2,1,1,,,,Atléti To Win @ 1.86,2026-08-22T03:58:15Z
2026-08-23|atl-tico-madrid|vs|villarreal,LaLiga,2026-08-23,18:00 - Sun 23 Aug,Atlético Madrid,Villarreal,sportsgambler,btts,No,No,,,,Atléti To Win @ 1.86,2026-08-22T03:58:15Z
2026-08-23|atl-tico-madrid|vs|villarreal,LaLiga,2026-08-23,18:00 - Sun 23 Aug,Atlético Madrid,Villarreal,sportsgambler,over_under,Under,Under,,,,Atléti To Win @ 1.86,2026-08-22T03:58:15Z
2026-08-23|getafe|vs|racing-santander,LaLiga,2026-08-23,20:30 - Sun 23 Aug,Getafe,Racing Club,sportsgambler,correct_score,0 - 1,0 - 1,,,,Racing Asian Hcp +0.25 @ 1.95,2026-08-22T03:23:55Z
2026-08-23|getafe|vs|racing-santander,LaLiga,2026-08-23,20:30 - Sun 23 Aug,Getafe,Racing Club,sportsgambler,1x2,2,2,,,,Racing Asian Hcp +0.25 @ 1.95,2026-08-22T03:58:15Z
2026-08-23|getafe|vs|racing-santander,LaLiga,2026-08-23,20:30 - Sun 23 Aug,Getafe,Racing Club,sportsgambler,btts,No,No,,,,Racing Asian Hcp +0.25 @ 1.95,2026-08-22T03:58:15Z
2026-08-23|getafe|vs|racing-santander,LaLiga,2026-08-23,20:30 - Sun 23 Aug,Getafe,Racing Club,sportsgambler,over_under,Under,Under,,,,Racing Asian Hcp +0.25 @ 1.95,2026-08-22T03:58:15Z
2026-08-23|elche|vs|barcelona,LaLiga,2026-08-23,22:30 - Sun 23 Aug,Elche,Barcelona,sportsgambler,correct_score,0 - 1,0 - 1,,,,Elche Asian Hcp +1.5 @ 1.97,2026-08-22T03:23:55Z
2026-08-23|elche|vs|barcelona,LaLiga,2026-08-23,22:30 - Sun 23 Aug,Elche,Barcelona,sportsgambler,1x2,2,2,,,,Elche Asian Hcp +1.5 @ 1.97,2026-08-22T03:58:15Z
2026-08-23|elche|vs|barcelona,LaLiga,2026-08-23,22:30 - Sun 23 Aug,Elche,Barcelona,sportsgambler,btts,No,No,,,,Elche Asian Hcp +1.5 @ 1.97,2026-08-22T03:58:15Z
2026-08-23|elche|vs|barcelona,LaLiga,2026-08-23,22:30 - Sun 23 Aug,Elche,Barcelona,sportsgambler,over_under,Under,Under,,,,Elche Asian Hcp +1.5 @ 1.97,2026-08-22T03:58:15Z
2026-08-22|inter|vs|monza,Serie A,2026-08-22,19:30 - Sat 22 Aug,Inter Milan,Monza,sportsgambler,correct_score,1 - 0,1 - 0,,,,Monza Asian Hcp +1.75 @ 2.02,2026-08-22T03:23:55Z
2026-08-22|inter|vs|monza,Serie A,2026-08-22,19:30 - Sat 22 Aug,Inter Milan,Monza,sportsgambler,1x2,1,1,,,,Monza Asian Hcp +1.75 @ 2.02,2026-08-22T03:58:15Z
2026-08-22|inter|vs|monza,Serie A,2026-08-22,19:30 - Sat 22 Aug,Inter Milan,Monza,sportsgambler,btts,No,No,,,,Monza Asian Hcp +1.75 @ 2.02,2026-08-22T03:58:15Z
2026-08-22|inter|vs|monza,Serie A,2026-08-22,19:30 - Sat 22 Aug,Inter Milan,Monza,sportsgambler,over_under,Under,Under,,,,Monza Asian Hcp +1.75 @ 2.02,2026-08-22T03:58:15Z
2026-08-22|udinese|vs|como,Serie A,2026-08-22,19:30 - Sat 22 Aug,Udinese,Como,sportsgambler,correct_score,0 - 1,0 - 1,,,,Under 2.5 Goals @ 1.70,2026-08-22T03:23:55Z
2026-08-22|udinese|vs|como,Serie A,2026-08-22,19:30 - Sat 22 Aug,Udinese,Como,sportsgambler,1x2,2,2,,,,Under 2.5 Goals @ 1.70,2026-08-22T03:58:15Z
2026-08-22|udinese|vs|como,Serie A,2026-08-22,19:30 - Sat 22 Aug,Udinese,Como,sportsgambler,btts,No,No,,,,Under 2.5 Goals @ 1.70,2026-08-22T03:58:15Z
2026-08-22|udinese|vs|como,Serie A,2026-08-22,19:30 - Sat 22 Aug,Udinese,Como,sportsgambler,over_under,Under,Under,,,,Under 2.5 Goals @ 1.70,2026-08-22T03:58:15Z
2026-08-22|genoa|vs|napoli,Serie A,2026-08-22,21:45 - Sat 22 Aug,Genoa,Napoli,sportsgambler,correct_score,0 - 1,0 - 1,,,,Napoli To Win @ 1.83,2026-08-22T03:23:55Z
2026-08-22|genoa|vs|napoli,Serie A,2026-08-22,21:45 - Sat 22 Aug,Genoa,Napoli,sportsgambler,1x2,2,2,,,,Napoli To Win @ 1.83,2026-08-22T03:58:15Z
2026-08-22|genoa|vs|napoli,Serie A,2026-08-22,21:45 - Sat 22 Aug,Genoa,Napoli,sportsgambler,btts,No,No,,,,Napoli To Win @ 1.83,2026-08-22T03:58:15Z
2026-08-22|genoa|vs|napoli,Serie A,2026-08-22,21:45 - Sat 22 Aug,Genoa,Napoli,sportsgambler,over_under,Under,Under,,,,Napoli To Win @ 1.83,2026-08-22T03:58:15Z
2026-08-22|parma|vs|cagliari,Serie A,2026-08-22,21:45 - Sat 22 Aug,Parma,Cagliari,sportsgambler,correct_score,0 - 1,0 - 1,,,,Cagliari Asian Hcp +0.25 @ 1.67,2026-08-22T03:23:55Z
2026-08-22|parma|vs|cagliari,Serie A,2026-08-22,21:45 - Sat 22 Aug,Parma,Cagliari,sportsgambler,1x2,2,2,,,,Cagliari Asian Hcp +0.25 @ 1.67,2026-08-22T03:58:15Z
2026-08-22|parma|vs|cagliari,Serie A,2026-08-22,21:45 - Sat 22 Aug,Parma,Cagliari,sportsgambler,btts,No,No,,,,Cagliari Asian Hcp +0.25 @ 1.67,2026-08-22T03:58:15Z
2026-08-22|parma|vs|cagliari,Serie A,2026-08-22,21:45 - Sat 22 Aug,Parma,Cagliari,sportsgambler,over_under,Under,Under,,,,Cagliari Asian Hcp +0.25 @ 1.67,2026-08-22T03:58:15Z
2026-08-23|frosinone|vs|juventus,Serie A,2026-08-23,19:30 - Sun 23 Aug,Frosinone,Juventus,sportsgambler,correct_score,1 - 1,1 - 1,,,,Frosinone Asian Hcp +1.25 @ 1.82,2026-08-22T03:23:55Z
2026-08-23|frosinone|vs|juventus,Serie A,2026-08-23,19:30 - Sun 23 Aug,Frosinone,Juventus,sportsgambler,1x2,X,X,,,,Frosinone Asian Hcp +1.25 @ 1.82,2026-08-22T03:58:15Z
2026-08-23|frosinone|vs|juventus,Serie A,2026-08-23,19:30 - Sun 23 Aug,Frosinone,Juventus,sportsgambler,btts,Yes,Yes,,,,Frosinone Asian Hcp +1.25 @ 1.82,2026-08-22T03:58:15Z
2026-08-23|frosinone|vs|juventus,Serie A,2026-08-23,19:30 - Sun 23 Aug,Frosinone,Juventus,sportsgambler,over_under,Under,Under,,,,Frosinone Asian Hcp +1.25 @ 1.82,2026-08-22T03:58:15Z
2026-08-23|venezia|vs|lecce,Serie A,2026-08-23,19:30 - Sun 23 Aug,Venezia,Lecce,sportsgambler,correct_score,2 - 1,2 - 1,,,,Venezia To Win @ 2.20,2026-08-22T03:23:55Z
2026-08-23|venezia|vs|lecce,Serie A,2026-08-23,19:30 - Sun 23 Aug,Venezia,Lecce,sportsgambler,1x2,1,1,,,,Venezia To Win @ 2.20,2026-08-22T03:58:15Z
2026-08-23|venezia|vs|lecce,Serie A,2026-08-23,19:30 - Sun 23 Aug,Venezia,Lecce,sportsgambler,btts,Yes,Yes,,,,Venezia To Win @ 2.20,2026-08-22T03:58:15Z
2026-08-23|venezia|vs|lecce,Serie A,2026-08-23,19:30 - Sun 23 Aug,Venezia,Lecce,sportsgambler,over_under,Over,Over,,,,Venezia To Win @ 2.20,2026-08-22T03:58:15Z
2026-08-23|torino|vs|milan,Serie A,2026-08-23,21:45 - Sun 23 Aug,Torino,AC Milan,sportsgambler,correct_score,0 - 2,0 - 2,,,,Milan To Win @ 1.72,2026-08-22T03:23:55Z
2026-08-23|torino|vs|milan,Serie A,2026-08-23,21:45 - Sun 23 Aug,Torino,AC Milan,sportsgambler,1x2,2,2,,,,Milan To Win @ 1.72,2026-08-22T03:58:15Z
2026-08-23|torino|vs|milan,Serie A,2026-08-23,21:45 - Sun 23 Aug,Torino,AC Milan,sportsgambler,btts,No,No,,,,Milan To Win @ 1.72,2026-08-22T03:58:15Z
2026-08-23|torino|vs|milan,Serie A,2026-08-23,21:45 - Sun 23 Aug,Torino,AC Milan,sportsgambler,over_under,Under,Under,,,,Milan To Win @ 1.72,2026-08-22T03:58:15Z
2026-08-23|atalanta|vs|sassuolo,Serie A,2026-08-23,21:45 - Sun 23 Aug,Atalanta,Sassuolo,sportsgambler,correct_score,1 - 1,1 - 1,,,,Sassuolo Asian Hcp +1 @ 2.00,2026-08-22T03:23:55Z
2026-08-23|atalanta|vs|sassuolo,Serie A,2026-08-23,21:45 - Sun 23 Aug,Atalanta,Sassuolo,sportsgambler,1x2,X,X,,,,Sassuolo Asian Hcp +1 @ 2.00,2026-08-22T03:58:15Z
2026-08-23|atalanta|vs|sassuolo,Serie A,2026-08-23,21:45 - Sun 23 Aug,Atalanta,Sassuolo,sportsgambler,btts,Yes,Yes,,,,Sassuolo Asian Hcp +1 @ 2.00,2026-08-22T03:58:15Z
2026-08-23|atalanta|vs|sassuolo,Serie A,2026-08-23,21:45 - Sun 23 Aug,Atalanta,Sassuolo,sportsgambler,over_under,Under,Under,,,,Sassuolo Asian Hcp +1 @ 2.00,2026-08-22T03:58:15Z
2026-08-22|lens|vs|auxerre,Ligue 1,2026-08-22,18:15 - Sat 22 Aug,Lens,Auxerre,sportsgambler,correct_score,1 - 1,1 - 1,,,,Auxerre Asian Hcp +1 @ 1.98,2026-08-22T03:23:55Z
2026-08-22|lens|vs|auxerre,Ligue 1,2026-08-22,18:15 - Sat 22 Aug,Lens,Auxerre,sportsgambler,1x2,X,X,,,,Auxerre Asian Hcp +1 @ 1.98,2026-08-22T03:58:15Z
2026-08-22|lens|vs|auxerre,Ligue 1,2026-08-22,18:15 - Sat 22 Aug,Lens,Auxerre,sportsgambler,btts,Yes,Yes,,,,Auxerre Asian Hcp +1 @ 1.98,2026-08-22T03:58:15Z
2026-08-22|lens|vs|auxerre,Ligue 1,2026-08-22,18:15 - Sat 22 Aug,Lens,Auxerre,sportsgambler,over_under,Under,Under,,,,Auxerre Asian Hcp +1 @ 1.98,2026-08-22T03:58:15Z
2026-08-22|nice|vs|lorient,Ligue 1,2026-08-22,21:45 - Sat 22 Aug,Nice,Lorient,sportsgambler,correct_score,1 - 1,1 - 1,,,,Lorient Asian Hcp +0.5 @ 1.79,2026-08-22T03:23:55Z
2026-08-22|nice|vs|lorient,Ligue 1,2026-08-22,21:45 - Sat 22 Aug,Nice,Lorient,sportsgambler,1x2,X,X,,,,Lorient Asian Hcp +0.5 @ 1.79,2026-08-22T03:58:15Z
2026-08-22|nice|vs|lorient,Ligue 1,2026-08-22,21:45 - Sat 22 Aug,Nice,Lorient,sportsgambler,btts,Yes,Yes,,,,Lorient Asian Hcp +0.5 @ 1.79,2026-08-22T03:58:15Z
2026-08-22|nice|vs|lorient,Ligue 1,2026-08-22,21:45 - Sat 22 Aug,Nice,Lorient,sportsgambler,over_under,Under,Under,,,,Lorient Asian Hcp +0.5 @ 1.79,2026-08-22T03:58:15Z
2026-08-22|toulouse|vs|lyon,Ligue 1,2026-08-22,21:45 - Sat 22 Aug,Toulouse,Lyon,sportsgambler,correct_score,2 - 1,2 - 1,,,,Over 2.5 Goals @ 1.74,2026-08-22T03:23:55Z
2026-08-22|toulouse|vs|lyon,Ligue 1,2026-08-22,21:45 - Sat 22 Aug,Toulouse,Lyon,sportsgambler,1x2,1,1,,,,Over 2.5 Goals @ 1.74,2026-08-22T03:58:15Z
2026-08-22|toulouse|vs|lyon,Ligue 1,2026-08-22,21:45 - Sat 22 Aug,Toulouse,Lyon,sportsgambler,btts,Yes,Yes,,,,Over 2.5 Goals @ 1.74,2026-08-22T03:58:15Z
2026-08-22|toulouse|vs|lyon,Ligue 1,2026-08-22,21:45 - Sat 22 Aug,Toulouse,Lyon,sportsgambler,over_under,Over,Over,,,,Over 2.5 Goals @ 1.74,2026-08-22T03:58:15Z
2026-08-23|angers|vs|lille,Ligue 1,2026-08-23,16:00 - Sun 23 Aug,Angers,Lille,sportsgambler,correct_score,1 - 1,1 - 1,,,,Under 2.5 Goals @ 1.85,2026-08-22T03:23:55Z
2026-08-23|angers|vs|lille,Ligue 1,2026-08-23,16:00 - Sun 23 Aug,Angers,Lille,sportsgambler,1x2,X,X,,,,Under 2.5 Goals @ 1.85,2026-08-22T03:58:15Z
2026-08-23|angers|vs|lille,Ligue 1,2026-08-23,16:00 - Sun 23 Aug,Angers,Lille,sportsgambler,btts,Yes,Yes,,,,Under 2.5 Goals @ 1.85,2026-08-22T03:58:15Z
2026-08-23|angers|vs|lille,Ligue 1,2026-08-23,16:00 - Sun 23 Aug,Angers,Lille,sportsgambler,over_under,Under,Under,,,,Under 2.5 Goals @ 1.85,2026-08-22T03:58:15Z
2026-08-23|le-havre|vs|monaco,Ligue 1,2026-08-23,18:15 - Sun 23 Aug,Le Havre,Monaco,sportsgambler,correct_score,1 - 1,1 - 1,,,,Le Havre Asian Hcp +0.5 @ 2.00,2026-08-22T03:23:55Z
2026-08-23|le-havre|vs|monaco,Ligue 1,2026-08-23,18:15 - Sun 23 Aug,Le Havre,Monaco,sportsgambler,1x2,X,X,,,,Le Havre Asian Hcp +0.5 @ 2.00,2026-08-22T03:58:15Z
2026-08-23|le-havre|vs|monaco,Ligue 1,2026-08-23,18:15 - Sun 23 Aug,Le Havre,Monaco,sportsgambler,btts,Yes,Yes,,,,Le Havre Asian Hcp +0.5 @ 2.00,2026-08-22T03:58:15Z
2026-08-23|le-havre|vs|monaco,Ligue 1,2026-08-23,18:15 - Sun 23 Aug,Le Havre,Monaco,sportsgambler,over_under,Under,Under,,,,Le Havre Asian Hcp +0.5 @ 2.00,2026-08-22T03:58:15Z
2026-08-23|rennes|vs|psg,Ligue 1,2026-08-23,21:45 - Sun 23 Aug,Rennes,PSG,sportsgambler,correct_score,2 - 2,2 - 2,,,,Rennes Asian Hcp +1.25 @ 1.83,2026-08-22T03:23:55Z
2026-08-23|rennes|vs|psg,Ligue 1,2026-08-23,21:45 - Sun 23 Aug,Rennes,PSG,sportsgambler,1x2,X,X,,,,Rennes Asian Hcp +1.25 @ 1.83,2026-08-22T03:58:15Z
2026-08-23|rennes|vs|psg,Ligue 1,2026-08-23,21:45 - Sun 23 Aug,Rennes,PSG,sportsgambler,btts,Yes,Yes,,,,Rennes Asian Hcp +1.25 @ 1.83,2026-08-22T03:58:15Z
2026-08-23|rennes|vs|psg,Ligue 1,2026-08-23,21:45 - Sun 23 Aug,Rennes,PSG,sportsgambler,over_under,Over,Over,,,,Rennes Asian Hcp +1.25 @ 1.83,2026-08-22T03:58:15Z
2026-08-22|fortuna-sittard|vs|az-alkmaar,Eredivisie,2026-08-22,17:30 - Sat 22 Aug,Fortuna Sittard,AZ Alkmaar,sportsgambler,correct_score,0 - 2,0 - 2,,,,AZ Alkmaar To Win @ 1.58,2026-08-22T03:23:55Z
2026-08-22|fortuna-sittard|vs|az-alkmaar,Eredivisie,2026-08-22,17:30 - Sat 22 Aug,Fortuna Sittard,AZ Alkmaar,sportsgambler,1x2,2,2,,,,AZ Alkmaar To Win @ 1.58,2026-08-22T03:58:15Z
2026-08-22|fortuna-sittard|vs|az-alkmaar,Eredivisie,2026-08-22,17:30 - Sat 22 Aug,Fortuna Sittard,AZ Alkmaar,sportsgambler,btts,No,No,,,,AZ Alkmaar To Win @ 1.58,2026-08-22T03:58:15Z
2026-08-22|fortuna-sittard|vs|az-alkmaar,Eredivisie,2026-08-22,17:30 - Sat 22 Aug,Fortuna Sittard,AZ Alkmaar,sportsgambler,over_under,Under,Under,,,,AZ Alkmaar To Win @ 1.58,2026-08-22T03:58:15Z
2026-08-22|sparta-rotterdam|vs|utrecht,Eredivisie,2026-08-22,19:45 - Sat 22 Aug,Sparta Rotterdam,FC Utrecht,sportsgambler,correct_score,1 - 2,1 - 2,,,,Utrecht Asian Hcp +0.25 @ 1.67,2026-08-22T03:23:55Z
2026-08-22|sparta-rotterdam|vs|utrecht,Eredivisie,2026-08-22,19:45 - Sat 22 Aug,Sparta Rotterdam,FC Utrecht,sportsgambler,1x2,2,2,,,,Utrecht Asian Hcp +0.25 @ 1.67,2026-08-22T03:58:15Z
2026-08-22|sparta-rotterdam|vs|utrecht,Eredivisie,2026-08-22,19:45 - Sat 22 Aug,Sparta Rotterdam,FC Utrecht,sportsgambler,btts,Yes,Yes,,,,Utrecht Asian Hcp +0.25 @ 1.67,2026-08-22T03:58:15Z
2026-08-22|sparta-rotterdam|vs|utrecht,Eredivisie,2026-08-22,19:45 - Sat 22 Aug,Sparta Rotterdam,FC Utrecht,sportsgambler,over_under,Over,Over,,,,Utrecht Asian Hcp +0.25 @ 1.67,2026-08-22T03:58:15Z
2026-08-22|heerenveen|vs|pec-zwolle,Eredivisie,2026-08-22,22:00 - Sat 22 Aug,Heerenveen,PEC Zwolle,sportsgambler,correct_score,2 - 0,2 - 0,,,,Heerenveen Asian Hcp -1 @ 1.89,2026-08-22T03:23:55Z
2026-08-22|heerenveen|vs|pec-zwolle,Eredivisie,2026-08-22,22:00 - Sat 22 Aug,Heerenveen,PEC Zwolle,sportsgambler,1x2,1,1,,,,Heerenveen Asian Hcp -1 @ 1.89,2026-08-22T03:58:15Z
2026-08-22|heerenveen|vs|pec-zwolle,Eredivisie,2026-08-22,22:00 - Sat 22 Aug,Heerenveen,PEC Zwolle,sportsgambler,btts,No,No,,,,Heerenveen Asian Hcp -1 @ 1.89,2026-08-22T03:58:15Z
2026-08-22|heerenveen|vs|pec-zwolle,Eredivisie,2026-08-22,22:00 - Sat 22 Aug,Heerenveen,PEC Zwolle,sportsgambler,over_under,Under,Under,,,,Heerenveen Asian Hcp -1 @ 1.89,2026-08-22T03:58:15Z
2026-08-23|psv-eindhoven|vs|groningen,Eredivisie,2026-08-23,15:30 - Sun 23 Aug,PSV Eindhoven,FC Groningen,sportsgambler,correct_score,1 - 1,1 - 1,,,,Groningen Asian Hcp +1.5 @ 1.95,2026-08-22T03:23:55Z
2026-08-23|psv-eindhoven|vs|groningen,Eredivisie,2026-08-23,15:30 - Sun 23 Aug,PSV Eindhoven,FC Groningen,sportsgambler,1x2,X,X,,,,Groningen Asian Hcp +1.5 @ 1.95,2026-08-22T03:58:15Z
2026-08-23|psv-eindhoven|vs|groningen,Eredivisie,2026-08-23,15:30 - Sun 23 Aug,PSV Eindhoven,FC Groningen,sportsgambler,btts,Yes,Yes,,,,Groningen Asian Hcp +1.5 @ 1.95,2026-08-22T03:58:15Z
2026-08-23|psv-eindhoven|vs|groningen,Eredivisie,2026-08-23,15:30 - Sun 23 Aug,PSV Eindhoven,FC Groningen,sportsgambler,over_under,Under,Under,,,,Groningen Asian Hcp +1.5 @ 1.95,2026-08-22T03:58:15Z
2026-08-22|gd-estoril|vs|rio-ave,Liga Portugal,2026-08-22,20:00 - Sat 22 Aug,Estoril,Rio Ave,sportsgambler,correct_score,2 - 1,2 - 1,,,,Estoril To Win @ 1.84,2026-08-22T03:23:55Z
2026-08-22|gd-estoril|vs|rio-ave,Liga Portugal,2026-08-22,20:00 - Sat 22 Aug,Estoril,Rio Ave,sportsgambler,1x2,1,1,,,,Estoril To Win @ 1.84,2026-08-22T03:58:15Z
2026-08-22|gd-estoril|vs|rio-ave,Liga Portugal,2026-08-22,20:00 - Sat 22 Aug,Estoril,Rio Ave,sportsgambler,btts,Yes,Yes,,,,Estoril To Win @ 1.84,2026-08-22T03:58:15Z
2026-08-22|gd-estoril|vs|rio-ave,Liga Portugal,2026-08-22,20:00 - Sat 22 Aug,Estoril,Rio Ave,sportsgambler,over_under,Over,Over,,,,Estoril To Win @ 1.84,2026-08-22T03:58:15Z
2026-08-22|sporting-cp|vs|fc-alverca,Liga Portugal,2026-08-22,22:30 - Sat 22 Aug,Sporting,Alverca,sportsgambler,correct_score,4 - 0,4 - 0,,,,Sporting Asian Hcp -2 @ 1.80,2026-08-22T03:23:55Z
2026-08-22|sporting-cp|vs|fc-alverca,Liga Portugal,2026-08-22,22:30 - Sat 22 Aug,Sporting,Alverca,sportsgambler,1x2,1,1,,,,Sporting Asian Hcp -2 @ 1.80,2026-08-22T03:58:15Z
2026-08-22|sporting-cp|vs|fc-alverca,Liga Portugal,2026-08-22,22:30 - Sat 22 Aug,Sporting,Alverca,sportsgambler,btts,No,No,,,,Sporting Asian Hcp -2 @ 1.80,2026-08-22T03:58:15Z
2026-08-22|sporting-cp|vs|fc-alverca,Liga Portugal,2026-08-22,22:30 - Sat 22 Aug,Sporting,Alverca,sportsgambler,over_under,Over,Over,,,,Sporting Asian Hcp -2 @ 1.80,2026-08-22T03:58:15Z
2026-08-23|vit-ria|vs|nacional-madeira,Liga Portugal,2026-08-23,17:30 - Sun 23 Aug,Vitória,Nacional,sportsgambler,correct_score,3 - 0,3 - 0,,,,Vitória To Win @ 1.63,2026-08-22T03:23:55Z
2026-08-23|vit-ria|vs|nacional-madeira,Liga Portugal,2026-08-23,17:30 - Sun 23 Aug,Vitória,Nacional,sportsgambler,1x2,1,1,,,,Vitória To Win @ 1.63,2026-08-22T03:58:15Z
2026-08-23|vit-ria|vs|nacional-madeira,Liga Portugal,2026-08-23,17:30 - Sun 23 Aug,Vitória,Nacional,sportsgambler,btts,No,No,,,,Vitória To Win @ 1.63,2026-08-22T03:58:15Z
2026-08-23|vit-ria|vs|nacional-madeira,Liga Portugal,2026-08-23,17:30 - Sun 23 Aug,Vitória,Nacional,sportsgambler,over_under,Over,Over,,,,Vitória To Win @ 1.63,2026-08-22T03:58:15Z
2026-08-23|santa-clara|vs|fc-famalic-o,Liga Portugal,2026-08-23,20:00 - Sun 23 Aug,Santa Clara,Famalicão,sportsgambler,correct_score,1 - 2,1 - 2,,,,Famalicão Asian Hcp +0.25 @ 1.65,2026-08-22T03:23:55Z
2026-08-23|santa-clara|vs|fc-famalic-o,Liga Portugal,2026-08-23,20:00 - Sun 23 Aug,Santa Clara,Famalicão,sportsgambler,1x2,2,2,,,,Famalicão Asian Hcp +0.25 @ 1.65,2026-08-22T03:58:15Z
2026-08-23|santa-clara|vs|fc-famalic-o,Liga Portugal,2026-08-23,20:00 - Sun 23 Aug,Santa Clara,Famalicão,sportsgambler,btts,Yes,Yes,,,,Famalicão Asian Hcp +0.25 @ 1.65,2026-08-22T03:58:15Z
2026-08-23|santa-clara|vs|fc-famalic-o,Liga Portugal,2026-08-23,20:00 - Sun 23 Aug,Santa Clara,Famalicão,sportsgambler,over_under,Over,Over,,,,Famalicão Asian Hcp +0.25 @ 1.65,2026-08-22T03:58:15Z
2026-08-23|porto|vs|fc-arouca,Liga Portugal,2026-08-23,22:30 - Sun 23 Aug,Porto,Arouca,sportsgambler,correct_score,1 - 0,1 - 0,,,,Arouca Asian Hcp +1.75 @ 1.93,2026-08-22T03:23:55Z
2026-08-23|porto|vs|fc-arouca,Liga Portugal,2026-08-23,22:30 - Sun 23 Aug,Porto,Arouca,sportsgambler,1x2,1,1,,,,Arouca Asian Hcp +1.75 @ 1.93,2026-08-22T03:58:15Z
2026-08-23|porto|vs|fc-arouca,Liga Portugal,2026-08-23,22:30 - Sun 23 Aug,Porto,Arouca,sportsgambler,btts,No,No,,,,Arouca Asian Hcp +1.75 @ 1.93,2026-08-22T03:58:15Z
2026-08-23|porto|vs|fc-arouca,Liga Portugal,2026-08-23,22:30 - Sun 23 Aug,Porto,Arouca,sportsgambler,over_under,Under,Under,,,,Arouca Asian Hcp +1.75 @ 1.93,2026-08-22T03:58:15Z
2026-08-24|fulham|vs|chelsea,Premier League,2026-08-24,22:00 - Mon 24 Aug,Fulham,Chelsea,sportsgambler,correct_score,2 - 2,2 - 2,,,,Fulham Asian Hcp +0.5 @ 1.98,2026-08-23T05:26:27Z
2026-08-24|fulham|vs|chelsea,Premier League,2026-08-24,22:00 - Mon 24 Aug,Fulham,Chelsea,sportsgambler,1x2,X,X,,,,Fulham Asian Hcp +0.5 @ 1.98,2026-08-23T05:26:27Z
2026-08-24|fulham|vs|chelsea,Premier League,2026-08-24,22:00 - Mon 24 Aug,Fulham,Chelsea,sportsgambler,btts,Yes,Yes,,,,Fulham Asian Hcp +0.5 @ 1.98,2026-08-23T05:26:27Z
2026-08-24|fulham|vs|chelsea,Premier League,2026-08-24,22:00 - Mon 24 Aug,Fulham,Chelsea,sportsgambler,over_under,Over,Over,,,,Fulham Asian Hcp +0.5 @ 1.98,2026-08-23T05:26:27Z
2026-08-24|osasuna|vs|levante,LaLiga,2026-08-24,20:30 - Mon 24 Aug,Osasuna,Levante,sportsgambler,correct_score,1 - 1,1 - 1,,,,Both Teams To Score - Yes @ 1.84,2026-08-23T05:26:27Z
2026-08-24|osasuna|vs|levante,LaLiga,2026-08-24,20:30 - Mon 24 Aug,Osasuna,Levante,sportsgambler,1x2,X,X,,,,Both Teams To Score - Yes @ 1.84,2026-08-23T05:26:27Z
2026-08-24|osasuna|vs|levante,LaLiga,2026-08-24,20:30 - Mon 24 Aug,Osasuna,Levante,sportsgambler,btts,Yes,Yes,,,,Both Teams To Score - Yes @ 1.84,2026-08-23T05:26:27Z
2026-08-24|osasuna|vs|levante,LaLiga,2026-08-24,20:30 - Mon 24 Aug,Osasuna,Levante,sportsgambler,over_under,Under,Under,,,,Both Teams To Score - Yes @ 1.84,2026-08-23T05:26:27Z
2026-08-24|m-laga-cf|vs|deportivo-la-coru-a,LaLiga,2026-08-24,22:30 - Mon 24 Aug,Málaga,Deportivo,sportsgambler,correct_score,0 - 1,0 - 1,,,,Deportivo Asian Hcp +0.25 @ 1.72,2026-08-23T05:26:27Z
2026-08-24|m-laga-cf|vs|deportivo-la-coru-a,LaLiga,2026-08-24,22:30 - Mon 24 Aug,Málaga,Deportivo,sportsgambler,1x2,2,2,,,,Deportivo Asian Hcp +0.25 @ 1.72,2026-08-23T05:26:27Z
2026-08-24|m-laga-cf|vs|deportivo-la-coru-a,LaLiga,2026-08-24,22:30 - Mon 24 Aug,Málaga,Deportivo,sportsgambler,btts,No,No,,,,Deportivo Asian Hcp +0.25 @ 1.72,2026-08-23T05:26:27Z
2026-08-24|m-laga-cf|vs|deportivo-la-coru-a,LaLiga,2026-08-24,22:30 - Mon 24 Aug,Málaga,Deportivo,sportsgambler,over_under,Under,Under,,,,Deportivo Asian Hcp +0.25 @ 1.72,2026-08-23T05:26:27Z
2026-08-24|bologna|vs|lazio,Serie A,2026-08-24,19:30 - Mon 24 Aug,Bologna,Lazio,sportsgambler,correct_score,0 - 1,0 - 1,,,,Lazio Asian Hcp +0.25 @ 1.94,2026-08-23T05:26:27Z
2026-08-24|bologna|vs|lazio,Serie A,2026-08-24,19:30 - Mon 24 Aug,Bologna,Lazio,sportsgambler,1x2,2,2,,,,Lazio Asian Hcp +0.25 @ 1.94,2026-08-23T05:26:27Z
2026-08-24|bologna|vs|lazio,Serie A,2026-08-24,19:30 - Mon 24 Aug,Bologna,Lazio,sportsgambler,btts,No,No,,,,Lazio Asian Hcp +0.25 @ 1.94,2026-08-23T05:26:27Z
2026-08-24|bologna|vs|lazio,Serie A,2026-08-24,19:30 - Mon 24 Aug,Bologna,Lazio,sportsgambler,over_under,Under,Under,,,,Lazio Asian Hcp +0.25 @ 1.94,2026-08-23T05:26:27Z
2026-08-24|roma|vs|fiorentina,Serie A,2026-08-24,21:45 - Mon 24 Aug,Roma,Fiorentina,sportsgambler,correct_score,2 - 0,2 - 0,,,,Roma Asian Hcp -1 @ 1.97,2026-08-23T05:26:27Z
2026-08-24|roma|vs|fiorentina,Serie A,2026-08-24,21:45 - Mon 24 Aug,Roma,Fiorentina,sportsgambler,1x2,1,1,,,,Roma Asian Hcp -1 @ 1.97,2026-08-23T05:26:27Z
2026-08-24|roma|vs|fiorentina,Serie A,2026-08-24,21:45 - Mon 24 Aug,Roma,Fiorentina,sportsgambler,btts,No,No,,,,Roma Asian Hcp -1 @ 1.97,2026-08-23T05:26:27Z
2026-08-24|roma|vs|fiorentina,Serie A,2026-08-24,21:45 - Mon 24 Aug,Roma,Fiorentina,sportsgambler,over_under,Under,Under,,,,Roma Asian Hcp -1 @ 1.97,2026-08-23T05:26:27Z
2026-08-24|gil-vicente|vs|casa-pia-ac,Liga Portugal,2026-08-24,22:15 - Mon 24 Aug,Gil Vicente,Casa Pia,sportsgambler,correct_score,2 - 0,2 - 0,,,,Gil Vicente To Win @ 1.61,2026-08-23T05:26:27Z
2026-08-24|gil-vicente|vs|casa-pia-ac,Liga Portugal,2026-08-24,22:15 - Mon 24 Aug,Gil Vicente,Casa Pia,sportsgambler,1x2,1,1,,,,Gil Vicente To Win @ 1.61,2026-08-23T05:26:27Z
2026-08-24|gil-vicente|vs|casa-pia-ac,Liga Portugal,2026-08-24,22:15 - Mon 24 Aug,Gil Vicente,Casa Pia,sportsgambler,btts,No,No,,,,Gil Vicente To Win @ 1.61,2026-08-23T05:26:27Z
2026-08-24|gil-vicente|vs|casa-pia-ac,Liga Portugal,2026-08-24,22:15 - Mon 24 Aug,Gil Vicente,Casa Pia,sportsgambler,over_under,Under,Under,,,,Gil Vicente To Win @ 1.61,2026-08-23T05:26:27Z
2026-08-25|valencia|vs|real-betis,LaLiga,2026-08-25,22:00 - Tue 25 Aug,Valencia,Real Betis,sportsgambler,correct_score,1 - 1,1 - 1,,,,Both Teams To Score - Yes @ 1.71,2026-08-24T06:46:33Z
2026-08-25|valencia|vs|real-betis,LaLiga,2026-08-25,22:00 - Tue 25 Aug,Valencia,Real Betis,sportsgambler,1x2,X,X,,,,Both Teams To Score - Yes @ 1.71,2026-08-24T06:46:33Z
2026-08-25|valencia|vs|real-betis,LaLiga,2026-08-25,22:00 - Tue 25 Aug,Valencia,Real Betis,sportsgambler,btts,Yes,Yes,,,,Both Teams To Score - Yes @ 1.71,2026-08-24T06:46:33Z
2026-08-25|valencia|vs|real-betis,LaLiga,2026-08-25,22:00 - Tue 25 Aug,Valencia,Real Betis,sportsgambler,over_under,Under,Under,,,,Both Teams To Score - Yes @ 1.71,2026-08-24T06:46:33Z
2026-08-26|real-madrid|vs|real-sociedad,LaLiga,2026-08-26,22:00 - Wed 26 Aug,Real Madrid,Real Sociedad,sportsgambler,correct_score,2 - 1,2 - 1,,,,Sociedad Asian Hcp +1.5 @ 1.91,2026-08-25T09:47:02Z
2026-08-26|real-madrid|vs|real-sociedad,LaLiga,2026-08-26,22:00 - Wed 26 Aug,Real Madrid,Real Sociedad,sportsgambler,1x2,1,1,,,,Sociedad Asian Hcp +1.5 @ 1.91,2026-08-25T09:47:02Z
2026-08-26|real-madrid|vs|real-sociedad,LaLiga,2026-08-26,22:00 - Wed 26 Aug,Real Madrid,Real Sociedad,sportsgambler,btts,Yes,Yes,,,,Sociedad Asian Hcp +1.5 @ 1.91,2026-08-25T09:47:02Z
2026-08-26|real-madrid|vs|real-sociedad,LaLiga,2026-08-26,22:00 - Wed 26 Aug,Real Madrid,Real Sociedad,sportsgambler,over_under,Over,Over,,,,Sociedad Asian Hcp +1.5 @ 1.91,2026-08-25T09:47:02Z
2026-08-28|crystal-palace|vs|manchester-city,Premier League,2026-08-28,22:00 - Fri 28 Aug,Crystal Palace,Manchester City,sportsgambler,correct_score,1 - 1,1 - 1,,,,Crystal Palace Asian Hcp +1 @ 1.85,2026-08-27T18:54:47Z
2026-08-28|crystal-palace|vs|manchester-city,Premier League,2026-08-28,22:00 - Fri 28 Aug,Crystal Palace,Manchester City,sportsgambler,1x2,X,X,,,,Crystal Palace Asian Hcp +1 @ 1.85,2026-08-27T18:54:47Z
2026-08-28|crystal-palace|vs|manchester-city,Premier League,2026-08-28,22:00 - Fri 28 Aug,Crystal Palace,Manchester City,sportsgambler,btts,Yes,Yes,,,,Crystal Palace Asian Hcp +1 @ 1.85,2026-08-27T18:54:47Z
2026-08-28|crystal-palace|vs|manchester-city,Premier League,2026-08-28,22:00 - Fri 28 Aug,Crystal Palace,Manchester City,sportsgambler,over_under,Under,Under,,,,Crystal Palace Asian Hcp +1 @ 1.85,2026-08-27T18:54:47Z
2026-08-29|liverpool|vs|nottingham-forest,Premier League,2026-08-29,14:30 - Sat 29 Aug,Liverpool,Nottingham Forest,sportsgambler,correct_score,1 - 1,1 - 1,,,,Forest Asian Hcp +1 @ 1.97,2026-08-27T18:54:47Z
2026-08-29|liverpool|vs|nottingham-forest,Premier League,2026-08-29,14:30 - Sat 29 Aug,Liverpool,Nottingham Forest,sportsgambler,1x2,X,X,,,,Forest Asian Hcp +1 @ 1.97,2026-08-27T18:54:47Z
2026-08-29|liverpool|vs|nottingham-forest,Premier League,2026-08-29,14:30 - Sat 29 Aug,Liverpool,Nottingham Forest,sportsgambler,btts,Yes,Yes,,,,Forest Asian Hcp +1 @ 1.97,2026-08-27T18:54:47Z
2026-08-29|liverpool|vs|nottingham-forest,Premier League,2026-08-29,14:30 - Sat 29 Aug,Liverpool,Nottingham Forest,sportsgambler,over_under,Under,Under,,,,Forest Asian Hcp +1 @ 1.97,2026-08-27T18:54:47Z
2026-08-27|celta-vigo|vs|osasuna,LaLiga,2026-08-27,21:30 - Thu 27 Aug,Celta Vigo,Osasuna,sportsgambler,correct_score,2 - 1,2 - 1,,,,Both Teams To Score - Yes @ 1.86,2026-08-27T18:54:47Z
2026-08-27|celta-vigo|vs|osasuna,LaLiga,2026-08-27,21:30 - Thu 27 Aug,Celta Vigo,Osasuna,sportsgambler,1x2,1,1,,,,Both Teams To Score - Yes @ 1.86,2026-08-27T18:54:47Z
2026-08-27|celta-vigo|vs|osasuna,LaLiga,2026-08-27,21:30 - Thu 27 Aug,Celta Vigo,Osasuna,sportsgambler,btts,Yes,Yes,,,,Both Teams To Score - Yes @ 1.86,2026-08-27T18:54:47Z
2026-08-27|celta-vigo|vs|osasuna,LaLiga,2026-08-27,21:30 - Thu 27 Aug,Celta Vigo,Osasuna,sportsgambler,over_under,Over,Over,,,,Both Teams To Score - Yes @ 1.86,2026-08-27T18:54:47Z
2026-08-27|barcelona|vs|athletic-bilbao,LaLiga,2026-08-27,22:00 - Thu 27 Aug,Barcelona,Athletic Club,sportsgambler,correct_score,3 - 0,3 - 0,,,,Barcelona Asian Hcp -1.75 @ 1.97,2026-08-27T18:54:47Z
2026-08-27|barcelona|vs|athletic-bilbao,LaLiga,2026-08-27,22:00 - Thu 27 Aug,Barcelona,Athletic Club,sportsgambler,1x2,1,1,,,,Barcelona Asian Hcp -1.75 @ 1.97,2026-08-27T18:54:47Z
2026-08-27|barcelona|vs|athletic-bilbao,LaLiga,2026-08-27,22:00 - Thu 27 Aug,Barcelona,Athletic Club,sportsgambler,btts,No,No,,,,Barcelona Asian Hcp -1.75 @ 1.97,2026-08-27T18:54:47Z
2026-08-27|barcelona|vs|athletic-bilbao,LaLiga,2026-08-27,22:00 - Thu 27 Aug,Barcelona,Athletic Club,sportsgambler,over_under,Over,Over,,,,Barcelona Asian Hcp -1.75 @ 1.97,2026-08-27T18:54:47Z
2026-08-28|racing-santander|vs|elche,LaLiga,2026-08-28,20:00 - Fri 28 Aug,Racing Club,Elche,sportsgambler,correct_score,1 - 0,1 - 0,,,,Racing To Win @ 2.14,2026-08-27T18:54:47Z
2026-08-28|racing-santander|vs|elche,LaLiga,2026-08-28,20:00 - Fri 28 Aug,Racing Club,Elche,sportsgambler,1x2,1,1,,,,Racing To Win @ 2.14,2026-08-27T18:54:47Z
2026-08-28|racing-santander|vs|elche,LaLiga,2026-08-28,20:00 - Fri 28 Aug,Racing Club,Elche,sportsgambler,btts,No,No,,,,Racing To Win @ 2.14,2026-08-27T18:54:47Z
2026-08-28|racing-santander|vs|elche,LaLiga,2026-08-28,20:00 - Fri 28 Aug,Racing Club,Elche,sportsgambler,over_under,Under,Under,,,,Racing To Win @ 2.14,2026-08-27T18:54:47Z
2026-08-28|alav-s|vs|villarreal,LaLiga,2026-08-28,22:30 - Fri 28 Aug,Alavés,Villarreal,sportsgambler,correct_score,1 - 0,1 - 0,,,,Alavés Asian Hcp +0.25 @ 1.90,2026-08-27T18:54:47Z
2026-08-28|alav-s|vs|villarreal,LaLiga,2026-08-28,22:30 - Fri 28 Aug,Alavés,Villarreal,sportsgambler,1x2,1,1,,,,Alavés Asian Hcp +0.25 @ 1.90,2026-08-27T18:54:47Z
2026-08-28|alav-s|vs|villarreal,LaLiga,2026-08-28,22:30 - Fri 28 Aug,Alavés,Villarreal,sportsgambler,btts,No,No,,,,Alavés Asian Hcp +0.25 @ 1.90,2026-08-27T18:54:47Z
2026-08-28|alav-s|vs|villarreal,LaLiga,2026-08-28,22:30 - Fri 28 Aug,Alavés,Villarreal,sportsgambler,over_under,Under,Under,,,,Alavés Asian Hcp +0.25 @ 1.90,2026-08-27T18:54:47Z
2026-08-28|bayern-munich|vs|stuttgart,Bundesliga,2026-08-28,21:30 - Fri 28 Aug,Bayern Munich,Stuttgart,sportsgambler,correct_score,2 - 1,2 - 1,,,,Stuttgart Asian Hcp +1.75 @ 1.97,2026-08-27T18:54:47Z
2026-08-28|bayern-munich|vs|stuttgart,Bundesliga,2026-08-28,21:30 - Fri 28 Aug,Bayern Munich,Stuttgart,sportsgambler,1x2,1,1,,,,Stuttgart Asian Hcp +1.75 @ 1.97,2026-08-27T18:54:47Z
2026-08-28|bayern-munich|vs|stuttgart,Bundesliga,2026-08-28,21:30 - Fri 28 Aug,Bayern Munich,Stuttgart,sportsgambler,btts,Yes,Yes,,,,Stuttgart Asian Hcp +1.75 @ 1.97,2026-08-27T18:54:47Z
2026-08-28|bayern-munich|vs|stuttgart,Bundesliga,2026-08-28,21:30 - Fri 28 Aug,Bayern Munich,Stuttgart,sportsgambler,over_under,Over,Over,,,,Stuttgart Asian Hcp +1.75 @ 1.97,2026-08-27T18:54:47Z
2026-08-28|milan|vs|venezia,Serie A,2026-08-28,21:45 - Fri 28 Aug,AC Milan,Venezia,sportsgambler,correct_score,1 - 1,1 - 1,,,,Venezia Asian Hcp +1.25 @ 2.00,2026-08-27T18:54:47Z
2026-08-28|milan|vs|venezia,Serie A,2026-08-28,21:45 - Fri 28 Aug,AC Milan,Venezia,sportsgambler,1x2,X,X,,,,Venezia Asian Hcp +1.25 @ 2.00,2026-08-27T18:54:47Z
2026-08-28|milan|vs|venezia,Serie A,2026-08-28,21:45 - Fri 28 Aug,AC Milan,Venezia,sportsgambler,btts,Yes,Yes,,,,Venezia Asian Hcp +1.25 @ 2.00,2026-08-27T18:54:47Z
2026-08-28|milan|vs|venezia,Serie A,2026-08-28,21:45 - Fri 28 Aug,AC Milan,Venezia,sportsgambler,over_under,Under,Under,,,,Venezia Asian Hcp +1.25 @ 2.00,2026-08-27T18:54:47Z
2026-08-28|lille|vs|psg,Ligue 1,2026-08-28,21:45 - Fri 28 Aug,Lille,PSG,sportsgambler,correct_score,0 - 2,0 - 2,,,,PSG To Win @ 1.72,2026-08-27T18:54:47Z
2026-08-28|lille|vs|psg,Ligue 1,2026-08-28,21:45 - Fri 28 Aug,Lille,PSG,sportsgambler,1x2,2,2,,,,PSG To Win @ 1.72,2026-08-27T18:54:47Z
2026-08-28|lille|vs|psg,Ligue 1,2026-08-28,21:45 - Fri 28 Aug,Lille,PSG,sportsgambler,btts,No,No,,,,PSG To Win @ 1.72,2026-08-27T18:54:47Z
2026-08-28|lille|vs|psg,Ligue 1,2026-08-28,21:45 - Fri 28 Aug,Lille,PSG,sportsgambler,over_under,Under,Under,,,,PSG To Win @ 1.72,2026-08-27T18:54:47Z
2026-08-28|groningen|vs|fortuna-sittard,Eredivisie,2026-08-28,21:00 - Fri 28 Aug,FC Groningen,Fortuna Sittard,sportsgambler,correct_score,1 - 1,1 - 1,,,,Fortuna Asian Hcp +1.25 @ 1.78,2026-08-27T18:54:47Z
2026-08-28|groningen|vs|fortuna-sittard,Eredivisie,2026-08-28,21:00 - Fri 28 Aug,FC Groningen,Fortuna Sittard,sportsgambler,1x2,X,X,,,,Fortuna Asian Hcp +1.25 @ 1.78,2026-08-27T18:54:47Z
2026-08-28|groningen|vs|fortuna-sittard,Eredivisie,2026-08-28,21:00 - Fri 28 Aug,FC Groningen,Fortuna Sittard,sportsgambler,btts,Yes,Yes,,,,Fortuna Asian Hcp +1.25 @ 1.78,2026-08-27T18:54:47Z
2026-08-28|groningen|vs|fortuna-sittard,Eredivisie,2026-08-28,21:00 - Fri 28 Aug,FC Groningen,Fortuna Sittard,sportsgambler,over_under,Under,Under,,,,Fortuna Asian Hcp +1.25 @ 1.78,2026-08-27T18:54:47Z
2026-08-28|rio-ave|vs|sporting-cp,Liga Portugal,2026-08-28,22:15 - Fri 28 Aug,Rio Ave,Sporting,sportsgambler,correct_score,0 - 3,0 - 3,,,,Sporting Asian Hcp -1.5 @ 1.78,2026-08-27T18:54:47Z
2026-08-28|rio-ave|vs|sporting-cp,Liga Portugal,2026-08-28,22:15 - Fri 28 Aug,Rio Ave,Sporting,sportsgambler,1x2,2,2,,,,Sporting Asian Hcp -1.5 @ 1.78,2026-08-27T18:54:47Z
2026-08-28|rio-ave|vs|sporting-cp,Liga Portugal,2026-08-28,22:15 - Fri 28 Aug,Rio Ave,Sporting,sportsgambler,btts,No,No,,,,Sporting Asian Hcp -1.5 @ 1.78,2026-08-27T18:54:47Z
2026-08-28|rio-ave|vs|sporting-cp,Liga Portugal,2026-08-28,22:15 - Fri 28 Aug,Rio Ave,Sporting,sportsgambler,over_under,Over,Over,,,,Sporting Asian Hcp -1.5 @ 1.78,2026-08-27T18:54:47Z
2026-08-29|bournemouth|vs|everton,Premier League,2026-08-29,17:00 - Sat 29 Aug,Bournemouth,Everton,sportsgambler,correct_score,2 - 1,2 - 1,,,,Bournemouth To Win @ 2.05,2026-08-28T19:19:55Z
2026-08-29|bournemouth|vs|everton,Premier League,2026-08-29,17:00 - Sat 29 Aug,Bournemouth,Everton,sportsgambler,1x2,1,1,,,,Bournemouth To Win @ 2.05,2026-08-28T19:19:55Z
2026-08-29|bournemouth|vs|everton,Premier League,2026-08-29,17:00 - Sat 29 Aug,Bournemouth,Everton,sportsgambler,btts,Yes,Yes,,,,Bournemouth To Win @ 2.05,2026-08-28T19:19:55Z
2026-08-29|bournemouth|vs|everton,Premier League,2026-08-29,17:00 - Sat 29 Aug,Bournemouth,Everton,sportsgambler,over_under,Over,Over,,,,Bournemouth To Win @ 2.05,2026-08-28T19:19:55Z
2026-08-29|coventry|vs|hull,Premier League,2026-08-29,17:00 - Sat 29 Aug,Coventry,Hull,sportsgambler,correct_score,2 - 1,2 - 1,,,,Coventry To Win @ 1.87,2026-08-28T19:19:55Z
2026-08-29|coventry|vs|hull,Premier League,2026-08-29,17:00 - Sat 29 Aug,Coventry,Hull,sportsgambler,1x2,1,1,,,,Coventry To Win @ 1.87,2026-08-28T19:19:55Z
2026-08-29|coventry|vs|hull,Premier League,2026-08-29,17:00 - Sat 29 Aug,Coventry,Hull,sportsgambler,btts,Yes,Yes,,,,Coventry To Win @ 1.87,2026-08-28T19:19:55Z
2026-08-29|coventry|vs|hull,Premier League,2026-08-29,17:00 - Sat 29 Aug,Coventry,Hull,sportsgambler,over_under,Over,Over,,,,Coventry To Win @ 1.87,2026-08-28T19:19:55Z
2026-08-29|tottenham|vs|newcastle,Premier League,2026-08-29,19:30 - Sat 29 Aug,Tottenham,Newcastle,sportsgambler,correct_score,1 - 2,1 - 2,,,,Newcastle Asian Hcp +0.25 @ 1.80,2026-08-28T19:19:55Z
2026-08-29|tottenham|vs|newcastle,Premier League,2026-08-29,19:30 - Sat 29 Aug,Tottenham,Newcastle,sportsgambler,1x2,2,2,,,,Newcastle Asian Hcp +0.25 @ 1.80,2026-08-28T19:19:55Z
2026-08-29|tottenham|vs|newcastle,Premier League,2026-08-29,19:30 - Sat 29 Aug,Tottenham,Newcastle,sportsgambler,btts,Yes,Yes,,,,Newcastle Asian Hcp +0.25 @ 1.80,2026-08-28T19:19:55Z
2026-08-29|tottenham|vs|newcastle,Premier League,2026-08-29,19:30 - Sat 29 Aug,Tottenham,Newcastle,sportsgambler,over_under,Over,Over,,,,Newcastle Asian Hcp +0.25 @ 1.80,2026-08-28T19:19:55Z
2026-08-29|levante|vs|real-betis,LaLiga,2026-08-29,18:00 - Sat 29 Aug,Levante,Real Betis,sportsgambler,correct_score,1 - 0,1 - 0,,,,Levante Asian Hcp +0.25 @ 1.95,2026-08-28T19:19:55Z
2026-08-29|levante|vs|real-betis,LaLiga,2026-08-29,18:00 - Sat 29 Aug,Levante,Real Betis,sportsgambler,1x2,1,1,,,,Levante Asian Hcp +0.25 @ 1.95,2026-08-28T19:19:55Z
2026-08-29|levante|vs|real-betis,LaLiga,2026-08-29,18:00 - Sat 29 Aug,Levante,Real Betis,sportsgambler,btts,No,No,,,,Levante Asian Hcp +0.25 @ 1.95,2026-08-28T19:19:55Z
2026-08-29|levante|vs|real-betis,LaLiga,2026-08-29,18:00 - Sat 29 Aug,Levante,Real Betis,sportsgambler,over_under,Under,Under,,,,Levante Asian Hcp +0.25 @ 1.95,2026-08-28T19:19:55Z
2026-08-29|real-sociedad|vs|espanyol,LaLiga,2026-08-29,20:00 - Sat 29 Aug,Real Sociedad,Espanyol,sportsgambler,correct_score,1 - 1,1 - 1,,,,Espanyol Asian Hcp +0.5 @ 1.93,2026-08-28T19:19:55Z
2026-08-29|real-sociedad|vs|espanyol,LaLiga,2026-08-29,20:00 - Sat 29 Aug,Real Sociedad,Espanyol,sportsgambler,1x2,X,X,,,,Espanyol Asian Hcp +0.5 @ 1.93,2026-08-28T19:19:55Z
2026-08-29|real-sociedad|vs|espanyol,LaLiga,2026-08-29,20:00 - Sat 29 Aug,Real Sociedad,Espanyol,sportsgambler,btts,Yes,Yes,,,,Espanyol Asian Hcp +0.5 @ 1.93,2026-08-28T19:19:55Z
2026-08-29|real-sociedad|vs|espanyol,LaLiga,2026-08-29,20:00 - Sat 29 Aug,Real Sociedad,Espanyol,sportsgambler,over_under,Under,Under,,,,Espanyol Asian Hcp +0.5 @ 1.93,2026-08-28T19:19:55Z
2026-08-29|sevilla|vs|atl-tico-madrid,LaLiga,2026-08-29,22:30 - Sat 29 Aug,Sevilla,Atlético Madrid,sportsgambler,correct_score,1 - 0,1 - 0,,,,Sevilla Asian Hcp +0.25 @ 2.02,2026-08-28T19:19:55Z
2026-08-29|sevilla|vs|atl-tico-madrid,LaLiga,2026-08-29,22:30 - Sat 29 Aug,Sevilla,Atlético Madrid,sportsgambler,1x2,1,1,,,,Sevilla Asian Hcp +0.25 @ 2.02,2026-08-28T19:19:55Z
2026-08-29|sevilla|vs|atl-tico-madrid,LaLiga,2026-08-29,22:30 - Sat 29 Aug,Sevilla,Atlético Madrid,sportsgambler,btts,No,No,,,,Sevilla Asian Hcp +0.25 @ 2.02,2026-08-28T19:19:55Z
2026-08-29|sevilla|vs|atl-tico-madrid,LaLiga,2026-08-29,22:30 - Sat 29 Aug,Sevilla,Atlético Madrid,sportsgambler,over_under,Under,Under,,,,Sevilla Asian Hcp +0.25 @ 2.02,2026-08-28T19:19:55Z
2026-08-29|elversberg|vs|bayer-leverkusen,Bundesliga,2026-08-29,16:30 - Sat 29 Aug,Elversberg,Bayer Leverkusen,sportsgambler,correct_score,1 - 1,1 - 1,,,,Elversberg Asian Hcp +1 @ 1.89,2026-08-28T19:19:55Z
2026-08-29|elversberg|vs|bayer-leverkusen,Bundesliga,2026-08-29,16:30 - Sat 29 Aug,Elversberg,Bayer Leverkusen,sportsgambler,1x2,X,X,,,,Elversberg Asian Hcp +1 @ 1.89,2026-08-28T19:19:55Z
2026-08-29|elversberg|vs|bayer-leverkusen,Bundesliga,2026-08-29,16:30 - Sat 29 Aug,Elversberg,Bayer Leverkusen,sportsgambler,btts,Yes,Yes,,,,Elversberg Asian Hcp +1 @ 1.89,2026-08-28T19:19:55Z
2026-08-29|elversberg|vs|bayer-leverkusen,Bundesliga,2026-08-29,16:30 - Sat 29 Aug,Elversberg,Bayer Leverkusen,sportsgambler,over_under,Under,Under,,,,Elversberg Asian Hcp +1 @ 1.89,2026-08-28T19:19:55Z
2026-08-29|fc-koln|vs|hoffenheim,Bundesliga,2026-08-29,16:30 - Sat 29 Aug,FC Koln,Hoffenheim,sportsgambler,correct_score,1 - 0,1 - 0,,,,Koln Asian Hcp +0.25 @ 1.81,2026-08-28T19:19:55Z
2026-08-29|fc-koln|vs|hoffenheim,Bundesliga,2026-08-29,16:30 - Sat 29 Aug,FC Koln,Hoffenheim,sportsgambler,1x2,1,1,,,,Koln Asian Hcp +0.25 @ 1.81,2026-08-28T19:19:55Z
2026-08-29|fc-koln|vs|hoffenheim,Bundesliga,2026-08-29,16:30 - Sat 29 Aug,FC Koln,Hoffenheim,sportsgambler,btts,No,No,,,,Koln Asian Hcp +0.25 @ 1.81,2026-08-28T19:19:55Z
2026-08-29|fc-koln|vs|hoffenheim,Bundesliga,2026-08-29,16:30 - Sat 29 Aug,FC Koln,Hoffenheim,sportsgambler,over_under,Under,Under,,,,Koln Asian Hcp +0.25 @ 1.81,2026-08-28T19:19:55Z
2026-08-29|mainz-05|vs|paderborn,Bundesliga,2026-08-29,16:30 - Sat 29 Aug,Mainz 05,Paderborn,sportsgambler,correct_score,1 - 1,1 - 1,,,,Paderborn Asian Hcp +0.75 @ 1.94,2026-08-28T19:19:55Z
2026-08-29|mainz-05|vs|paderborn,Bundesliga,2026-08-29,16:30 - Sat 29 Aug,Mainz 05,Paderborn,sportsgambler,1x2,X,X,,,,Paderborn Asian Hcp +0.75 @ 1.94,2026-08-28T19:19:55Z
2026-08-29|mainz-05|vs|paderborn,Bundesliga,2026-08-29,16:30 - Sat 29 Aug,Mainz 05,Paderborn,sportsgambler,btts,Yes,Yes,,,,Paderborn Asian Hcp +0.75 @ 1.94,2026-08-28T19:19:55Z
2026-08-29|mainz-05|vs|paderborn,Bundesliga,2026-08-29,16:30 - Sat 29 Aug,Mainz 05,Paderborn,sportsgambler,over_under,Under,Under,,,,Paderborn Asian Hcp +0.75 @ 1.94,2026-08-28T19:19:55Z
2026-08-29|rb-leipzig|vs|borussia-m-gladbach,Bundesliga,2026-08-29,16:30 - Sat 29 Aug,RB Leipzig,Borussia Monchengladbach,sportsgambler,correct_score,2 - 0,2 - 0,,,,Leipzig Asian Hcp -1 @ 1.85,2026-08-28T19:19:55Z
2026-08-29|rb-leipzig|vs|borussia-m-gladbach,Bundesliga,2026-08-29,16:30 - Sat 29 Aug,RB Leipzig,Borussia Monchengladbach,sportsgambler,1x2,1,1,,,,Leipzig Asian Hcp -1 @ 1.85,2026-08-28T19:19:55Z
2026-08-29|rb-leipzig|vs|borussia-m-gladbach,Bundesliga,2026-08-29,16:30 - Sat 29 Aug,RB Leipzig,Borussia Monchengladbach,sportsgambler,btts,No,No,,,,Leipzig Asian Hcp -1 @ 1.85,2026-08-28T19:19:55Z
2026-08-29|rb-leipzig|vs|borussia-m-gladbach,Bundesliga,2026-08-29,16:30 - Sat 29 Aug,RB Leipzig,Borussia Monchengladbach,sportsgambler,over_under,Under,Under,,,,Leipzig Asian Hcp -1 @ 1.85,2026-08-28T19:19:55Z
2026-08-29|union-berlin|vs|eintracht-frankfurt,Bundesliga,2026-08-29,16:30 - Sat 29 Aug,Union Berlin,Eintracht Frankfurt,sportsgambler,correct_score,2 - 1,2 - 1,,,,Over 2.5 Goals @ 1.65,2026-08-28T19:19:55Z
2026-08-29|union-berlin|vs|eintracht-frankfurt,Bundesliga,2026-08-29,16:30 - Sat 29 Aug,Union Berlin,Eintracht Frankfurt,sportsgambler,1x2,1,1,,,,Over 2.5 Goals @ 1.65,2026-08-28T19:19:55Z
2026-08-29|union-berlin|vs|eintracht-frankfurt,Bundesliga,2026-08-29,16:30 - Sat 29 Aug,Union Berlin,Eintracht Frankfurt,sportsgambler,btts,Yes,Yes,,,,Over 2.5 Goals @ 1.65,2026-08-28T19:19:55Z
2026-08-29|union-berlin|vs|eintracht-frankfurt,Bundesliga,2026-08-29,16:30 - Sat 29 Aug,Union Berlin,Eintracht Frankfurt,sportsgambler,over_under,Over,Over,,,,Over 2.5 Goals @ 1.65,2026-08-28T19:19:55Z
2026-08-29|borussia-dortmund|vs|hamburger-sv,Bundesliga,2026-08-29,19:30 - Sat 29 Aug,Borussia Dortmund,Hamburger SV,sportsgambler,correct_score,2 - 1,2 - 1,,,,Both Teams To Score - Yes @ 1.81,2026-08-28T19:19:55Z
2026-08-29|borussia-dortmund|vs|hamburger-sv,Bundesliga,2026-08-29,19:30 - Sat 29 Aug,Borussia Dortmund,Hamburger SV,sportsgambler,1x2,1,1,,,,Both Teams To Score - Yes @ 1.81,2026-08-28T19:19:55Z
2026-08-29|borussia-dortmund|vs|hamburger-sv,Bundesliga,2026-08-29,19:30 - Sat 29 Aug,Borussia Dortmund,Hamburger SV,sportsgambler,btts,Yes,Yes,,,,Both Teams To Score - Yes @ 1.81,2026-08-28T19:19:55Z
2026-08-29|borussia-dortmund|vs|hamburger-sv,Bundesliga,2026-08-29,19:30 - Sat 29 Aug,Borussia Dortmund,Hamburger SV,sportsgambler,over_under,Over,Over,,,,Both Teams To Score - Yes @ 1.81,2026-08-28T19:19:55Z
2026-08-29|fiorentina|vs|frosinone,Serie A,2026-08-29,19:30 - Sat 29 Aug,Fiorentina,Frosinone,sportsgambler,correct_score,1 - 1,1 - 1,,,,Frosinone Asian Hcp +1 @ 1.81,2026-08-28T19:19:55Z
2026-08-29|fiorentina|vs|frosinone,Serie A,2026-08-29,19:30 - Sat 29 Aug,Fiorentina,Frosinone,sportsgambler,1x2,X,X,,,,Frosinone Asian Hcp +1 @ 1.81,2026-08-28T19:19:55Z
2026-08-29|fiorentina|vs|frosinone,Serie A,2026-08-29,19:30 - Sat 29 Aug,Fiorentina,Frosinone,sportsgambler,btts,Yes,Yes,,,,Frosinone Asian Hcp +1 @ 1.81,2026-08-28T19:19:55Z
2026-08-29|fiorentina|vs|frosinone,Serie A,2026-08-29,19:30 - Sat 29 Aug,Fiorentina,Frosinone,sportsgambler,over_under,Under,Under,,,,Frosinone Asian Hcp +1 @ 1.81,2026-08-28T19:19:55Z
2026-08-29|sassuolo|vs|torino,Serie A,2026-08-29,19:30 - Sat 29 Aug,Sassuolo,Torino,sportsgambler,correct_score,1 - 0,1 - 0,,,,Sassuolo To Win @ 2.23,2026-08-28T19:19:55Z
2026-08-29|sassuolo|vs|torino,Serie A,2026-08-29,19:30 - Sat 29 Aug,Sassuolo,Torino,sportsgambler,1x2,1,1,,,,Sassuolo To Win @ 2.23,2026-08-28T19:19:55Z
2026-08-29|sassuolo|vs|torino,Serie A,2026-08-29,19:30 - Sat 29 Aug,Sassuolo,Torino,sportsgambler,btts,No,No,,,,Sassuolo To Win @ 2.23,2026-08-28T19:19:55Z
2026-08-29|sassuolo|vs|torino,Serie A,2026-08-29,19:30 - Sat 29 Aug,Sassuolo,Torino,sportsgambler,over_under,Under,Under,,,,Sassuolo To Win @ 2.23,2026-08-28T19:19:55Z
2026-08-29|monza|vs|udinese,Serie A,2026-08-29,19:30 - Sat 29 Aug,Monza,Udinese,sportsgambler,correct_score,1 - 0,1 - 0,,,,Monza Asian Hcp +0.25 @ 1.83,2026-08-28T19:19:55Z
2026-08-29|monza|vs|udinese,Serie A,2026-08-29,19:30 - Sat 29 Aug,Monza,Udinese,sportsgambler,1x2,1,1,,,,Monza Asian Hcp +0.25 @ 1.83,2026-08-28T19:19:55Z
2026-08-29|monza|vs|udinese,Serie A,2026-08-29,19:30 - Sat 29 Aug,Monza,Udinese,sportsgambler,btts,No,No,,,,Monza Asian Hcp +0.25 @ 1.83,2026-08-28T19:19:55Z
2026-08-29|monza|vs|udinese,Serie A,2026-08-29,19:30 - Sat 29 Aug,Monza,Udinese,sportsgambler,over_under,Under,Under,,,,Monza Asian Hcp +0.25 @ 1.83,2026-08-28T19:19:55Z
2026-08-29|juventus|vs|parma,Serie A,2026-08-29,21:45 - Sat 29 Aug,Juventus,Parma,sportsgambler,correct_score,2 - 1,2 - 1,,,,Parma Asian Hcp +1.75 @ 1.98,2026-08-28T19:19:55Z
2026-08-29|juventus|vs|parma,Serie A,2026-08-29,21:45 - Sat 29 Aug,Juventus,Parma,sportsgambler,1x2,1,1,,,,Parma Asian Hcp +1.75 @ 1.98,2026-08-28T19:19:55Z
2026-08-29|juventus|vs|parma,Serie A,2026-08-29,21:45 - Sat 29 Aug,Juventus,Parma,sportsgambler,btts,Yes,Yes,,,,Parma Asian Hcp +1.75 @ 1.98,2026-08-28T19:19:55Z
2026-08-29|juventus|vs|parma,Serie A,2026-08-29,21:45 - Sat 29 Aug,Juventus,Parma,sportsgambler,over_under,Over,Over,,,,Parma Asian Hcp +1.75 @ 1.98,2026-08-28T19:19:55Z
2026-08-29|strasbourg|vs|lens,Ligue 1,2026-08-29,18:15 - Sat 29 Aug,Strasbourg,Lens,sportsgambler,correct_score,1 - 2,1 - 2,,,,Over 2.5 Goals @ 1.64,2026-08-28T19:19:55Z
2026-08-29|strasbourg|vs|lens,Ligue 1,2026-08-29,18:15 - Sat 29 Aug,Strasbourg,Lens,sportsgambler,1x2,2,2,,,,Over 2.5 Goals @ 1.64,2026-08-28T19:19:55Z
2026-08-29|strasbourg|vs|lens,Ligue 1,2026-08-29,18:15 - Sat 29 Aug,Strasbourg,Lens,sportsgambler,btts,Yes,Yes,,,,Over 2.5 Goals @ 1.64,2026-08-28T19:19:55Z
2026-08-29|strasbourg|vs|lens,Ligue 1,2026-08-29,18:15 - Sat 29 Aug,Strasbourg,Lens,sportsgambler,over_under,Over,Over,,,,Over 2.5 Goals @ 1.64,2026-08-28T19:19:55Z
2026-08-29|auxerre|vs|angers,Ligue 1,2026-08-29,21:45 - Sat 29 Aug,Auxerre,Angers,sportsgambler,correct_score,1 - 0,1 - 0,,,,Auxerre To Win @ 1.89,2026-08-28T19:19:55Z
2026-08-29|auxerre|vs|angers,Ligue 1,2026-08-29,21:45 - Sat 29 Aug,Auxerre,Angers,sportsgambler,1x2,1,1,,,,Auxerre To Win @ 1.89,2026-08-28T19:19:55Z
2026-08-29|auxerre|vs|angers,Ligue 1,2026-08-29,21:45 - Sat 29 Aug,Auxerre,Angers,sportsgambler,btts,No,No,,,,Auxerre To Win @ 1.89,2026-08-28T19:19:55Z
2026-08-29|auxerre|vs|angers,Ligue 1,2026-08-29,21:45 - Sat 29 Aug,Auxerre,Angers,sportsgambler,over_under,Under,Under,,,,Auxerre To Win @ 1.89,2026-08-28T19:19:55Z
2026-08-29|brest|vs|toulouse,Ligue 1,2026-08-29,21:45 - Sat 29 Aug,Brest,Toulouse,sportsgambler,correct_score,1 - 2,1 - 2,,,,Toulouse Asian Hcp +0.25 @ 1.66,2026-08-28T19:19:55Z
2026-08-29|brest|vs|toulouse,Ligue 1,2026-08-29,21:45 - Sat 29 Aug,Brest,Toulouse,sportsgambler,1x2,2,2,,,,Toulouse Asian Hcp +0.25 @ 1.66,2026-08-28T19:19:55Z
2026-08-29|brest|vs|toulouse,Ligue 1,2026-08-29,21:45 - Sat 29 Aug,Brest,Toulouse,sportsgambler,btts,Yes,Yes,,,,Toulouse Asian Hcp +0.25 @ 1.66,2026-08-28T19:19:55Z
2026-08-29|brest|vs|toulouse,Ligue 1,2026-08-29,21:45 - Sat 29 Aug,Brest,Toulouse,sportsgambler,over_under,Over,Over,,,,Toulouse Asian Hcp +0.25 @ 1.66,2026-08-28T19:19:55Z
2026-08-29|lyon|vs|le-havre,Ligue 1,2026-08-29,21:45 - Sat 29 Aug,Lyon,Le Havre,sportsgambler,correct_score,1 - 1,1 - 1,,,,Le Havre Asian Hcp +1.25 @ 1.84,2026-08-28T19:19:55Z
2026-08-29|lyon|vs|le-havre,Ligue 1,2026-08-29,21:45 - Sat 29 Aug,Lyon,Le Havre,sportsgambler,1x2,X,X,,,,Le Havre Asian Hcp +1.25 @ 1.84,2026-08-28T19:19:55Z
2026-08-29|lyon|vs|le-havre,Ligue 1,2026-08-29,21:45 - Sat 29 Aug,Lyon,Le Havre,sportsgambler,btts,Yes,Yes,,,,Le Havre Asian Hcp +1.25 @ 1.84,2026-08-28T19:19:55Z
2026-08-29|lyon|vs|le-havre,Ligue 1,2026-08-29,21:45 - Sat 29 Aug,Lyon,Le Havre,sportsgambler,over_under,Under,Under,,,,Le Havre Asian Hcp +1.25 @ 1.84,2026-08-28T19:19:55Z
2026-08-29|excelsior|vs|sparta-rotterdam,Eredivisie,2026-08-29,17:30 - Sat 29 Aug,Excelsior,Sparta Rotterdam,sportsgambler,correct_score,2 - 1,2 - 1,,,,Excelsior Asian Hcp 0.0 @ 1.74,2026-08-28T19:19:55Z
2026-08-29|excelsior|vs|sparta-rotterdam,Eredivisie,2026-08-29,17:30 - Sat 29 Aug,Excelsior,Sparta Rotterdam,sportsgambler,1x2,1,1,,,,Excelsior Asian Hcp 0.0 @ 1.74,2026-08-28T19:19:55Z
2026-08-29|excelsior|vs|sparta-rotterdam,Eredivisie,2026-08-29,17:30 - Sat 29 Aug,Excelsior,Sparta Rotterdam,sportsgambler,btts,Yes,Yes,,,,Excelsior Asian Hcp 0.0 @ 1.74,2026-08-28T19:19:55Z
2026-08-29|excelsior|vs|sparta-rotterdam,Eredivisie,2026-08-29,17:30 - Sat 29 Aug,Excelsior,Sparta Rotterdam,sportsgambler,over_under,Over,Over,,,,Excelsior Asian Hcp 0.0 @ 1.74,2026-08-28T19:19:55Z
2026-08-29|az-alkmaar|vs|go-ahead-eagles,Eredivisie,2026-08-29,19:45 - Sat 29 Aug,AZ Alkmaar,Go Ahead Eagles,sportsgambler,correct_score,2 - 0,2 - 0,,,,AZ Alkmaar Asian Hcp -1.5 @ 1.94,2026-08-28T19:19:55Z
2026-08-29|az-alkmaar|vs|go-ahead-eagles,Eredivisie,2026-08-29,19:45 - Sat 29 Aug,AZ Alkmaar,Go Ahead Eagles,sportsgambler,1x2,1,1,,,,AZ Alkmaar Asian Hcp -1.5 @ 1.94,2026-08-28T19:19:55Z
2026-08-29|az-alkmaar|vs|go-ahead-eagles,Eredivisie,2026-08-29,19:45 - Sat 29 Aug,AZ Alkmaar,Go Ahead Eagles,sportsgambler,btts,No,No,,,,AZ Alkmaar Asian Hcp -1.5 @ 1.94,2026-08-28T19:19:55Z
2026-08-29|az-alkmaar|vs|go-ahead-eagles,Eredivisie,2026-08-29,19:45 - Sat 29 Aug,AZ Alkmaar,Go Ahead Eagles,sportsgambler,over_under,Under,Under,,,,AZ Alkmaar Asian Hcp -1.5 @ 1.94,2026-08-28T19:19:55Z
2026-08-29|pec-zwolle|vs|nijmegen,Eredivisie,2026-08-29,22:00 - Sat 29 Aug,PEC Zwolle,NEC Nijmegen,sportsgambler,correct_score,1 - 3,1 - 3,,,,NEC Nijmegen To Win @ 1.66,2026-08-28T19:19:55Z
2026-08-29|pec-zwolle|vs|nijmegen,Eredivisie,2026-08-29,22:00 - Sat 29 Aug,PEC Zwolle,NEC Nijmegen,sportsgambler,1x2,2,2,,,,NEC Nijmegen To Win @ 1.66,2026-08-28T19:19:55Z
2026-08-29|pec-zwolle|vs|nijmegen,Eredivisie,2026-08-29,22:00 - Sat 29 Aug,PEC Zwolle,NEC Nijmegen,sportsgambler,btts,Yes,Yes,,,,NEC Nijmegen To Win @ 1.66,2026-08-28T19:19:55Z
2026-08-29|pec-zwolle|vs|nijmegen,Eredivisie,2026-08-29,22:00 - Sat 29 Aug,PEC Zwolle,NEC Nijmegen,sportsgambler,over_under,Over,Over,,,,NEC Nijmegen To Win @ 1.66,2026-08-28T19:19:55Z
2026-08-30|utrecht|vs|psv-eindhoven,Eredivisie,2026-08-30,13:15 - Sun 30 Aug,FC Utrecht,PSV Eindhoven,sportsgambler,correct_score,0 - 2,0 - 2,,,,PSV To Win @ 1.64,2026-08-28T19:19:55Z
2026-08-30|utrecht|vs|psv-eindhoven,Eredivisie,2026-08-30,13:15 - Sun 30 Aug,FC Utrecht,PSV Eindhoven,sportsgambler,1x2,2,2,,,,PSV To Win @ 1.64,2026-08-28T19:19:55Z
2026-08-30|utrecht|vs|psv-eindhoven,Eredivisie,2026-08-30,13:15 - Sun 30 Aug,FC Utrecht,PSV Eindhoven,sportsgambler,btts,No,No,,,,PSV To Win @ 1.64,2026-08-28T19:19:55Z
2026-08-30|utrecht|vs|psv-eindhoven,Eredivisie,2026-08-30,13:15 - Sun 30 Aug,FC Utrecht,PSV Eindhoven,sportsgambler,over_under,Under,Under,,,,PSV To Win @ 1.64,2026-08-28T19:19:55Z
2026-08-30|feyenoord|vs|ado-den-haag,Eredivisie,2026-08-30,15:30 - Sun 30 Aug,Feyenoord,ADO Den Haag,sportsgambler,correct_score,3 - 0,3 - 0,,,,Feyenoord Asian Hcp -2.25 @ 1.84,2026-08-28T19:19:55Z
2026-08-30|feyenoord|vs|ado-den-haag,Eredivisie,2026-08-30,15:30 - Sun 30 Aug,Feyenoord,ADO Den Haag,sportsgambler,1x2,1,1,,,,Feyenoord Asian Hcp -2.25 @ 1.84,2026-08-28T19:19:55Z
2026-08-30|feyenoord|vs|ado-den-haag,Eredivisie,2026-08-30,15:30 - Sun 30 Aug,Feyenoord,ADO Den Haag,sportsgambler,btts,No,No,,,,Feyenoord Asian Hcp -2.25 @ 1.84,2026-08-28T19:19:55Z
2026-08-30|feyenoord|vs|ado-den-haag,Eredivisie,2026-08-30,15:30 - Sun 30 Aug,Feyenoord,ADO Den Haag,sportsgambler,over_under,Over,Over,,,,Feyenoord Asian Hcp -2.25 @ 1.84,2026-08-28T19:19:55Z
2026-08-29|fc-alverca|vs|santa-clara,Liga Portugal,2026-08-29,17:30 - Sat 29 Aug,Alverca,Santa Clara,sportsgambler,correct_score,2 - 1,2 - 1,,,,Alverca Asian Hcp +0.25 @ 1.64,2026-08-28T19:19:55Z
2026-08-29|fc-alverca|vs|santa-clara,Liga Portugal,2026-08-29,17:30 - Sat 29 Aug,Alverca,Santa Clara,sportsgambler,1x2,1,1,,,,Alverca Asian Hcp +0.25 @ 1.64,2026-08-28T19:19:55Z
2026-08-29|fc-alverca|vs|santa-clara,Liga Portugal,2026-08-29,17:30 - Sat 29 Aug,Alverca,Santa Clara,sportsgambler,btts,Yes,Yes,,,,Alverca Asian Hcp +0.25 @ 1.64,2026-08-28T19:19:55Z
2026-08-29|fc-alverca|vs|santa-clara,Liga Portugal,2026-08-29,17:30 - Sat 29 Aug,Alverca,Santa Clara,sportsgambler,over_under,Over,Over,,,,Alverca Asian Hcp +0.25 @ 1.64,2026-08-28T19:19:55Z
2026-08-30|chelsea|vs|brighton,Premier League,2026-08-30,16:00 - Sun 30 Aug,Chelsea,Brighton,sportsgambler,correct_score,1 - 1,1 - 1,,,,Brighton Asian Hcp +0.75 @ 1.80,2026-08-29T03:19:13Z
2026-08-30|chelsea|vs|brighton,Premier League,2026-08-30,16:00 - Sun 30 Aug,Chelsea,Brighton,sportsgambler,1x2,X,X,,,,Brighton Asian Hcp +0.75 @ 1.80,2026-08-29T03:19:13Z
2026-08-30|chelsea|vs|brighton,Premier League,2026-08-30,16:00 - Sun 30 Aug,Chelsea,Brighton,sportsgambler,btts,Yes,Yes,,,,Brighton Asian Hcp +0.75 @ 1.80,2026-08-29T03:19:13Z
2026-08-30|chelsea|vs|brighton,Premier League,2026-08-30,16:00 - Sun 30 Aug,Chelsea,Brighton,sportsgambler,over_under,Under,Under,,,,Brighton Asian Hcp +0.75 @ 1.80,2026-08-29T03:19:13Z
2026-08-30|leeds-united|vs|brentford,Premier League,2026-08-30,16:00 - Sun 30 Aug,Leeds,Brentford,sportsgambler,correct_score,1 - 1,1 - 1,,,,Under 2.5 Goals @ 1.92,2026-08-29T03:19:13Z
2026-08-30|leeds-united|vs|brentford,Premier League,2026-08-30,16:00 - Sun 30 Aug,Leeds,Brentford,sportsgambler,1x2,X,X,,,,Under 2.5 Goals @ 1.92,2026-08-29T03:19:13Z
2026-08-30|leeds-united|vs|brentford,Premier League,2026-08-30,16:00 - Sun 30 Aug,Leeds,Brentford,sportsgambler,btts,Yes,Yes,,,,Under 2.5 Goals @ 1.92,2026-08-29T03:19:13Z
2026-08-30|leeds-united|vs|brentford,Premier League,2026-08-30,16:00 - Sun 30 Aug,Leeds,Brentford,sportsgambler,over_under,Under,Under,,,,Under 2.5 Goals @ 1.92,2026-08-29T03:19:13Z
2026-08-30|sunderland|vs|fulham,Premier League,2026-08-30,16:00 - Sun 30 Aug,Sunderland,Fulham,sportsgambler,correct_score,1 - 1,1 - 1,,,,Under 2.5 Goals @ 1.74,2026-08-29T03:19:13Z
2026-08-30|sunderland|vs|fulham,Premier League,2026-08-30,16:00 - Sun 30 Aug,Sunderland,Fulham,sportsgambler,1x2,X,X,,,,Under 2.5 Goals @ 1.74,2026-08-29T03:19:13Z
2026-08-30|sunderland|vs|fulham,Premier League,2026-08-30,16:00 - Sun 30 Aug,Sunderland,Fulham,sportsgambler,btts,Yes,Yes,,,,Under 2.5 Goals @ 1.74,2026-08-29T03:19:13Z
2026-08-30|sunderland|vs|fulham,Premier League,2026-08-30,16:00 - Sun 30 Aug,Sunderland,Fulham,sportsgambler,over_under,Under,Under,,,,Under 2.5 Goals @ 1.74,2026-08-29T03:19:13Z
2026-08-30|manchester-united|vs|ipswich,Premier League,2026-08-30,18:30 - Sun 30 Aug,Manchester United,Ipswich,sportsgambler,correct_score,1 - 1,1 - 1,,,,Both Teams To Score - Yes @ 1.82,2026-08-29T03:19:13Z
2026-08-30|manchester-united|vs|ipswich,Premier League,2026-08-30,18:30 - Sun 30 Aug,Manchester United,Ipswich,sportsgambler,1x2,X,X,,,,Both Teams To Score - Yes @ 1.82,2026-08-29T03:19:13Z
2026-08-30|manchester-united|vs|ipswich,Premier League,2026-08-30,18:30 - Sun 30 Aug,Manchester United,Ipswich,sportsgambler,btts,Yes,Yes,,,,Both Teams To Score - Yes @ 1.82,2026-08-29T03:19:13Z
2026-08-30|manchester-united|vs|ipswich,Premier League,2026-08-30,18:30 - Sun 30 Aug,Manchester United,Ipswich,sportsgambler,over_under,Under,Under,,,,Both Teams To Score - Yes @ 1.82,2026-08-29T03:19:13Z
2026-08-30|real-madrid|vs|m-laga-cf,LaLiga,2026-08-30,18:00 - Sun 30 Aug,Real Madrid,Málaga,sportsgambler,correct_score,3 - 1,3 - 1,,,,Málaga Asian Hcp +2.5 @ 1.80,2026-08-29T03:19:13Z
2026-08-30|real-madrid|vs|m-laga-cf,LaLiga,2026-08-30,18:00 - Sun 30 Aug,Real Madrid,Málaga,sportsgambler,1x2,1,1,,,,Málaga Asian Hcp +2.5 @ 1.80,2026-08-29T03:19:13Z
2026-08-30|real-madrid|vs|m-laga-cf,LaLiga,2026-08-30,18:00 - Sun 30 Aug,Real Madrid,Málaga,sportsgambler,btts,Yes,Yes,,,,Málaga Asian Hcp +2.5 @ 1.80,2026-08-29T03:19:13Z
2026-08-30|real-madrid|vs|m-laga-cf,LaLiga,2026-08-30,18:00 - Sun 30 Aug,Real Madrid,Málaga,sportsgambler,over_under,Over,Over,,,,Málaga Asian Hcp +2.5 @ 1.80,2026-08-29T03:19:13Z
2026-08-30|celta-vigo|vs|athletic-bilbao,LaLiga,2026-08-30,22:30 - Sun 30 Aug,Celta Vigo,Athletic Club,sportsgambler,correct_score,1 - 1,1 - 1,,,,Both Teams To Score - Yes @ 1.81,2026-08-29T03:19:13Z
2026-08-30|celta-vigo|vs|athletic-bilbao,LaLiga,2026-08-30,22:30 - Sun 30 Aug,Celta Vigo,Athletic Club,sportsgambler,1x2,X,X,,,,Both Teams To Score - Yes @ 1.81,2026-08-29T03:19:13Z
2026-08-30|celta-vigo|vs|athletic-bilbao,LaLiga,2026-08-30,22:30 - Sun 30 Aug,Celta Vigo,Athletic Club,sportsgambler,btts,Yes,Yes,,,,Both Teams To Score - Yes @ 1.81,2026-08-29T03:19:13Z
2026-08-30|celta-vigo|vs|athletic-bilbao,LaLiga,2026-08-30,22:30 - Sun 30 Aug,Celta Vigo,Athletic Club,sportsgambler,over_under,Under,Under,,,,Both Teams To Score - Yes @ 1.81,2026-08-29T03:19:13Z
2026-08-30|freiburg|vs|werder-bremen,Bundesliga,2026-08-30,16:30 - Sun 30 Aug,Freiburg,Werder Bremen,sportsgambler,correct_score,2 - 1,2 - 1,,,,Both Teams To Score - Yes @ 1.61,2026-08-29T03:19:13Z
2026-08-30|freiburg|vs|werder-bremen,Bundesliga,2026-08-30,16:30 - Sun 30 Aug,Freiburg,Werder Bremen,sportsgambler,1x2,1,1,,,,Both Teams To Score - Yes @ 1.61,2026-08-29T03:19:13Z
2026-08-30|freiburg|vs|werder-bremen,Bundesliga,2026-08-30,16:30 - Sun 30 Aug,Freiburg,Werder Bremen,sportsgambler,btts,Yes,Yes,,,,Both Teams To Score - Yes @ 1.61,2026-08-29T03:19:13Z
2026-08-30|freiburg|vs|werder-bremen,Bundesliga,2026-08-30,16:30 - Sun 30 Aug,Freiburg,Werder Bremen,sportsgambler,over_under,Over,Over,,,,Both Teams To Score - Yes @ 1.61,2026-08-29T03:19:13Z
2026-08-30|augsburg|vs|schalke-04,Bundesliga,2026-08-30,18:30 - Sun 30 Aug,Augsburg,Schalke 04,sportsgambler,correct_score,2 - 1,2 - 1,,,,Over 2.5 Goals @ 1.65,2026-08-29T03:19:13Z
2026-08-30|augsburg|vs|schalke-04,Bundesliga,2026-08-30,18:30 - Sun 30 Aug,Augsburg,Schalke 04,sportsgambler,1x2,1,1,,,,Over 2.5 Goals @ 1.65,2026-08-29T03:19:13Z
2026-08-30|augsburg|vs|schalke-04,Bundesliga,2026-08-30,18:30 - Sun 30 Aug,Augsburg,Schalke 04,sportsgambler,btts,Yes,Yes,,,,Over 2.5 Goals @ 1.65,2026-08-29T03:19:13Z
2026-08-30|augsburg|vs|schalke-04,Bundesliga,2026-08-30,18:30 - Sun 30 Aug,Augsburg,Schalke 04,sportsgambler,over_under,Over,Over,,,,Over 2.5 Goals @ 1.65,2026-08-29T03:19:13Z
2026-08-30|napoli|vs|como,Serie A,2026-08-30,19:30 - Sun 30 Aug,Napoli,Como,sportsgambler,correct_score,0 - 1,0 - 1,,,,Como Asian Hcp +0.25 @ 1.72,2026-08-29T03:19:13Z
2026-08-30|napoli|vs|como,Serie A,2026-08-30,19:30 - Sun 30 Aug,Napoli,Como,sportsgambler,1x2,2,2,,,,Como Asian Hcp +0.25 @ 1.72,2026-08-29T03:19:13Z
2026-08-30|napoli|vs|como,Serie A,2026-08-30,19:30 - Sun 30 Aug,Napoli,Como,sportsgambler,btts,No,No,,,,Como Asian Hcp +0.25 @ 1.72,2026-08-29T03:19:13Z
2026-08-30|napoli|vs|como,Serie A,2026-08-30,19:30 - Sun 30 Aug,Napoli,Como,sportsgambler,over_under,Under,Under,,,,Como Asian Hcp +0.25 @ 1.72,2026-08-29T03:19:13Z
2026-08-30|cagliari|vs|inter,Serie A,2026-08-30,21:45 - Sun 30 Aug,Cagliari,Inter Milan,sportsgambler,correct_score,1 - 1,1 - 1,,,,Cagliari Asian Hcp +1.25 @ 1.90,2026-08-29T03:19:13Z
2026-08-30|cagliari|vs|inter,Serie A,2026-08-30,21:45 - Sun 30 Aug,Cagliari,Inter Milan,sportsgambler,1x2,X,X,,,,Cagliari Asian Hcp +1.25 @ 1.90,2026-08-29T03:19:13Z
2026-08-30|cagliari|vs|inter,Serie A,2026-08-30,21:45 - Sun 30 Aug,Cagliari,Inter Milan,sportsgambler,btts,Yes,Yes,,,,Cagliari Asian Hcp +1.25 @ 1.90,2026-08-29T03:19:13Z
2026-08-30|cagliari|vs|inter,Serie A,2026-08-30,21:45 - Sun 30 Aug,Cagliari,Inter Milan,sportsgambler,over_under,Under,Under,,,,Cagliari Asian Hcp +1.25 @ 1.90,2026-08-29T03:19:13Z
2026-08-30|lazio|vs|genoa,Serie A,2026-08-30,21:45 - Sun 30 Aug,Lazio,Genoa,sportsgambler,correct_score,1 - 0,1 - 0,,,,Lazio To Win @ 1.93,2026-08-29T03:19:13Z
2026-08-30|lazio|vs|genoa,Serie A,2026-08-30,21:45 - Sun 30 Aug,Lazio,Genoa,sportsgambler,1x2,1,1,,,,Lazio To Win @ 1.93,2026-08-29T03:19:13Z
2026-08-30|lazio|vs|genoa,Serie A,2026-08-30,21:45 - Sun 30 Aug,Lazio,Genoa,sportsgambler,btts,No,No,,,,Lazio To Win @ 1.93,2026-08-29T03:19:13Z
2026-08-30|lazio|vs|genoa,Serie A,2026-08-30,21:45 - Sun 30 Aug,Lazio,Genoa,sportsgambler,over_under,Under,Under,,,,Lazio To Win @ 1.93,2026-08-29T03:19:13Z
2026-08-30|paris-fc|vs|nice,Ligue 1,2026-08-30,16:00 - Sun 30 Aug,Paris FC,Nice,sportsgambler,correct_score,1 - 0,1 - 0,,,,Paris To Win @ 2.07,2026-08-29T03:19:13Z
2026-08-30|paris-fc|vs|nice,Ligue 1,2026-08-30,16:00 - Sun 30 Aug,Paris FC,Nice,sportsgambler,1x2,1,1,,,,Paris To Win @ 2.07,2026-08-29T03:19:13Z
2026-08-30|paris-fc|vs|nice,Ligue 1,2026-08-30,16:00 - Sun 30 Aug,Paris FC,Nice,sportsgambler,btts,No,No,,,,Paris To Win @ 2.07,2026-08-29T03:19:13Z
2026-08-30|paris-fc|vs|nice,Ligue 1,2026-08-30,16:00 - Sun 30 Aug,Paris FC,Nice,sportsgambler,over_under,Under,Under,,,,Paris To Win @ 2.07,2026-08-29T03:19:13Z
2026-08-30|monaco|vs|olympique-marseille,Ligue 1,2026-08-30,21:45 - Sun 30 Aug,Monaco,Marseille,sportsgambler,correct_score,1 - 2,1 - 2,,,,Marseille Asian Hcp +0.25 @ 1.72,2026-08-29T03:19:13Z
2026-08-30|monaco|vs|olympique-marseille,Ligue 1,2026-08-30,21:45 - Sun 30 Aug,Monaco,Marseille,sportsgambler,1x2,2,2,,,,Marseille Asian Hcp +0.25 @ 1.72,2026-08-29T03:19:13Z
2026-08-30|monaco|vs|olympique-marseille,Ligue 1,2026-08-30,21:45 - Sun 30 Aug,Monaco,Marseille,sportsgambler,btts,Yes,Yes,,,,Marseille Asian Hcp +0.25 @ 1.72,2026-08-29T03:19:13Z
2026-08-30|monaco|vs|olympique-marseille,Ligue 1,2026-08-30,21:45 - Sun 30 Aug,Monaco,Marseille,sportsgambler,over_under,Over,Over,,,,Marseille Asian Hcp +0.25 @ 1.72,2026-08-29T03:19:13Z
2026-08-30|sc-telstar|vs|ajax,Eredivisie,2026-08-30,17:45 - Sun 30 Aug,Telstar,Ajax,sportsgambler,correct_score,2 - 2,2 - 2,,,,Telstar Asian Hcp +1 @ 1.96,2026-08-29T03:19:13Z
2026-08-30|sc-telstar|vs|ajax,Eredivisie,2026-08-30,17:45 - Sun 30 Aug,Telstar,Ajax,sportsgambler,1x2,X,X,,,,Telstar Asian Hcp +1 @ 1.96,2026-08-29T03:19:13Z
2026-08-30|sc-telstar|vs|ajax,Eredivisie,2026-08-30,17:45 - Sun 30 Aug,Telstar,Ajax,sportsgambler,btts,Yes,Yes,,,,Telstar Asian Hcp +1 @ 1.96,2026-08-29T03:19:13Z
2026-08-30|sc-telstar|vs|ajax,Eredivisie,2026-08-30,17:45 - Sun 30 Aug,Telstar,Ajax,sportsgambler,over_under,Over,Over,,,,Telstar Asian Hcp +1 @ 1.96,2026-08-29T03:19:13Z
2026-08-30|cambuur|vs|twente,Eredivisie,2026-08-30,21:00 - Sun 30 Aug,Cambuur,Twente,sportsgambler,correct_score,1 - 3,1 - 3,,,,Both Teams To Score - Yes @ 1.70,2026-08-29T03:19:13Z
2026-08-30|cambuur|vs|twente,Eredivisie,2026-08-30,21:00 - Sun 30 Aug,Cambuur,Twente,sportsgambler,1x2,2,2,,,,Both Teams To Score - Yes @ 1.70,2026-08-29T03:19:13Z
2026-08-30|cambuur|vs|twente,Eredivisie,2026-08-30,21:00 - Sun 30 Aug,Cambuur,Twente,sportsgambler,btts,Yes,Yes,,,,Both Teams To Score - Yes @ 1.70,2026-08-29T03:19:13Z
2026-08-30|cambuur|vs|twente,Eredivisie,2026-08-30,21:00 - Sun 30 Aug,Cambuur,Twente,sportsgambler,over_under,Over,Over,,,,Both Teams To Score - Yes @ 1.70,2026-08-29T03:19:13Z
2026-08-30|nacional-madeira|vs|estrela-amadora,Liga Portugal,2026-08-30,17:30 - Sun 30 Aug,Nacional,Estrela Amadora,sportsgambler,correct_score,2 - 1,2 - 1,,,,Nacional Asian Hcp 0.0 @ 1.61,2026-08-29T03:19:13Z
2026-08-30|nacional-madeira|vs|estrela-amadora,Liga Portugal,2026-08-30,17:30 - Sun 30 Aug,Nacional,Estrela Amadora,sportsgambler,1x2,1,1,,,,Nacional Asian Hcp 0.0 @ 1.61,2026-08-29T03:19:13Z
2026-08-30|nacional-madeira|vs|estrela-amadora,Liga Portugal,2026-08-30,17:30 - Sun 30 Aug,Nacional,Estrela Amadora,sportsgambler,btts,Yes,Yes,,,,Nacional Asian Hcp 0.0 @ 1.61,2026-08-29T03:19:13Z
2026-08-30|nacional-madeira|vs|estrela-amadora,Liga Portugal,2026-08-30,17:30 - Sun 30 Aug,Nacional,Estrela Amadora,sportsgambler,over_under,Over,Over,,,,Nacional Asian Hcp 0.0 @ 1.61,2026-08-29T03:19:13Z
2026-08-30|casa-pia-ac|vs|moreirense-fc,Liga Portugal,2026-08-30,20:00 - Sun 30 Aug,Casa Pia,Moreirense,sportsgambler,correct_score,0 - 1,0 - 1,,,,Moreirense Asian Hcp +0.25 @ 1.73,2026-08-29T03:19:13Z
2026-08-30|casa-pia-ac|vs|moreirense-fc,Liga Portugal,2026-08-30,20:00 - Sun 30 Aug,Casa Pia,Moreirense,sportsgambler,1x2,2,2,,,,Moreirense Asian Hcp +0.25 @ 1.73,2026-08-29T03:19:13Z
2026-08-30|casa-pia-ac|vs|moreirense-fc,Liga Portugal,2026-08-30,20:00 - Sun 30 Aug,Casa Pia,Moreirense,sportsgambler,btts,No,No,,,,Moreirense Asian Hcp +0.25 @ 1.73,2026-08-29T03:19:13Z
2026-08-30|casa-pia-ac|vs|moreirense-fc,Liga Portugal,2026-08-30,20:00 - Sun 30 Aug,Casa Pia,Moreirense,sportsgambler,over_under,Under,Under,,,,Moreirense Asian Hcp +0.25 @ 1.73,2026-08-29T03:19:13Z
2026-08-30|fc-famalic-o|vs|gil-vicente,Liga Portugal,2026-08-30,22:30 - Sun 30 Aug,Famalicão,Gil Vicente,sportsgambler,correct_score,1 - 0,1 - 0,,,,Famalicão To Win @ 2.12,2026-08-29T03:19:13Z
2026-08-30|fc-famalic-o|vs|gil-vicente,Liga Portugal,2026-08-30,22:30 - Sun 30 Aug,Famalicão,Gil Vicente,sportsgambler,1x2,1,1,,,,Famalicão To Win @ 2.12,2026-08-29T03:19:13Z
2026-08-30|fc-famalic-o|vs|gil-vicente,Liga Portugal,2026-08-30,22:30 - Sun 30 Aug,Famalicão,Gil Vicente,sportsgambler,btts,No,No,,,,Famalicão To Win @ 2.12,2026-08-29T03:19:13Z
2026-08-30|fc-famalic-o|vs|gil-vicente,Liga Portugal,2026-08-30,22:30 - Sun 30 Aug,Famalicão,Gil Vicente,sportsgambler,over_under,Under,Under,,,,Famalicão To Win @ 2.12,2026-08-29T03:19:13Z
2026-08-31|aston-villa|vs|arsenal,Premier League,2026-08-31,22:00 - Mon 31 Aug,Aston Villa,Arsenal,sportsgambler,correct_score,1 - 2,1 - 2,,,,Over 2.5 Goals @ 1.76,2026-08-30T04:28:41Z
2026-08-31|aston-villa|vs|arsenal,Premier League,2026-08-31,22:00 - Mon 31 Aug,Aston Villa,Arsenal,sportsgambler,1x2,2,2,,,,Over 2.5 Goals @ 1.76,2026-08-30T04:28:41Z
2026-08-31|aston-villa|vs|arsenal,Premier League,2026-08-31,22:00 - Mon 31 Aug,Aston Villa,Arsenal,sportsgambler,btts,Yes,Yes,,,,Over 2.5 Goals @ 1.76,2026-08-30T04:28:41Z
2026-08-31|aston-villa|vs|arsenal,Premier League,2026-08-31,22:00 - Mon 31 Aug,Aston Villa,Arsenal,sportsgambler,over_under,Over,Over,,,,Over 2.5 Goals @ 1.76,2026-08-30T04:28:41Z
2026-08-30|deportivo-la-coru-a|vs|valencia,LaLiga,2026-08-30,20:30 - Sun 30 Aug,Deportivo,Valencia,sportsgambler,correct_score,1 - 2,1 - 2,,,,Valencia Asian Hcp +0.25 @ 1.71,2026-08-30T04:28:41Z
2026-08-30|deportivo-la-coru-a|vs|valencia,LaLiga,2026-08-30,20:30 - Sun 30 Aug,Deportivo,Valencia,sportsgambler,1x2,2,2,,,,Valencia Asian Hcp +0.25 @ 1.71,2026-08-30T04:28:41Z
2026-08-30|deportivo-la-coru-a|vs|valencia,LaLiga,2026-08-30,20:30 - Sun 30 Aug,Deportivo,Valencia,sportsgambler,btts,Yes,Yes,,,,Valencia Asian Hcp +0.25 @ 1.71,2026-08-30T04:28:41Z
2026-08-30|deportivo-la-coru-a|vs|valencia,LaLiga,2026-08-30,20:30 - Sun 30 Aug,Deportivo,Valencia,sportsgambler,over_under,Over,Over,,,,Valencia Asian Hcp +0.25 @ 1.71,2026-08-30T04:28:41Z
2026-08-31|osasuna|vs|getafe,LaLiga,2026-08-31,20:30 - Mon 31 Aug,Osasuna,Getafe,sportsgambler,correct_score,1 - 0,1 - 0,,,,Both Teams To Score - No @ 1.56,2026-08-30T04:28:41Z
2026-08-31|osasuna|vs|getafe,LaLiga,2026-08-31,20:30 - Mon 31 Aug,Osasuna,Getafe,sportsgambler,1x2,1,1,,,,Both Teams To Score - No @ 1.56,2026-08-30T04:28:41Z
2026-08-31|osasuna|vs|getafe,LaLiga,2026-08-31,20:30 - Mon 31 Aug,Osasuna,Getafe,sportsgambler,btts,No,No,,,,Both Teams To Score - No @ 1.56,2026-08-30T04:28:41Z
2026-08-31|osasuna|vs|getafe,LaLiga,2026-08-31,20:30 - Mon 31 Aug,Osasuna,Getafe,sportsgambler,over_under,Under,Under,,,,Both Teams To Score - No @ 1.56,2026-08-30T04:28:41Z
2026-08-31|barcelona|vs|rayo-vallecano,LaLiga,2026-08-31,22:30 - Mon 31 Aug,Barcelona,Rayo Vallecano,sportsgambler,correct_score,1 - 0,1 - 0,,,,Rayo Asian Hcp +2.25 @ 1.89,2026-08-30T04:28:41Z
2026-08-31|barcelona|vs|rayo-vallecano,LaLiga,2026-08-31,22:30 - Mon 31 Aug,Barcelona,Rayo Vallecano,sportsgambler,1x2,1,1,,,,Rayo Asian Hcp +2.25 @ 1.89,2026-08-30T04:28:41Z
2026-08-31|barcelona|vs|rayo-vallecano,LaLiga,2026-08-31,22:30 - Mon 31 Aug,Barcelona,Rayo Vallecano,sportsgambler,btts,No,No,,,,Rayo Asian Hcp +2.25 @ 1.89,2026-08-30T04:28:41Z
2026-08-31|barcelona|vs|rayo-vallecano,LaLiga,2026-08-31,22:30 - Mon 31 Aug,Barcelona,Rayo Vallecano,sportsgambler,over_under,Under,Under,,,,Rayo Asian Hcp +2.25 @ 1.89,2026-08-30T04:28:41Z
2026-08-31|lecce|vs|roma,Serie A,2026-08-31,19:30 - Mon 31 Aug,Lecce,Roma,sportsgambler,correct_score,1 - 1,1 - 1,,,,Lecce Asian Hcp +1.25 @ 1.77,2026-08-30T04:28:41Z
2026-08-31|lecce|vs|roma,Serie A,2026-08-31,19:30 - Mon 31 Aug,Lecce,Roma,sportsgambler,1x2,X,X,,,,Lecce Asian Hcp +1.25 @ 1.77,2026-08-30T04:28:41Z
2026-08-31|lecce|vs|roma,Serie A,2026-08-31,19:30 - Mon 31 Aug,Lecce,Roma,sportsgambler,btts,Yes,Yes,,,,Lecce Asian Hcp +1.25 @ 1.77,2026-08-30T04:28:41Z
2026-08-31|lecce|vs|roma,Serie A,2026-08-31,19:30 - Mon 31 Aug,Lecce,Roma,sportsgambler,over_under,Under,Under,,,,Lecce Asian Hcp +1.25 @ 1.77,2026-08-30T04:28:41Z
2026-08-31|atalanta|vs|bologna,Serie A,2026-08-31,21:45 - Mon 31 Aug,Atalanta,Bologna,sportsgambler,correct_score,1 - 0,1 - 0,,,,Atalanta To Win @ 1.89,2026-08-30T04:28:41Z
2026-08-31|atalanta|vs|bologna,Serie A,2026-08-31,21:45 - Mon 31 Aug,Atalanta,Bologna,sportsgambler,1x2,1,1,,,,Atalanta To Win @ 1.89,2026-08-30T04:28:41Z
2026-08-31|atalanta|vs|bologna,Serie A,2026-08-31,21:45 - Mon 31 Aug,Atalanta,Bologna,sportsgambler,btts,No,No,,,,Atalanta To Win @ 1.89,2026-08-30T04:28:41Z
2026-08-31|atalanta|vs|bologna,Serie A,2026-08-31,21:45 - Mon 31 Aug,Atalanta,Bologna,sportsgambler,over_under,Under,Under,,,,Atalanta To Win @ 1.89,2026-08-30T04:28:41Z
2026-08-31|sl-benfica|vs|gd-estoril,Liga Portugal,2026-08-31,22:15 - Mon 31 Aug,Benfica,Estoril,sportsgambler,correct_score,3 - 0,3 - 0,,,,Benfica Asian Hcp -2.25 @ 1.80,2026-08-30T04:28:41Z
2026-08-31|sl-benfica|vs|gd-estoril,Liga Portugal,2026-08-31,22:15 - Mon 31 Aug,Benfica,Estoril,sportsgambler,1x2,1,1,,,,Benfica Asian Hcp -2.25 @ 1.80,2026-08-30T04:28:41Z
2026-08-31|sl-benfica|vs|gd-estoril,Liga Portugal,2026-08-31,22:15 - Mon 31 Aug,Benfica,Estoril,sportsgambler,btts,No,No,,,,Benfica Asian Hcp -2.25 @ 1.80,2026-08-30T04:28:41Z
2026-08-31|sl-benfica|vs|gd-estoril,Liga Portugal,2026-08-31,22:15 - Mon 31 Aug,Benfica,Estoril,sportsgambler,over_under,Over,Over,,,,Benfica Asian Hcp -2.25 @ 1.80,2026-08-30T04:28:41Z
2026-08-31|sporting-braga|vs|vit-ria,Liga Portugal,2026-08-31,22:15 - Mon 31 Aug,Braga,Vitória,sportsgambler,correct_score,2 - 0,2 - 0,,,,Braga To Win @ 1.71,2026-08-30T04:28:41Z
2026-08-31|sporting-braga|vs|vit-ria,Liga Portugal,2026-08-31,22:15 - Mon 31 Aug,Braga,Vitória,sportsgambler,1x2,1,1,,,,Braga To Win @ 1.71,2026-08-30T04:28:41Z
2026-08-31|sporting-braga|vs|vit-ria,Liga Portugal,2026-08-31,22:15 - Mon 31 Aug,Braga,Vitória,sportsgambler,btts,No,No,,,,Braga To Win @ 1.71,2026-08-30T04:28:41Z
2026-08-31|sporting-braga|vs|vit-ria,Liga Portugal,2026-08-31,22:15 - Mon 31 Aug,Braga,Vitória,sportsgambler,over_under,Under,Under,,,,Braga To Win @ 1.71,2026-08-30T04:28:41Z
2026-09-04|ipswich|vs|liverpool,Premier League,2026-09-04,22:00 - Fri 04 Sep,Ipswich,Liverpool,sportsgambler,correct_score,1 - 1,1 - 1,,,,Ipswich Asian Hcp +1 @ 1.98,2026-09-03T16:17:22Z
2026-09-04|ipswich|vs|liverpool,Premier League,2026-09-04,22:00 - Fri 04 Sep,Ipswich,Liverpool,sportsgambler,1x2,X,X,,,,Ipswich Asian Hcp +1 @ 1.98,2026-09-03T16:17:22Z
2026-09-04|ipswich|vs|liverpool,Premier League,2026-09-04,22:00 - Fri 04 Sep,Ipswich,Liverpool,sportsgambler,btts,Yes,Yes,,,,Ipswich Asian Hcp +1 @ 1.98,2026-09-03T16:17:22Z
2026-09-04|ipswich|vs|liverpool,Premier League,2026-09-04,22:00 - Fri 04 Sep,Ipswich,Liverpool,sportsgambler,over_under,Under,Under,,,,Ipswich Asian Hcp +1 @ 1.98,2026-09-03T16:17:22Z
2026-09-03|real-sociedad|vs|celta-vigo,LaLiga,2026-09-03,22:00 - Thu 03 Sep,Real Sociedad,Celta Vigo,sportsgambler,correct_score,1 - 1,1 - 1,,,,Celta Asian Hcp +0.5 @ 1.89,2026-09-03T16:17:22Z
2026-09-03|real-sociedad|vs|celta-vigo,LaLiga,2026-09-03,22:00 - Thu 03 Sep,Real Sociedad,Celta Vigo,sportsgambler,1x2,X,X,,,,Celta Asian Hcp +0.5 @ 1.89,2026-09-03T16:17:22Z
2026-09-03|real-sociedad|vs|celta-vigo,LaLiga,2026-09-03,22:00 - Thu 03 Sep,Real Sociedad,Celta Vigo,sportsgambler,btts,Yes,Yes,,,,Celta Asian Hcp +0.5 @ 1.89,2026-09-03T16:17:22Z
2026-09-03|real-sociedad|vs|celta-vigo,LaLiga,2026-09-03,22:00 - Thu 03 Sep,Real Sociedad,Celta Vigo,sportsgambler,over_under,Under,Under,,,,Celta Asian Hcp +0.5 @ 1.89,2026-09-03T16:17:22Z
2026-09-04|real-betis|vs|real-madrid,LaLiga,2026-09-04,22:00 - Fri 04 Sep,Real Betis,Real Madrid,sportsgambler,correct_score,1 - 2,1 - 2,,,,Betis Asian Hcp +1.5 @ 1.83,2026-09-03T16:17:22Z
2026-09-04|real-betis|vs|real-madrid,LaLiga,2026-09-04,22:00 - Fri 04 Sep,Real Betis,Real Madrid,sportsgambler,1x2,2,2,,,,Betis Asian Hcp +1.5 @ 1.83,2026-09-03T16:17:22Z
2026-09-04|real-betis|vs|real-madrid,LaLiga,2026-09-04,22:00 - Fri 04 Sep,Real Betis,Real Madrid,sportsgambler,btts,Yes,Yes,,,,Betis Asian Hcp +1.5 @ 1.83,2026-09-03T16:17:22Z
2026-09-04|real-betis|vs|real-madrid,LaLiga,2026-09-04,22:00 - Fri 04 Sep,Real Betis,Real Madrid,sportsgambler,over_under,Over,Over,,,,Betis Asian Hcp +1.5 @ 1.83,2026-09-03T16:17:22Z
2026-09-04|stuttgart|vs|fc-koln,Bundesliga,2026-09-04,21:30 - Fri 04 Sep,Stuttgart,FC Koln,sportsgambler,correct_score,2 - 0,2 - 0,,,,Stuttgart Asian Hcp -1.25 @ 2.00,2026-09-03T16:17:22Z
2026-09-04|stuttgart|vs|fc-koln,Bundesliga,2026-09-04,21:30 - Fri 04 Sep,Stuttgart,FC Koln,sportsgambler,1x2,1,1,,,,Stuttgart Asian Hcp -1.25 @ 2.00,2026-09-03T16:17:22Z
2026-09-04|stuttgart|vs|fc-koln,Bundesliga,2026-09-04,21:30 - Fri 04 Sep,Stuttgart,FC Koln,sportsgambler,btts,No,No,,,,Stuttgart Asian Hcp -1.25 @ 2.00,2026-09-03T16:17:22Z
2026-09-04|stuttgart|vs|fc-koln,Bundesliga,2026-09-04,21:30 - Fri 04 Sep,Stuttgart,FC Koln,sportsgambler,over_under,Under,Under,,,,Stuttgart Asian Hcp -1.25 @ 2.00,2026-09-03T16:17:22Z
2026-09-04|genoa|vs|como,Serie A,2026-09-04,21:45 - Fri 04 Sep,Genoa,Como,sportsgambler,correct_score,0 - 1,0 - 1,,,,Como To Win @ 1.85,2026-09-03T16:17:22Z
2026-09-04|genoa|vs|como,Serie A,2026-09-04,21:45 - Fri 04 Sep,Genoa,Como,sportsgambler,1x2,2,2,,,,Como To Win @ 1.85,2026-09-03T16:17:22Z
2026-09-04|genoa|vs|como,Serie A,2026-09-04,21:45 - Fri 04 Sep,Genoa,Como,sportsgambler,btts,No,No,,,,Como To Win @ 1.85,2026-09-03T16:17:22Z
2026-09-04|genoa|vs|como,Serie A,2026-09-04,21:45 - Fri 04 Sep,Genoa,Como,sportsgambler,over_under,Under,Under,,,,Como To Win @ 1.85,2026-09-03T16:17:22Z
2026-09-03|toulouse|vs|lille,Ligue 1,2026-09-03,21:45 - Thu 03 Sep,Toulouse,Lille,sportsgambler,correct_score,1 - 1,1 - 1,,,,Under 2.5 Goals @ 1.76,2026-09-03T16:17:22Z
2026-09-03|toulouse|vs|lille,Ligue 1,2026-09-03,21:45 - Thu 03 Sep,Toulouse,Lille,sportsgambler,1x2,X,X,,,,Under 2.5 Goals @ 1.76,2026-09-03T16:17:22Z
2026-09-03|toulouse|vs|lille,Ligue 1,2026-09-03,21:45 - Thu 03 Sep,Toulouse,Lille,sportsgambler,btts,Yes,Yes,,,,Under 2.5 Goals @ 1.76,2026-09-03T16:17:22Z
2026-09-03|toulouse|vs|lille,Ligue 1,2026-09-03,21:45 - Thu 03 Sep,Toulouse,Lille,sportsgambler,over_under,Under,Under,,,,Under 2.5 Goals @ 1.76,2026-09-03T16:17:22Z
2026-09-04|lyon|vs|auxerre,Ligue 1,2026-09-04,20:00 - Fri 04 Sep,Lyon,Auxerre,sportsgambler,correct_score,2 - 1,2 - 1,,,,Both Teams To Score - Yes @ 1.78,2026-09-03T16:17:22Z
2026-09-04|lyon|vs|auxerre,Ligue 1,2026-09-04,20:00 - Fri 04 Sep,Lyon,Auxerre,sportsgambler,1x2,1,1,,,,Both Teams To Score - Yes @ 1.78,2026-09-03T16:17:22Z
2026-09-04|lyon|vs|auxerre,Ligue 1,2026-09-04,20:00 - Fri 04 Sep,Lyon,Auxerre,sportsgambler,btts,Yes,Yes,,,,Both Teams To Score - Yes @ 1.78,2026-09-03T16:17:22Z
2026-09-04|lyon|vs|auxerre,Ligue 1,2026-09-04,20:00 - Fri 04 Sep,Lyon,Auxerre,sportsgambler,over_under,Over,Over,,,,Both Teams To Score - Yes @ 1.78,2026-09-03T16:17:22Z
2026-09-04|psg|vs|monaco,Ligue 1,2026-09-04,22:05 - Fri 04 Sep,PSG,Monaco,sportsgambler,correct_score,2 - 1,2 - 1,,,,Both Teams To Score - Yes @ 1.58,2026-09-03T16:17:22Z
2026-09-04|psg|vs|monaco,Ligue 1,2026-09-04,22:05 - Fri 04 Sep,PSG,Monaco,sportsgambler,1x2,1,1,,,,Both Teams To Score - Yes @ 1.58,2026-09-03T16:17:22Z
2026-09-04|psg|vs|monaco,Ligue 1,2026-09-04,22:05 - Fri 04 Sep,PSG,Monaco,sportsgambler,btts,Yes,Yes,,,,Both Teams To Score - Yes @ 1.58,2026-09-03T16:17:22Z
2026-09-04|psg|vs|monaco,Ligue 1,2026-09-04,22:05 - Fri 04 Sep,PSG,Monaco,sportsgambler,over_under,Over,Over,,,,Both Teams To Score - Yes @ 1.58,2026-09-03T16:17:22Z
2026-09-04|sparta-rotterdam|vs|pec-zwolle,Eredivisie,2026-09-04,21:00 - Fri 04 Sep,Sparta Rotterdam,PEC Zwolle,sportsgambler,correct_score,2 - 0,2 - 0,,,,Sparta To Win @ 1.78,2026-09-03T16:17:22Z
2026-09-04|sparta-rotterdam|vs|pec-zwolle,Eredivisie,2026-09-04,21:00 - Fri 04 Sep,Sparta Rotterdam,PEC Zwolle,sportsgambler,1x2,1,1,,,,Sparta To Win @ 1.78,2026-09-03T16:17:22Z
2026-09-04|sparta-rotterdam|vs|pec-zwolle,Eredivisie,2026-09-04,21:00 - Fri 04 Sep,Sparta Rotterdam,PEC Zwolle,sportsgambler,btts,No,No,,,,Sparta To Win @ 1.78,2026-09-03T16:17:22Z
2026-09-04|sparta-rotterdam|vs|pec-zwolle,Eredivisie,2026-09-04,21:00 - Fri 04 Sep,Sparta Rotterdam,PEC Zwolle,sportsgambler,over_under,Under,Under,,,,Sparta To Win @ 1.78,2026-09-03T16:17:22Z
2026-09-04|porto|vs|moreirense-fc,Liga Portugal,2026-09-04,22:15 - Fri 04 Sep,Porto,Moreirense,sportsgambler,correct_score,4 - 0,4 - 0,,,,Porto Asian Hcp -2.25 @ 1.88,2026-09-03T16:17:22Z
2026-09-04|porto|vs|moreirense-fc,Liga Portugal,2026-09-04,22:15 - Fri 04 Sep,Porto,Moreirense,sportsgambler,1x2,1,1,,,,Porto Asian Hcp -2.25 @ 1.88,2026-09-03T16:17:22Z
2026-09-04|porto|vs|moreirense-fc,Liga Portugal,2026-09-04,22:15 - Fri 04 Sep,Porto,Moreirense,sportsgambler,btts,No,No,,,,Porto Asian Hcp -2.25 @ 1.88,2026-09-03T16:17:22Z
2026-09-04|porto|vs|moreirense-fc,Liga Portugal,2026-09-04,22:15 - Fri 04 Sep,Porto,Moreirense,sportsgambler,over_under,Over,Over,,,,Porto Asian Hcp -2.25 @ 1.88,2026-09-03T16:17:22Z
2026-08-22|nottingham-forest|vs|leeds-united,Premier League,2026-08-22,17:00,Nottingham Forest,Leeds,sportytrader,btts,Yes,Yes,,,,BTTS @ 1.75,2026-08-22T03:41:49Z
2026-08-22|everton|vs|crystal-palace,Premier League,2026-08-22,17:00,Everton,Crystal Palace,sportytrader,btts,Yes,Yes,,,,BTTS @ 1.75,2026-08-22T03:41:49Z
2026-08-22|ipswich|vs|sunderland,Premier League,2026-08-22,17:00,Ipswich Town,Sunderland,sportytrader,btts,Yes,Yes,,,,BTTS @ 1.8,2026-08-22T03:41:49Z
2026-08-22|brentford|vs|tottenham,Premier League,2026-08-22,19:30,Brentford,Tottenham,sportytrader,btts,Yes,Yes,,,,BTTS @ 1.57,2026-08-22T03:41:49Z
2026-08-22|fortuna-sittard|vs|az-alkmaar,Eredivisie,2026-08-22,17:30,Fortuna Sittard,AZ Alkmaar,sportytrader,btts,Yes,Yes,,,,BTTS @ 1.53,2026-08-22T03:41:49Z
2026-08-22|mar-timo|vs|acad-mico-viseu,Liga Portugal,2026-08-22,17:30,Maritimo,Academico De Viseu FC,sportytrader,1x2,1,1,,,,Maritimo wins @ 2.05,2026-08-22T03:41:49Z
2026-08-22|lens|vs|auxerre,Ligue 1,2026-08-22,18:15,Lens,Auxerre,sportytrader,1x2,1,1,,,,Lens wins @ 1.49,2026-08-22T03:41:49Z
2026-08-22|inter|vs|monza,Serie A,2026-08-22,19:30,Inter Milan,Monza,sportytrader,1x2,1,1,,,,Inter Milan to win and BTTS @ 3.25,2026-08-22T03:41:49Z
2026-08-22|inter|vs|monza,Serie A,2026-08-22,19:30,Inter Milan,Monza,sportytrader,btts,Yes,Yes,,,,Inter Milan to win and BTTS @ 3.25,2026-08-22T03:41:49Z
2026-08-22|udinese|vs|como,Serie A,2026-08-22,19:30,Udinese,Como 1907,sportytrader,over_under,Under,Under,,,,Under 2.5 goals @ 1.7,2026-08-22T03:41:49Z
2026-08-22|sparta-rotterdam|vs|utrecht,Eredivisie,2026-08-22,19:45,Sparta Rotterdam,Utrecht,sportytrader,btts,Yes,Yes,,,,BTTS @ 1.57,2026-08-22T03:41:49Z
2026-08-22|gd-estoril|vs|rio-ave,Liga Portugal,2026-08-22,20:00,Estoril,Rio Ave,sportytrader,btts,No,No,,,,BTTS: No @ 2.05,2026-08-22T03:41:49Z
2026-08-22|genoa|vs|napoli,Serie A,2026-08-22,21:45,Genoa,Napoli,sportytrader,1x2,2,2,,,,Napoli to win & BTTS @ 4.75,2026-08-22T03:41:49Z
2026-08-22|genoa|vs|napoli,Serie A,2026-08-22,21:45,Genoa,Napoli,sportytrader,btts,Yes,Yes,,,,Napoli to win & BTTS @ 4.75,2026-08-22T03:41:49Z
2026-08-22|parma|vs|cagliari,Serie A,2026-08-22,21:45,Parma,Cagliari,sportytrader,1x2,X,X,,,,Draw @ 3,2026-08-22T03:41:49Z
2026-08-22|le-mans|vs|brest,Ligue 1,2026-08-22,21:45,Le Mans FC,Brest,sportytrader,over_under,Under,Under,,,,Under 2.5 goals @ 1.91,2026-08-22T03:41:49Z
2026-08-22|nice|vs|lorient,Ligue 1,2026-08-22,21:45,Nice,Lorient,sportytrader,1x2,X,X,,,,Draw @ 3.5,2026-08-22T03:41:49Z
2026-08-22|toulouse|vs|lyon,Ligue 1,2026-08-22,21:45,Toulouse,Lyon,sportytrader,1x2,1,1,,,,Toulouse wins @ 2.63,2026-08-22T03:41:49Z
2026-08-22|troyes|vs|paris-fc,Ligue 1,2026-08-22,21:45,Troyes,Paris FC,sportytrader,1x2,2,2,,,,Paris FC wins @ 2.2,2026-08-22T03:41:49Z
2026-08-22|heerenveen|vs|pec-zwolle,Eredivisie,2026-08-22,22:00,Heerenveen,Zwolle,sportytrader,1x2,1,1,,,,Heerenveen wins @ 1.57,2026-08-22T03:41:49Z
2026-08-23|brighton|vs|aston-villa,Premier League,2026-08-23,16:00,Brighton,Aston Villa,sportytrader,over_under,Over,Over,,,,Over 2.5 goals @ 1.73,2026-08-23T05:28:04Z
2026-08-23|manchester-city|vs|bournemouth,Premier League,2026-08-23,16:00,Manchester City,Bournemouth,sportytrader,1x2,1,1,,,,Manchester City wins and BTTS @ 2.6,2026-08-23T05:28:04Z
2026-08-23|manchester-city|vs|bournemouth,Premier League,2026-08-23,16:00,Manchester City,Bournemouth,sportytrader,btts,Yes,Yes,,,,Manchester City wins and BTTS @ 2.6,2026-08-23T05:28:04Z
2026-08-23|newcastle|vs|liverpool,Premier League,2026-08-23,18:30,Newcastle,Liverpool,sportytrader,btts,Yes,Yes,,,,BTTS @ 1.48,2026-08-23T05:28:04Z
2026-08-23|go-ahead-eagles|vs|ado-den-haag,Eredivisie,2026-08-23,13:15,Go Ahead Eagles,ADO The Hague,sportytrader,1x2,1,1,,,,Go Ahead Eagles wins @ 1.73,2026-08-23T05:28:04Z
2026-08-23|psv-eindhoven|vs|groningen,Eredivisie,2026-08-23,15:30,PSV Eindhoven,Groningen,sportytrader,btts,Yes,Yes,,,,BTTS @ 1.48,2026-08-23T05:28:04Z
2026-08-23|vit-ria|vs|nacional-madeira,Liga Portugal,2026-08-23,17:30,Vitoria SC Guimaraes,Nacional Madeira,sportytrader,btts,Yes,Yes,,,,BTTS @ 1.85,2026-08-23T05:28:04Z
2026-08-23|cambuur|vs|feyenoord,Eredivisie,2026-08-23,17:45,Cambuur,Feyenoord,sportytrader,1x2,2,2,,,,Feyenoord wins & over 2.5 goals @ 1.57,2026-08-23T05:28:04Z
2026-08-23|cambuur|vs|feyenoord,Eredivisie,2026-08-23,17:45,Cambuur,Feyenoord,sportytrader,over_under,Over,Over,,,,Feyenoord wins & over 2.5 goals @ 1.57,2026-08-23T05:28:04Z
2026-08-23|atl-tico-madrid|vs|villarreal,LaLiga,2026-08-23,18:00,Atletico Madrid,Villarreal,sportytrader,1x2,1,1,,,,Atletico Madrid wins @ 1.85,2026-08-23T05:28:04Z
2026-08-23|le-havre|vs|monaco,Ligue 1,2026-08-23,18:15,Le Havre,Monaco,sportytrader,1x2,2,2,,,,Monaco wins & BTTS @ 3.25,2026-08-23T05:28:04Z
2026-08-23|le-havre|vs|monaco,Ligue 1,2026-08-23,18:15,Le Havre,Monaco,sportytrader,btts,Yes,Yes,,,,Monaco wins & BTTS @ 3.25,2026-08-23T05:28:04Z
2026-08-23|venezia|vs|lecce,Serie A,2026-08-23,19:30,Venezia,Lecce,sportytrader,1x2,2,2,,,,Lecce wins @ 4.1,2026-08-23T05:28:04Z
2026-08-23|santa-clara|vs|fc-famalic-o,Liga Portugal,2026-08-23,20:00,Santa Clara,Famalicao,sportytrader,btts,Yes,Yes,,,,BTTS @ 2.1,2026-08-23T05:28:04Z
2026-08-23|getafe|vs|racing-santander,LaLiga,2026-08-23,20:30,Getafe,Racing Santander,sportytrader,1x2,1,1,,,,Getafe wins @ 2.2,2026-08-23T05:28:04Z
2026-08-23|atalanta|vs|sassuolo,Serie A,2026-08-23,21:45,Atalanta,Sassuolo,sportytrader,1x2,1,1,,,,Atalanta wins @ 1.53,2026-08-23T05:28:04Z
2026-08-23|torino|vs|milan,Serie A,2026-08-23,21:45,Torino FC,AC Milan,sportytrader,over_under,Over,Over,,,,Milan to win and over 2.5 goals @ 2.75,2026-08-23T05:28:04Z
2026-08-23|elche|vs|barcelona,LaLiga,2026-08-23,22:30,Elche,Barcelona,sportytrader,1x2,2,2,,,,Barcelona to win & BTTS @ 2.62,2026-08-23T05:28:04Z
2026-08-23|elche|vs|barcelona,LaLiga,2026-08-23,22:30,Elche,Barcelona,sportytrader,btts,Yes,Yes,,,,Barcelona to win & BTTS @ 2.62,2026-08-23T05:28:04Z
2026-08-24|fulham|vs|chelsea,Premier League,2026-08-24,22:00,Fulham,Chelsea,sportytrader,btts,Yes,Yes,,,,BTTS @ 1.62,2026-08-24T06:47:35Z
2026-08-24|bologna|vs|lazio,Serie A,2026-08-24,19:30,Bologna,Lazio,sportytrader,over_under,Under,Under,,,,Under 2.5 goals @ 1.65,2026-08-24T06:47:35Z
2026-08-24|osasuna|vs|levante,LaLiga,2026-08-24,20:30,Osasuna,Levante,sportytrader,over_under,Over,Over,,,,Over 2.5 goals @ 1.95,2026-08-24T06:47:35Z
2026-08-24|roma|vs|fiorentina,Serie A,2026-08-24,21:45,Roma,Fiorentina,sportytrader,1x2,1,1,,,,Roma wins @ 1.67,2026-08-24T06:47:35Z
2026-08-24|gil-vicente|vs|casa-pia-ac,Liga Portugal,2026-08-24,22:15,Gil Vicente,Casa Pia Lisbon,sportytrader,1x2,1,1,,,,Gil Vicente wins @ 1.66,2026-08-24T06:47:35Z
2026-08-24|m-laga-cf|vs|deportivo-la-coru-a,LaLiga,2026-08-24,22:30,Málaga,La Coruna,sportytrader,over_under,Over,Over,,,,Malaga to win and over 2.5 goals @ 4.75,2026-08-24T06:47:35Z
2026-08-25|valencia|vs|real-betis,LaLiga,2026-08-25,22:00,Valencia,Betis,sportytrader,1x2,X,X,,,,Draw @ 3.2,2026-08-25T09:48:35Z
2026-08-28|alav-s|vs|villarreal,LaLiga,2026-08-28,22:30,Alavés,Villarreal,sportytrader,btts,Yes,Yes,,,,BTTS @ 1.67,2026-08-28T19:23:23Z
2026-08-29|liverpool|vs|nottingham-forest,Premier League,2026-08-29,14:30,Liverpool,Nottingham Forest,sportytrader,1x2,1,1,,,,Liverpool wins @ 1.5,2026-08-29T03:22:06Z
2026-08-29|coventry|vs|hull,Premier League,2026-08-29,17:00,Coventry City,Hull,sportytrader,over_under,Under,Under,,,,Under 2.5 goals @ 1.91,2026-08-29T03:22:06Z
2026-08-29|tottenham|vs|newcastle,Premier League,2026-08-29,19:30,Tottenham,Newcastle,sportytrader,btts,Yes,Yes,,,,BTTS @ 1.57,2026-08-29T03:22:06Z
2026-08-29|rb-leipzig|vs|borussia-m-gladbach,Bundesliga,2026-08-29,16:30,Leipzig,Mönchengladbach,sportytrader,over_under,Under,Under,,,,Under 3.5 goals @ 1.67,2026-08-29T03:22:06Z
2026-08-29|mainz-05|vs|paderborn,Bundesliga,2026-08-29,16:30,1 Fsv Mainz 05,Paderborn,sportytrader,1x2,1,1,,,,1 Fsv Mainz 05 wins @ 1.57,2026-08-29T03:22:06Z
2026-08-29|union-berlin|vs|eintracht-frankfurt,Bundesliga,2026-08-29,16:30,Union Berlin,Eintracht Frankfurt,sportytrader,btts,Yes,Yes,,,,BTTS @ 1.5,2026-08-29T03:22:06Z
2026-08-29|fc-koln|vs|hoffenheim,Bundesliga,2026-08-29,16:30,Köln,Hoffenheim,sportytrader,over_under,Over,Over,,,,Over 2.5 goals @ 1.5,2026-08-29T03:22:06Z
2026-08-29|elversberg|vs|bayer-leverkusen,Bundesliga,2026-08-29,16:30,Spvgg Elversberg,Bayer Leverkusen,sportytrader,1x2,2,2,,,,Bayer Leverkusen Wins and BTTS @ 2.75,2026-08-29T03:22:06Z
2026-08-29|elversberg|vs|bayer-leverkusen,Bundesliga,2026-08-29,16:30,Spvgg Elversberg,Bayer Leverkusen,sportytrader,btts,Yes,Yes,,,,Bayer Leverkusen Wins and BTTS @ 2.75,2026-08-29T03:22:06Z
2026-08-29|fc-arouca|vs|mar-timo,Liga Portugal,2026-08-29,17:30,Arouca,Maritimo,sportytrader,btts,Yes,Yes,,,,BTTS @ 1.8,2026-08-29T03:22:06Z
2026-08-29|levante|vs|real-betis,LaLiga,2026-08-29,18:00,Levante,Betis,sportytrader,1x2,2,2,,,,Betis wins @ 2.15,2026-08-29T03:22:06Z
2026-08-29|strasbourg|vs|lens,Ligue 1,2026-08-29,18:15,Strasbourg,Lens,sportytrader,1x2,2,2,,,,Lens wins or draws and over 1.5 goals @ 1.63,2026-08-29T03:22:06Z
2026-08-29|strasbourg|vs|lens,Ligue 1,2026-08-29,18:15,Strasbourg,Lens,sportytrader,over_under,Over,Over,,,,Lens wins or draws and over 1.5 goals @ 1.63,2026-08-29T03:22:06Z
2026-08-29|borussia-dortmund|vs|hamburger-sv,Bundesliga,2026-08-29,19:30,Borussia Dortmund,Hamburg,sportytrader,btts,Yes,Yes,,,,BTTS @ 1.8,2026-08-29T03:22:06Z
2026-08-29|fiorentina|vs|frosinone,Serie A,2026-08-29,19:30,Fiorentina,Frosinone,sportytrader,1x2,X,X,,,,Draw @ 4,2026-08-29T03:22:06Z
2026-08-29|monza|vs|udinese,Serie A,2026-08-29,19:30,Monza,Udinese,sportytrader,over_under,Over,Over,,,,BTTS & over 2.5 goals @ 2.6,2026-08-29T03:22:06Z
2026-08-29|acad-mico-viseu|vs|porto,Liga Portugal,2026-08-29,20:00,Academico De Viseu FC,Porto,sportytrader,btts,No,No,,,,BTTS: No @ 1.67,2026-08-29T03:22:06Z
2026-08-29|real-sociedad|vs|espanyol,LaLiga,2026-08-29,20:00,Real Sociedad,Espanyol,sportytrader,1x2,X,X,,,,Draw @ 3.6,2026-08-29T03:22:06Z
2026-08-30|chelsea|vs|brighton,Premier League,2026-08-30,16:00,Chelsea,Brighton,sportytrader,over_under,Over,Over,,,,Over 2.5 goals @ 1.62,2026-08-30T04:30:45Z
2026-08-30|manchester-united|vs|ipswich,Premier League,2026-08-30,18:30,Manchester United,Ipswich Town,sportytrader,1x2,1,1,,,,Manchester United wins @ 1.4,2026-08-30T04:30:45Z
2026-08-30|napoli|vs|como,Serie A,2026-08-30,19:30,Napoli,Como 1907,sportytrader,over_under,Under,Under,,,,Under 2.5 goals @ 1.8,2026-08-30T04:30:45Z
2026-08-30|utrecht|vs|psv-eindhoven,Eredivisie,2026-08-30,13:15,Utrecht,PSV Eindhoven,sportytrader,1x2,2,2,,,,PSV Eindhoven wins @ 1.53,2026-08-30T04:30:45Z
2026-08-30|feyenoord|vs|ado-den-haag,Eredivisie,2026-08-30,15:30,Feyenoord,ADO The Hague,sportytrader,1x2,1,1,,,,Feyenoord wins & over 2.5 goals @ 1.58,2026-08-30T04:30:45Z
2026-08-30|feyenoord|vs|ado-den-haag,Eredivisie,2026-08-30,15:30,Feyenoord,ADO The Hague,sportytrader,over_under,Over,Over,,,,Feyenoord wins & over 2.5 goals @ 1.58,2026-08-30T04:30:45Z
2026-08-30|paris-fc|vs|nice,Ligue 1,2026-08-30,16:00,Paris FC,Nice,sportytrader,1x2,1,1,,,,Paris FC to win & under 2.5 goals @ 4.5,2026-08-30T04:30:45Z
2026-08-30|paris-fc|vs|nice,Ligue 1,2026-08-30,16:00,Paris FC,Nice,sportytrader,over_under,Under,Under,,,,Paris FC to win & under 2.5 goals @ 4.5,2026-08-30T04:30:45Z
2026-08-30|freiburg|vs|werder-bremen,Bundesliga,2026-08-30,16:30,Freiburg,Werder Bremen,sportytrader,1x2,1,1,,,,Freiburg wins @ 1.91,2026-08-30T04:30:45Z
2026-08-30|nacional-madeira|vs|estrela-amadora,Liga Portugal,2026-08-30,17:30,Nacional Madeira,Estrela Amadora,sportytrader,over_under,Under,Under,,,,Under 2.5 goals @ 1.85,2026-08-30T04:30:45Z
2026-08-30|sc-telstar|vs|ajax,Eredivisie,2026-08-30,17:45,Telstar,Ajax,sportytrader,1x2,2,2,,,,Ajax wins @ 1.5,2026-08-30T04:30:45Z
2026-08-30|real-madrid|vs|m-laga-cf,LaLiga,2026-08-30,18:00,Real Madrid,Málaga,sportytrader,1x2,1,1,,,,Real Madrid to win and over 2.5 goals @ 1.9,2026-08-30T04:30:45Z
2026-08-30|real-madrid|vs|m-laga-cf,LaLiga,2026-08-30,18:00,Real Madrid,Málaga,sportytrader,over_under,Over,Over,,,,Real Madrid to win and over 2.5 goals @ 1.9,2026-08-30T04:30:45Z
2026-08-30|rennes|vs|le-mans,Ligue 1,2026-08-30,18:15,Rennes,Le Mans FC,sportytrader,btts,Yes,Yes,,,,BTTS @ 1.75,2026-08-30T04:30:45Z
2026-08-30|augsburg|vs|schalke-04,Bundesliga,2026-08-30,18:30,Augsburg,Schalke 04,sportytrader,1x2,1,1,,,,Augsburg wins @ 2.2,2026-08-30T04:30:45Z
2026-08-30|casa-pia-ac|vs|moreirense-fc,Liga Portugal,2026-08-30,20:00,Casa Pia Lisbon,Moreirense,sportytrader,over_under,Under,Under,,,,Under 2.5 goals @ 2,2026-08-30T04:30:45Z
2026-08-30|deportivo-la-coru-a|vs|valencia,LaLiga,2026-08-30,20:30,La Coruna,Valencia,sportytrader,1x2,2,2,,,,Valencia wins @ 3,2026-08-30T04:30:45Z
2026-08-30|monaco|vs|olympique-marseille,Ligue 1,2026-08-30,21:45,Monaco,Marseille,sportytrader,1x2,1,1,,,,Monaco wins @ 2.4,2026-08-30T04:30:45Z
2026-08-30|cagliari|vs|inter,Serie A,2026-08-30,21:45,Cagliari,Inter Milan,sportytrader,1x2,2,2,,,,Inter Milan to win & over 2.5 goals @ 2.25,2026-08-30T04:30:45Z
2026-08-30|cagliari|vs|inter,Serie A,2026-08-30,21:45,Cagliari,Inter Milan,sportytrader,over_under,Over,Over,,,,Inter Milan to win & over 2.5 goals @ 2.25,2026-08-30T04:30:45Z
2026-08-30|fc-famalic-o|vs|gil-vicente,Liga Portugal,2026-08-30,22:30,Famalicao,Gil Vicente,sportytrader,btts,No,No,,,,BTTS: No @ 1.8,2026-08-30T04:30:45Z
2026-08-30|celta-vigo|vs|athletic-bilbao,LaLiga,2026-08-30,22:30,Celta Vigo,Athletic Bilbao,sportytrader,1x2,1,1,,,,Celta Vigo to win & BTTS @ 5,2026-08-30T04:30:45Z
2026-08-30|celta-vigo|vs|athletic-bilbao,LaLiga,2026-08-30,22:30,Celta Vigo,Athletic Bilbao,sportytrader,btts,Yes,Yes,,,,Celta Vigo to win & BTTS @ 5,2026-08-30T04:30:45Z
